Row #,Taxon Order,Category,Common Name,Scientific Name,Count,Location,S/P,Date,LocID,SubID,Exotic,Countable
1,32351,species,Yellow-bellied Siskin,Spinus xanthogastrus,1,Ecolodge La Minga (acceso restringido),CO-VAC,02 Nov 2024,L5573619,S202688327,,1
2,27390,species,Northern Chestnut-breasted Wren,Cyphorhinus dichrous,1,Ecolodge La Minga (acceso restringido),CO-VAC,02 Nov 2024,L5573619,S202688327,,1
3,14995,species,Montane Foliage-gleaner,Anabacerthia striaticollis,1,Ecolodge La Minga (acceso restringido),CO-VAC,02 Nov 2024,L5573619,S202688327,,1
4,17269,species,Sulphur-bellied Flycatcher,Myiodynastes luteiventris,1,Ecolodge La Minga (acceso restringido),CO-VAC,01 Nov 2024,L5573619,S202689210,,1
5,16085,species,Marble-faced Bristle-Tyrant,Pogonotriccus ophthalmicus,2,Ecolodge La Minga (acceso restringido),CO-VAC,01 Nov 2024,L5573619,S202690099,,1
6,35026,species,Rusty Flowerpiercer,Diglossa sittoides,1,Ecolodge La Minga (acceso restringido),CO-VAC,01 Nov 2024,L5573619,S202690145,,1
7,33193,species,Choco Brushfinch,Atlapetes crassus,2,Alto Anchicayá - El Descanso (Doña Dora),CO-VAC,31 Oct 2024,L4375590,S200990190,,1
8,32754,species,Black-headed Brushfinch,Arremon atricapillus,1,Alto Anchicayá - El Descanso (Doña Dora),CO-VAC,31 Oct 2024,L4375590,S200990190,,1
10,10725,species,Toucan Barbet,Semnornis ramphastinus,5,Alto Anchicayá - El Descanso (Doña Dora),CO-VAC,31 Oct 2024,L4375590,S200990190,,1
11,10680,species,Spot-crowned Barbet,Capito maculicoronatus,2,Alto Anchicayá - El Descanso (Doña Dora),CO-VAC,31 Oct 2024,L4375590,S200990190,,1
12,4634,species,Rufous-gaped Hillstar,Urochroa bougueri,1,Alto Anchicayá - El Descanso (Doña Dora),CO-VAC,31 Oct 2024,L4375590,S200990190,,1
13,4559,species,Bronzy Inca,Coeligena coeligena,1,Alto Anchicayá - El Descanso (Doña Dora),CO-VAC,31 Oct 2024,L4375590,S200990190,,1
14,4383,species,Green Thorntail,Discosura conversii,8,Alto Anchicayá - El Descanso (Doña Dora),CO-VAC,31 Oct 2024,L4375590,S200990190,,1
15,4204,species,White-whiskered Hermit,Phaethornis yaruqui,1,Alto Anchicayá - El Descanso (Doña Dora),CO-VAC,31 Oct 2024,L4375590,S200990190,,1
16,34388,species,Oleaginous Hemispingus,Sphenopsis frontalis,3,Ecolodge La Minga (acceso restringido),CO-VAC,31 Oct 2024,L5573619,S200994557,,1
17,32575,species,Ashy-throated Chlorospingus,Chlorospingus canigularis,2,Ecolodge La Minga (acceso restringido),CO-VAC,31 Oct 2024,L5573619,S200994557,,1
18,18878,species,Black-billed Peppershrike,Cyclarhis nigrirostris,1,Ecolodge La Minga (acceso restringido),CO-VAC,31 Oct 2024,L5573619,S200994557,,1
20,16038,species,Streak-necked Flycatcher,Mionectes striaticollis,1,Ecolodge La Minga (acceso restringido),CO-VAC,31 Oct 2024,L5573619,S200994557,,1
21,15686,species,Green-and-black Fruiteater,Pipreola riefferii,2,Ecolodge La Minga (acceso restringido),CO-VAC,31 Oct 2024,L5573619,S200994557,,1
22,13455,species,Uniform Antshrike,Thamnophilus unicolor,3,Ecolodge La Minga (acceso restringido),CO-VAC,31 Oct 2024,L5573619,S200994557,,1
23,13065,species,Scarlet-fronted Parakeet,Psittacara wagleri,7,Ecolodge La Minga (acceso restringido),CO-VAC,31 Oct 2024,L5573619,S200994557,,1
24,1127,species,Chestnut Wood-Quail,Odontophorus hyperythrus,4,Ecolodge La Minga (acceso restringido),CO-VAC,31 Oct 2024,L5573619,S200994557,,1
25,35500,species,Black-winged Saltator,Saltator atripennis,2,Ecolodge La Minga (acceso restringido),CO-VAC,30 Oct 2024,L5573619,S201033019,,1
26,26995,species,Mountain Wren,Troglodytes solstitialis,1,Ecolodge La Minga (acceso restringido),CO-VAC,30 Oct 2024,L5573619,S201033019,,1
27,16745,species,Western Wood-Pewee,Contopus sordidulus,1,Ecolodge La Minga (acceso restringido),CO-VAC,30 Oct 2024,L5573619,S201033019,,1
28,16091,species,Variegated Bristle-Tyrant,Pogonotriccus poecilotis,1,Ecolodge La Minga (acceso restringido),CO-VAC,30 Oct 2024,L5573619,S201033019,,1
29,14832,species,Streaked Xenops,Xenops rutilans,2,Ecolodge La Minga (acceso restringido),CO-VAC,30 Oct 2024,L5573619,S201033019,,1
30,34814,species,Saffron-crowned Tanager,Tangara xanthocephala,2,Ecolodge La Minga (acceso restringido),CO-VAC,30 Oct 2024,L5573619,S201030146,,1
31,34732,species,Scrub Tanager,Stilpnia vitriolina,1,Ecolodge La Minga (acceso restringido),CO-VAC,30 Oct 2024,L5573619,S201030146,,1
32,34643,species,Multicolored Tanager,Chlorochrysa nitidissima,4,Ecolodge La Minga (acceso restringido),CO-VAC,30 Oct 2024,L5573619,S201030146,,1
33,21005,species,Green Jay,Cyanocorax yncas,5,Ecolodge La Minga (acceso restringido),CO-VAC,30 Oct 2024,L5573619,S201030146,,1
34,4288,species,White-throated Daggerbill,Schistes albogularis,2,Ecolodge La Minga (acceso restringido),CO-VAC,30 Oct 2024,L5573619,S201030146,,1
35,4210,species,Tawny-bellied Hermit,Phaethornis syrmatophorus,1,Ecolodge La Minga (acceso restringido),CO-VAC,30 Oct 2024,L5573619,S201030146,,1
36,31706,species,Golden-rumped Euphonia,Chlorophonia cyanocephala,1,Finca La Conchita,CO-VAC,27 Oct 2024,L7021716,S201027815,,1
37,5102,species,Blue-headed Sapphire,Chrysuronia grayi,1,Finca La Conchita,CO-VAC,27 Oct 2024,L7021716,S201027815,,1
38,5018,species,Steely-vented Hummingbird,Saucerottia saucerottei,2,Finca La Conchita,CO-VAC,27 Oct 2024,L7021716,S201027815,,1
39,4909,species,White-vented Plumeleteer,Chalybura buffonii,2,Finca La Conchita,CO-VAC,27 Oct 2024,L7021716,S201027815,,1
40,4857,species,Western Emerald,Chlorostilbon melanorhynchus,1,Finca La Conchita,CO-VAC,27 Oct 2024,L7021716,S201027815,,1
41,4416,species,Long-tailed Sylph,Aglaiocercus kingii,1,Finca La Conchita,CO-VAC,27 Oct 2024,L7021716,S201027815,,1
42,914,species,Sickle-winged Guan,Chamaepetes goudotii,1,Finca La Conchita,CO-VAC,27 Oct 2024,L7021716,S201027815,,1
43,846,species,Colombian Chachalaca,Ortalis columbiana,2,Finca La Conchita,CO-VAC,27 Oct 2024,L7021716,S201027815,,1
44,34760,species,Metallic-green Tanager,Tangara labradorides,1,Bosque de San Antonio (Cerro de la Horqueta),CO-VAC,27 Oct 2024,L465406,S201025190,,1
45,28373,species,Black-billed Thrush,Turdus ignobilis,1,Bosque de San Antonio (Cerro de la Horqueta),CO-VAC,27 Oct 2024,L465406,S201025190,,1
46,16639,species,Golden-faced Tyrannulet,Zimmerius chrysops,1,Bosque de San Antonio (Cerro de la Horqueta),CO-VAC,27 Oct 2024,L465406,S201025190,,1
47,9778,species,Andean Motmot,Momotus aequatorialis,1,Bosque de San Antonio (Cerro de la Horqueta),CO-VAC,27 Oct 2024,L465406,S201025190,,1
48,13018,species,Chestnut-fronted Macaw,Ara severus,10,"Carrera 1, Cali CO-Valle del Cauca (3.4512,-76.5372)",CO-VAC,23 Oct 2024,L37561589,S200061869,,1
49,33468,species,Yellow Oriole,Icterus nigrogularis,1,Centro de Eventos Valle del Pacifico,CO-VAC,23 Oct 2024,L37561572,S200061809,,1
50,11975,species,Aplomado Falcon,Falco femoralis,1,Centro de Eventos Valle del Pacifico,CO-VAC,22 Oct 2024,L37561572,S200061894,,1
51,7399,species,Buff-necked Ibis,Theristicus caudatus,2,Aeropuerto Internacional Alfonso Bonilla Aragón,CO-VAC,22 Oct 2024,L5587970,S200061938,,1
52,21297,species,House Crow,Corvus splendens,2,Cape Town--Road Lodge at Airport,ZA-WC,08 Aug 2024,L20612264,S190629332,N,1
53,22235,species,Karoo Lark,Calendulauda albescens,8,R355--R356 turnoff to Eierkop,ZA-WC,07 Aug 2024,L2609438,S190585440,,1
54,22138,species,Cape Long-billed Lark,Certhilauda curvirostris,2,De Hoop Nature Reserve,ZA-WC,06 Aug 2024,L941566,S190579368,,1
55,10870,species,Lesser Honeyguide,Indicator minor,2,De Hoop Nature Reserve--Lakeside Walking Trail,ZA-WC,06 Aug 2024,L4150022,S190410295,,1
56,11617,species,Knysna Woodpecker,Campethera notata,1,De Hoop Nature Reserve--Campground,ZA-WC,05 Aug 2024,L4150023,S190467156,,1
58,2886,species,Denham's Bustard,Neotis denhami,1,"Auto selected -34.42224, 20.22917",ZA-WC,05 Aug 2024,L35524773,S190409908,,1
59,23272,species,Piping Cisticola,Cisticola fulvicapilla,4,Rooi-Els,ZA-WC,04 Aug 2024,L930832,S190227989,,1
60,22672,species,Cape Grassbird,Sphenoeacus afer,10,"34 Jan Smuts Drive, Simon's Town ZA-WC (-34.2001,18.4485)",ZA-WC,03 Aug 2024,L35438798,S190066500,,1
61,6894,species,Northern Royal Albatross,Diomedea sanfordi,1,"ZA (-34,358, 18,501)",ZA-WC,03 Aug 2024,L35437334,S190630158,,1
62,11618,species,Golden-tailed Woodpecker,Campethera abingoni,2,St. Lucia--Sunset Jetty,ZA-NL,01 Aug 2024,L9932685,S189822338,,1
63,30779,species,Black-and-white Mannikin,Spermestes bicolor,5,Monzi--Stay Lodge,ZA-NL,01 Aug 2024,L23137737,S189822105,,1
64,23243,species,Rufous-winged Cisticola,Cisticola galactotes,1,St Lucia--iGwalagwala Trail,ZA-NL,01 Aug 2024,L2903807,S189821911,,1
65,2972,species,Livingstone's Turaco,Tauraco livingstonii,3,St Lucia--iGwalagwala Trail,ZA-NL,01 Aug 2024,L2903807,S189821911,,1
66,30954,species,Green-backed Twinspot,Mandingoa nitidula,10,St Lucia--iMfolozi River mouth,ZA-NL,01 Aug 2024,L4209873,S189802510,,1
68,9994,species,Mangrove Kingfisher,Halcyon senegaloides,1,St Lucia--iMfolozi River mouth,ZA-NL,01 Aug 2024,L4209873,S189802510,,1
69,5606,species,African Finfoot,Podica senegalensis,1,St Lucia--iMfolozi River mouth,ZA-NL,01 Aug 2024,L4209873,S189802510,,1
70,7939,species,Long-crested Eagle,Lophaetus occipitalis,1,iSimangaliso WP--Eastern Shores,ZA-NL,31 Jul 2024,L2397400,S189702368,,1
71,7707,species,Pink-backed Pelican,Pelecanus rufescens,4,iSimangaliso WP--Eastern Shores,ZA-NL,31 Jul 2024,L2397400,S189702368,,1
72,3648,species,Swamp Nightjar,Caprimulgus natalensis,1,iSimangaliso WP--Eastern Shores,ZA-NL,31 Jul 2024,L2397400,S189702368,,1
73,29963,species,Olive Sunbird,Cyanomitra olivacea,1,St Lucia--iMfolozi River mouth,ZA-NL,31 Jul 2024,L4209873,S189699956,,1
74,19952,species,Olive Bushshrike,Chlorophoneus olivaceus,1,St Lucia--iGwalagwala Trail,ZA-NL,31 Jul 2024,L2903807,S189697626,,1
75,19621,species,Black-throated Wattle-eye,Platysteira peltata,1,St Lucia--iGwalagwala Trail,ZA-NL,31 Jul 2024,L2903807,S189697626,,1
76,30523,species,African Golden-Weaver,Ploceus subaureus,5,Monzi--Stay Lodge,ZA-NL,31 Jul 2024,L23137737,S189696533,,1
77,10461,species,White-eared Barbet,Stactolaema leucotis,3,Monzi--Stay Lodge,ZA-NL,31 Jul 2024,L23137737,S189696533,,1
78,3119,species,Green Malkoha,Ceuthmochares australis,1,Monzi--Stay Lodge,ZA-NL,31 Jul 2024,L23137737,S189696533,,1
79,30775,species,Bronze Mannikin,Spermestes cucullata,5,iSimangaliso WP--Grassland Loop,ZA-NL,30 Jul 2024,L7275127,S189549135,,1
80,23978,species,White-throated Swallow,Hirundo albigularis,10,iSimangaliso WP--Grassland Loop,ZA-NL,30 Jul 2024,L7275127,S189549135,,1
81,10007,species,Striped Kingfisher,Halcyon chelicuti,1,iSimangaliso WP--Grassland Loop,ZA-NL,30 Jul 2024,L7275127,S189549135,,1
82,439,species,African Pygmy-Goose,Nettapus auritus,8,iSimangaliso WP--Grassland Loop,ZA-NL,30 Jul 2024,L7275127,S189549135,,1
83,28963,species,Red-capped Robin-Chat,Cossypha natalensis,2,Monzi--Stay Lodge,ZA-NL,30 Jul 2024,L23137737,S189523109,,1
84,7763,species,Palm-nut Vulture,Gypohierax angolensis,1,Monzi--Stay Lodge,ZA-NL,30 Jul 2024,L23137737,S189523109,,1
85,29993,species,Scarlet-chested Sunbird,Chalcomitra senegalensis,2,Tembe Elephant Park,ZA-NL,30 Jul 2024,L1756570,S189504796,,1
87,28642,species,Ashy Flycatcher,Fraseria caerulescens,2,Tembe Elephant Park,ZA-NL,29 Jul 2024,L1756570,S189448557,,1
88,22871,species,Rudd's Apalis,Apalis ruddi,2,Tembe Elephant Park,ZA-NL,29 Jul 2024,L1756570,S189448557,,1
89,19699,species,Retz's Helmetshrike,Prionops retzii,6,Tembe Elephant Park,ZA-NL,29 Jul 2024,L1756570,S189448557,,1
90,22618,species,Eastern Nicator,Nicator gularis,1,Tembe Elephant Park,ZA-NL,29 Jul 2024,L1756570,S189447721,,1
91,30602,species,Dark-backed Weaver,Ploceus bicolor,2,Tembe Elephant Park,ZA-NL,29 Jul 2024,L1756570,S189446942,,1
92,31133,species,Pink-throated Twinspot,Hypargos margaritatus,2,Tembe Elephant Park,ZA-NL,29 Jul 2024,L1756570,S189446532,,1
93,22332,species,Rufous-naped Lark,Corypha africana,3,Tembe Elephant Park,ZA-NL,29 Jul 2024,L1756570,S189446532,,1
95,8020,species,Lizard Buzzard,Kaupifalco monogrammicus,1,Tembe Elephant Park,ZA-NL,29 Jul 2024,L1756570,S189446532,,1
96,28658,species,Southern Black-Flycatcher,Melaenornis pammelaina,1,Tembe Elephant Park,ZA-NL,28 Jul 2024,L1756570,S189309494,,1
97,27699,species,Black-bellied Starling,Notopholia corusca,30,Tembe Elephant Park,ZA-NL,28 Jul 2024,L1756570,S189309494,,1
98,23778,species,Black Sawwing,Psalidoprocne pristoptera,2,Tembe Elephant Park,ZA-NL,28 Jul 2024,L1756570,S189309494,,1
99,20186,species,Square-tailed Drongo,Dicrurus ludwigii,3,Tembe Elephant Park,ZA-NL,28 Jul 2024,L1756570,S189309494,,1
100,9602,species,Trumpeter Hornbill,Bycanistes bucinator,4,Tembe Elephant Park,ZA-NL,28 Jul 2024,L1756570,S189309494,,1
101,9556,species,Crowned Hornbill,Lophoceros alboterminatus,3,Tembe Elephant Park,ZA-NL,28 Jul 2024,L1756570,S189309494,,1
102,7903,species,Crowned Eagle,Stephanoaetus coronatus,1,Tembe Elephant Park,ZA-NL,28 Jul 2024,L1756570,S189309494,,1
103,5815,species,Wattled Lapwing,Vanellus senegallus,1,Tembe Elephant Park,ZA-NL,28 Jul 2024,L1756570,S189309494,,1
104,2943,species,Purple-crested Turaco,Gallirex porphyreolophus,4,Tembe Elephant Park,ZA-NL,28 Jul 2024,L1756570,S189309494,,1
105,2916,species,Black-bellied Bustard,Lissotis melanogaster,1,Tembe Elephant Park,ZA-NL,28 Jul 2024,L1756570,S189309494,,1
106,2117,species,Tambourine Dove,Turtur tympanistria,2,Tembe Elephant Park,ZA-NL,28 Jul 2024,L1756570,S189309494,,1
107,252,species,White-backed Duck,Thalassornis leuconotus,8,Tembe Elephant Park,ZA-NL,28 Jul 2024,L1756570,S189309494,,1
108,32127,species,Lemon-breasted Seedeater,Crithagra citrinipectus,1,Tembe Elephant Park,ZA-NL,28 Jul 2024,L1756570,S189309353,,1
109,31003,species,Black-tailed Waxbill,Glaucestrilda perreini,1,Tembe Elephant Park,ZA-NL,28 Jul 2024,L1756570,S189309353,,1
110,30130,species,Purple-banded Sunbird,Cinnyris bifasciatus,1,Tembe Elephant Park,ZA-NL,28 Jul 2024,L1756570,S189309353,,1
111,25468,species,Southern Yellow White-eye,Zosterops anderssoni,2,Tembe Elephant Park,ZA-NL,28 Jul 2024,L1756570,S189309353,,1
112,973,species,Southern Crested Guineafowl,Guttera edouardi,10,Tembe Elephant Park,ZA-NL,28 Jul 2024,L1756570,S189309353,,1
113,30705,species,Fan-tailed Widowbird,Euplectes axillaris,10,Wakkerstroom area (please consider more specific locations when appropriate),ZA-MP,27 Jul 2024,L930824,S189308376,,1
114,10901,species,Red-throated Wryneck,Jynx ruficollis,1,Wakkerstroom area (please consider more specific locations when appropriate),ZA-MP,27 Jul 2024,L930824,S189308376,,1
115,5809,species,Black-winged Lapwing,Vanellus melanopterus,4,Wakkerstroom area (please consider more specific locations when appropriate),ZA-MP,27 Jul 2024,L930824,S189308376,,1
116,6033,species,African Snipe,Gallinago nigripennis,1,Chrissiesmeer,ZA-MP,27 Jul 2024,L11115142,S189188762,,1
117,30118,species,Marico Sunbird,Cinnyris mariquensis,1,Marloth Park,ZA-MP,27 Jul 2024,L2634488,S189307102,,1
118,28191,species,Kurrichane Thrush,Turdus libonyana,1,Marloth Park,ZA-MP,27 Jul 2024,L2634488,S189307102,,1
119,28692,species,Bearded Scrub-Robin,Tychaedon quadrivirgata,1,Marloth Park,ZA-MP,26 Jul 2024,L2634488,S188934554,,1
121,5887,species,White-fronted Plover,Anarhynchus marginatus,1,Marloth Park,ZA-MP,26 Jul 2024,L2634488,S188934554,,1
122,23793,species,Gray-rumped Swallow,Pseudhirundo griseopyga,5,Kruger NP--Crocodile Bridge Camp,ZA-MP,26 Jul 2024,L1084264,S189306981,,1
123,30722,species,Grosbeak Weaver,Amblyospiza albifrons,1,Kruger NP--Lower Sabie Rest Camp,ZA-MP,26 Jul 2024,L2054682,S189306670,,1
124,24193,species,Terrestrial Brownbul,Phyllastrephus terrestris,1,Kruger NP--Lower Sabie Rest Camp,ZA-MP,26 Jul 2024,L2054682,S189306670,,1
125,19813,species,Brubru,Nilaus afer,1,"Gomondwane Loop, Nkomazi ZA-MP -25.25811, 31.88390",ZA-MP,26 Jul 2024,L35235461,S189187889,,1
126,9515,species,Green Woodhoopoe,Phoeniculus purpureus,4,"Gomondwane Loop, Nkomazi ZA-MP -25.25811, 31.88390",ZA-MP,26 Jul 2024,L35235461,S189187889,,1
127,8662,species,African Scops-Owl,Otus senegalensis,2,Kruger NP--Crocodile River Rd (between Crocodile Bridge and S108),ZA-MP,25 Jul 2024,L14146954,S188794580,,1
128,3629,species,Fiery-necked Nightjar,Caprimulgus pectoralis,2,Kruger NP--Crocodile River Rd (between Crocodile Bridge and S108),ZA-MP,25 Jul 2024,L14146954,S188794580,,1
130,30511,species,Spectacled Weaver,Ploceus ocularis,1,Kruger NP--Ntandanyathi Hide,ZA-MP,25 Jul 2024,L4047690,S188786974,,1
131,28959,species,White-browed Robin-Chat,Cossypha heuglini,1,Kruger NP--Lower Sabie Rest Camp,ZA-MP,25 Jul 2024,L2054682,S188786901,,1
132,7840,species,Hooded Vulture,Necrosyrtes monachus,5,"Sabie River Road, Nkomazi ZA-MP -24.96523, 31.74331",ZA-MP,25 Jul 2024,L35137498,S188777980,,1
133,7901,species,Brown Snake-Eagle,Circaetus cinereus,1,Kruger NP--Tshokwane Road,ZA-MP,25 Jul 2024,L951316,S188777881,,1
134,23979,species,Wire-tailed Swallow,Hirundo smithii,2,Kruger NP--Orpen Dam,ZA-MP,25 Jul 2024,L951311,S188783058,,1
135,9894,species,Malachite Kingfisher,Corythornis cristatus,1,Kruger NP--Orpen Dam,ZA-MP,25 Jul 2024,L951311,S188783058,,1
136,27736,species,Greater Blue-eared Starling,Lamprotornis chalybaeus,20,Kruger NP--Tshokwane,ZA-MP,25 Jul 2024,L951299,S188782883,,1
137,2006,species,Mourning Collared-Dove,Streptopelia decipiens,1,Kruger NP--Tshokwane,ZA-MP,25 Jul 2024,L951299,S188782883,,1
138,24024,species,Lesser Striped Swallow,Cecropis abyssinica,3,Kruger NP--Maziti Dam,ZA-MP,25 Jul 2024,L952738,S188777462,,1
139,24035,species,Mosque Swallow,Cecropis senegalensis,5,Kruger NP--Kumana Dam,ZA-MP,25 Jul 2024,L2058014,S188783034,,1
140,30479,species,Red-headed Weaver,Anaplectes rubriceps,1,Kruger NP--Satara Camp,ZA-MP,25 Jul 2024,L949367,S188777208,,1
141,30431,species,Red-billed Buffalo-Weaver,Bubalornis niger,2,Kruger NP--Satara Camp,ZA-MP,25 Jul 2024,L949367,S188777208,,1
142,22016,species,Southern Black-Tit,Melaniparus niger,2,Kruger NP--Satara Camp,ZA-MP,25 Jul 2024,L949367,S188777208,,1
143,19949,species,Sulphur-breasted Bushshrike,Chlorophoneus sulfureopectus,1,Kruger NP--Satara Camp,ZA-MP,25 Jul 2024,L949367,S188777208,,1
144,9544,species,Common Scimitarbill,Rhinopomastus cyanomelas,1,Kruger NP--Satara Camp,ZA-MP,25 Jul 2024,L949367,S188777208,,1
145,8865,species,Verreaux's Eagle-Owl,Ketupa lactea,1,"S127, Bushbuckridge ZA-MP -24.26130, 31.72436",ZA-MP,24 Jul 2024,L35089256,S188589137,,1
146,31142,species,African Firefinch,Lagonosticta rubricata,1,Kruger NP--S39 (H1-4 to Timbavati),ZA-MP,24 Jul 2024,L2978713,S188595426,,1
147,19972,species,Gray-headed Bushshrike,Malaconotus blanchoti,1,Kruger NP--S39 (H1-4 to Timbavati),ZA-MP,24 Jul 2024,L2978713,S188595426,,1
148,19850,species,Black-crowned Tchagra,Tchagra senegalus,2,Kruger NP--S39 (H1-4 to Timbavati),ZA-MP,24 Jul 2024,L2978713,S188595426,,1
149,24109,species,Yellow-bellied Greenbul,Chlorocichla flaviventris,1,Kruger NP--Olifants Camp (Camp only),ZA-LP,24 Jul 2024,L27669800,S188593949,,1
150,7685,species,Goliath Heron,Ardea goliath,1,Kruger NP--Olifants Camp (Camp only),ZA-LP,24 Jul 2024,L27669800,S188593949,,1
151,5806,species,White-crowned Lapwing,Vanellus albiceps,1,Kruger NP--Olifants Camp (Camp only),ZA-LP,24 Jul 2024,L27669800,S188593949,,1
152,9678,species,White-fronted Bee-eater,Merops bullockoides,1,Kruger NP--Olifants to Balule/S92,ZA-LP,24 Jul 2024,L6970418,S188593381,,1
153,8003,species,Gabar Goshawk,Micronisus gabar,2,Kruger NP--Olifants to Balule/S92,ZA-LP,24 Jul 2024,L6970418,S188593381,,1
154,7203,species,African Woolly-necked Stork,Ciconia microscelis,1,Kruger NP--Olifants River Bridge near Balule,ZA-MP,24 Jul 2024,L11258764,S188593178,,1
155,22182,species,Chestnut-backed Sparrow-Lark,Eremopterix leucotis,20,Kruger NP--S90 (S41 to S89),ZA-MP,24 Jul 2024,L6135514,S188592871,,1
156,23177,species,Rattling Cisticola,Cisticola chiniana,1,Kruger NP--S41/Gudzani Rd,ZA-MP,24 Jul 2024,L3972904,S188592093,,1
157,19862,species,Brown-crowned Tchagra,Tchagra australis,1,Kruger NP--S41/Gudzani Rd,ZA-MP,24 Jul 2024,L3972904,S188592093,,1
158,7836,species,Lappet-faced Vulture,Torgos tracheliotos,1,Kruger NP--S41/Gudzani Rd,ZA-MP,24 Jul 2024,L3972904,S188592093,,1
159,7834,species,White-headed Vulture,Trigonoceps occipitalis,4,Kruger NP--S41/Gudzani Rd,ZA-MP,24 Jul 2024,L3972904,S188592093,,1
160,7226,species,Yellow-billed Stork,Mycteria ibis,1,Kruger NP--S41/Gudzani Rd,ZA-MP,24 Jul 2024,L3972904,S188592093,,1
161,31442,species,African Pied Wagtail,Motacilla aguimp,3,Kruger NP--Gudzani Dam,ZA-MP,24 Jul 2024,L12057711,S188591060,,1
162,7198,species,African Openbill,Anastomus lamelligerus,2,Kruger NP--Gudzani Dam,ZA-MP,24 Jul 2024,L12057711,S188591060,,1
163,5530,species,Black Crake,Zapornia flavirostra,2,Kruger NP--Gudzani Dam,ZA-MP,24 Jul 2024,L12057711,S188591060,,1
164,31657,species,Yellow-throated Longclaw,Macronyx croceus,1,Kruger NP--S100,ZA-MP,24 Jul 2024,L3143582,S188590279,,1
165,27440,species,Yellow-billed Oxpecker,Buphagus africanus,2,Kruger NP--S100,ZA-MP,24 Jul 2024,L3143582,S188590279,,1
166,26430,species,Arrow-marked Babbler,Turdoides jardineii,4,Kruger NP--S100,ZA-MP,24 Jul 2024,L3143582,S188590279,,1
167,12663,species,Brown-headed Parrot,Poicephalus cryptoxanthus,1,Kruger NP--S100,ZA-MP,24 Jul 2024,L3143582,S188590279,,1
168,10189,species,Giant Kingfisher,Megaceryle maxima,1,Kruger NP--S100,ZA-MP,24 Jul 2024,L3143582,S188590279,,1
169,7846,species,Cape Griffon,Gyps coprotheres,1,Kruger NP--S100,ZA-MP,24 Jul 2024,L3143582,S188590279,,1
170,7218,species,Saddle-billed Stork,Ephippiorhynchus senegalensis,1,Kruger NP--S100,ZA-MP,24 Jul 2024,L3143582,S188590279,,1
171,3068,species,Burchell's Coucal,Centropus burchellii,1,Kruger NP--S100,ZA-MP,24 Jul 2024,L3143582,S188590279,,1
172,2509,species,African Green-Pigeon,Treron calvus,3,Kruger NP--S100,ZA-MP,24 Jul 2024,L3143582,S188590279,,1
173,1598,species,Crested Francolin,Ortygornis sephaena,2,Kruger NP--S100,ZA-MP,24 Jul 2024,L3143582,S188590279,,1
174,5945,species,African Jacana,Actophilornis africanus,1,"Orpen Satara Road, Bushbuckridge ZA-MP -24.39342, 31.71540",ZA-MP,23 Jul 2024,L35063281,S188420040,,1
175,5690,species,Water Thick-knee,Burhinus vermiculatus,8,"Orpen Satara Road, Bushbuckridge ZA-MP -24.39342, 31.71540",ZA-MP,23 Jul 2024,L35063281,S188420040,,1
176,384,species,Knob-billed Duck,Sarkidiornis melanotos,2,"Orpen Satara Road, Bushbuckridge ZA-MP -24.39342, 31.71540",ZA-MP,23 Jul 2024,L35063281,S188420040,,1
177,32090,species,Yellow-fronted Canary,Crithagra mozambica,2,Kruger NP--H7/Orpen-Satara Road,ZA-MP,23 Jul 2024,L950653,S188419225,,1
178,29420,species,African Stonechat,Saxicola torquatus,1,Kruger NP--H7/Orpen-Satara Road,ZA-MP,23 Jul 2024,L950653,S188419225,,1
179,23264,species,Croaking Cisticola,Cisticola natalensis,1,Kruger NP--H7/Orpen-Satara Road,ZA-MP,23 Jul 2024,L950653,S188419225,,1
180,10429,species,Crested Barbet,Trachyphonus vaillantii,1,Kruger NP--H7/Orpen-Satara Road,ZA-MP,23 Jul 2024,L950653,S188419225,,1
181,8906,species,Pearl-spotted Owlet,Glaucidium perlatum,4,Kruger NP--H7/Orpen-Satara Road,ZA-MP,23 Jul 2024,L950653,S188419225,,1
182,7949,species,Wahlberg's Eagle,Hieraaetus wahlbergi,1,Kruger NP--H7/Orpen-Satara Road,ZA-MP,23 Jul 2024,L950653,S188419225,,1
183,1800,species,Swainson's Spurfowl,Pternistis swainsonii,20,Kruger NP--H7/Orpen-Satara Road,ZA-MP,23 Jul 2024,L950653,S188419225,,1
184,1788,species,Natal Spurfowl,Pternistis natalensis,2,Kruger NP--H7/Orpen-Satara Road,ZA-MP,23 Jul 2024,L950653,S188419225,,1
185,27706,species,Burchell's Starling,Lamprotornis australis,2,Kruger NP--Orpen Rest Camp,ZA-LP,23 Jul 2024,L950638,S188417749,,1
186,27439,species,Red-billed Oxpecker,Buphagus erythroryncha,6,Kruger NP--Orpen Rest Camp,ZA-LP,23 Jul 2024,L950638,S188417749,,1
187,9681,species,Little Bee-eater,Merops pusillus,1,Kruger NP--Orpen Rest Camp,ZA-LP,23 Jul 2024,L950638,S188417749,,1
188,20806,species,Magpie Shrike,Urolestes melanoleucus,2,"R531, Bushbuckridge ZA-MP -24.54882, 31.35122",ZA-MP,23 Jul 2024,L35062394,S188416769,,1
189,23940,species,Pearl-breasted Swallow,Hirundo dimidiata,3,"403–407 Python Street, Hoedspruit ZA-LP (-24.3524,30.9564)",ZA-LP,23 Jul 2024,L35062295,S188416378,,1
190,23051,species,Tawny-flanked Prinia,Prinia subflava,2,"Blyde River Canyon Nature Reserve, Sabie ZA-MP -24.58192, 30.77146",ZA-MP,23 Jul 2024,L35062113,S188415631,,1
191,10002,species,Brown-hooded Kingfisher,Halcyon albiventris,1,"Blyde River Canyon Nature Reserve, Sabie ZA-MP -24.58192, 30.77146",ZA-MP,23 Jul 2024,L35062113,S188415631,,1
192,31566,species,Striped Pipit,Anthus lineiventris,3,Blyde River Canyon Resort,ZA-MP,23 Jul 2024,L950185,S188348474,,1
194,30102,species,Greater Double-collared Sunbird,Cinnyris afer,10,Blyde River Canyon Resort,ZA-MP,23 Jul 2024,L950185,S188348474,,1
195,29923,species,Collared Sunbird,Hedydipna collaris,2,Blyde River Canyon Resort,ZA-MP,23 Jul 2024,L950185,S188348474,,1
196,29487,species,Mocking Cliff-Chat,Thamnolaea cinnamomeiventris,3,Blyde River Canyon Resort,ZA-MP,23 Jul 2024,L950185,S188348474,,1
197,28951,species,White-throated Robin-Chat,Dessonornis humeralis,1,Blyde River Canyon Resort,ZA-MP,23 Jul 2024,L950185,S188348474,,1
198,28631,species,Gray Tit-Flycatcher,Fraseria plumbea,2,Blyde River Canyon Resort,ZA-MP,23 Jul 2024,L950185,S188348474,,1
199,24490,species,Common Bulbul,Pycnonotus barbatus,12,Blyde River Canyon Resort,ZA-MP,23 Jul 2024,L950185,S188348474,,1
200,23163,species,Rock-loving Cisticola,Cisticola aberrans,1,Blyde River Canyon Resort,ZA-MP,23 Jul 2024,L950185,S188348474,,1
201,22859,species,Yellow-breasted Apalis,Apalis flavida,5,Blyde River Canyon Resort,ZA-MP,23 Jul 2024,L950185,S188348474,,1
202,19829,species,Black-backed Puffback,Dryoscopus cubla,2,Blyde River Canyon Resort,ZA-MP,23 Jul 2024,L950185,S188348474,,1
203,19654,species,Chinspot Batis,Batis molitor,1,Blyde River Canyon Resort,ZA-MP,23 Jul 2024,L950185,S188348474,,1
204,19457,species,African Black-headed Oriole,Oriolus larvatus,2,Blyde River Canyon Resort,ZA-MP,23 Jul 2024,L950185,S188348474,,1
206,10559,species,Black-collared Barbet,Lybius torquatus,8,Blyde River Canyon Resort,ZA-MP,23 Jul 2024,L950185,S188348474,,1
207,10494,species,Yellow-rumped Tinkerbird,Pogoniulus bilineatus,1,Blyde River Canyon Resort,ZA-MP,23 Jul 2024,L950185,S188348474,,1
208,7422,species,Southern Bald Ibis,Geronticus calvus,20,Blyde River Canyon Resort,ZA-MP,23 Jul 2024,L950185,S188348474,,1
209,30648,species,Red-billed Quelea,Quelea quelea,30,Alzu Rest Stop,ZA-MP,22 Jul 2024,L2345747,S188278397,,1
215,12662,species,Rüppell's Parrot,Poicephalus rueppellii,1,"Auto selected -20.50253, 16.66447",NA-OD,16 Mar 2024,L30025804,S165687989,,1
216,31176,species,Eastern Paradise-Whydah,Vidua paradisaea,2,"C38 NA-Otjozondjupa (-20.3344,16.4303)",NA-OD,16 Mar 2024,L29893090,S165013347,,1
217,10232,species,Purple Roller,Coracias naevius,2,"C38 NA-Otjozondjupa (-20.3344,16.4303)",NA-OD,16 Mar 2024,L29893090,S165013347,,1
218,28614,species,Chat Flycatcher,Agricola infuscatus,1,"Rhino Drive NA-Oshikoto (-19.0726,16.3122)",NA-OT,16 Mar 2024,L30025780,S165687875,,1
220,11943,species,Amur Falcon,Falco amurensis,1,"Rhino Drive NA-Oshikoto (-19.0726,16.3122)",NA-OT,16 Mar 2024,L30025780,S165687875,,1
221,31538,species,Plain-backed Pipit,Anthus leucophrys,1,"C38 NA-Oshikoto (-18.9953,16.4043)",NA-OT,16 Mar 2024,L30025738,S165687668,,1
222,24032,species,Rufous-chested Swallow,Cecropis semirufa,2,"C38 NA-Oshikoto (-18.9953,16.4043)",NA-OT,16 Mar 2024,L30025738,S165687668,,1
223,6244,species,Double-banded Courser,Smutsornis africanus,1,"C38 NA-Oshikoto (-18.9953,16.4043)",NA-OT,16 Mar 2024,L30025738,S165687668,,1
224,32498,species,Cinnamon-breasted Bunting,Emberiza tahapisi,1,Etosha NP--Halali Camp (use game drive hotspot for drives),NA-OT,16 Mar 2024,L1070037,S164977256,,1
225,31109,species,Green-winged Pytilia,Pytilia melba,2,Etosha NP--Halali Camp (use game drive hotspot for drives),NA-OT,16 Mar 2024,L1070037,S164977256,,1
226,31085,species,Violet-eared Waxbill,Granatina granatina,1,Etosha NP--Halali Camp (use game drive hotspot for drives),NA-OT,16 Mar 2024,L1070037,S164977256,,1
227,30159,species,White-bellied Sunbird,Cinnyris talatala,1,Etosha NP--Halali Camp (use game drive hotspot for drives),NA-OT,16 Mar 2024,L1070037,S164977256,,1
228,28713,species,White-browed Scrub-Robin,Cercotrichas leucophrys,1,Etosha NP--Halali Camp (use game drive hotspot for drives),NA-OT,16 Mar 2024,L1070037,S164977256,,1
229,27586,species,Wattled Starling,Creatophora cinerea,5,Etosha NP--Halali Camp (use game drive hotspot for drives),NA-OT,16 Mar 2024,L1070037,S164977256,,1
230,9577,species,Damara Red-billed Hornbill,Tockus damarensis,1,Etosha NP--Halali Camp (use game drive hotspot for drives),NA-OT,16 Mar 2024,L1070037,S164977256,,1
231,9576,species,Southern Red-billed Hornbill,Tockus rufirostris,1,Etosha NP--Halali Camp (use game drive hotspot for drives),NA-OT,16 Mar 2024,L1070037,S164977256,,1
232,8069,species,Shikra,Tachyspiza badia,1,Etosha NP--Halali Camp (use game drive hotspot for drives),NA-OT,16 Mar 2024,L1070037,S164977256,,1
233,7221,species,Marabou Stork,Leptoptilos crumenifer,1,Etosha NP--Halali Camp (use game drive hotspot for drives),NA-OT,16 Mar 2024,L1070037,S164977256,,1
234,2859,species,Double-banded Sandgrouse,Pterocles bicinctus,5,Etosha NP--Halali Camp (use game drive hotspot for drives),NA-OT,16 Mar 2024,L1070037,S164977256,,1
235,2114,species,Emerald-spotted Wood-Dove,Turtur chalcospilos,1,Etosha NP--Halali Camp (use game drive hotspot for drives),NA-OT,16 Mar 2024,L1070037,S164977256,,1
236,8792,species,Southern White-faced Owl,Ptilopsis granti,1,Etosha NP--Halali Camp (use game drive hotspot for drives),NA-OT,15 Mar 2024,L1070037,S164938693,,1
238,31320,species,Southern Gray-headed Sparrow,Passer diffusus,4,Etosha NP--Goas,NA-OT,15 Mar 2024,L2214170,S164974061,,1
239,2910,species,Red-crested Bustard,Lophotis ruficrista,1,"C38 NA-Oshikoto (-19.0367,16.4797)",NA-OT,15 Mar 2024,L29885826,S164973668,,1
240,26437,species,Bare-cheeked Babbler,Turdoides gymnogenys,2,Etosha NP--Halali Camp (use game drive hotspot for drives),NA-OT,15 Mar 2024,L1070037,S164892056,,1
241,20936,species,White-crowned Shrike,Eurocephalus anguitimens,1,Etosha NP--Halali Camp (use game drive hotspot for drives),NA-OT,15 Mar 2024,L1070037,S164892056,,1
242,9562,species,African Gray Hornbill,Lophoceros nasutus,1,Etosha NP--Halali Camp (use game drive hotspot for drives),NA-OT,15 Mar 2024,L1070037,S164892056,,1
243,9522,species,Violet Woodhoopoe,Phoeniculus damarensis,2,Etosha NP--Halali Camp (use game drive hotspot for drives),NA-OT,15 Mar 2024,L1070037,S164892056,,1
244,8039,species,Little Sparrowhawk,Tachyspiza minulla,1,Etosha NP--Halali Camp (use game drive hotspot for drives),NA-OT,15 Mar 2024,L1070037,S164892056,,1
245,23323,species,Desert Cisticola,Cisticola aridulus,1,Etosha NP--Charitsaub,NA-OT,15 Mar 2024,L4951203,S164894173,,1
246,7202,species,Abdim's Stork,Ciconia abdimii,10,Etosha NP--Charitsaub,NA-OT,15 Mar 2024,L4951203,S164894173,,1
247,7735,species,Secretarybird,Sagittarius serpentarius,1,"Auto selected -19.07636, 16.20429",NA-OT,15 Mar 2024,L29869981,S164894404,,1
248,31302,species,Great Rufous Sparrow,Passer motitensis,3,Etosha NP--Homob,NA-OT,15 Mar 2024,L4951177,S164895290,,1
249,11984,species,Lanner Falcon,Falco biarmicus,2,Etosha NP--Homob,NA-OT,15 Mar 2024,L4951177,S164895290,,1
250,32474,species,Golden-breasted Bunting,Emberiza flaviventris,1,Etosha NP - Road between Gemsbokvlakte and Ondongab,NA-OT,15 Mar 2024,L29870358,S164896623,,1
251,30454,species,Sociable Weaver,Philetairus socius,20,Etosha NP - Road between Gemsbokvlakte and Ondongab,NA-OT,15 Mar 2024,L29870358,S164896623,,1
252,30440,species,Scaly Weaver,Sporopipes squamifrons,1,Etosha NP - Road between Gemsbokvlakte and Ondongab,NA-OT,15 Mar 2024,L29870358,S164896623,,1
253,22224,species,Fawn-colored Lark,Calendulauda africanoides,1,Etosha NP - Road between Gemsbokvlakte and Ondongab,NA-OT,15 Mar 2024,L29870358,S164896623,,1
254,7890,species,Bateleur,Terathopius ecaudatus,2,Etosha NP - Road between Gemsbokvlakte and Ondongab,NA-OT,15 Mar 2024,L29870358,S164896623,,1
255,22197,species,Gray-backed Sparrow-Lark,Eremopterix verticalis,1,Etosha NP--Gemsbokvlakte,NA-OT,15 Mar 2024,L3086736,S164896785,,1
256,22549,species,Red-capped Lark,Calandrella cinerea,2,Etosha NP--Nebrownii,NA-OT,15 Mar 2024,L11077035,S164897357,,1
257,2912,species,White-quilled Bustard,Afrotis afraoides,2,Etosha NP--Nebrownii,NA-OT,15 Mar 2024,L11077035,S164897357,,1
258,9570,species,Southern Yellow-billed Hornbill,Tockus leucomelas,1,"Auto selected -19.24628, 15.92565",NA-ON,15 Mar 2024,L29870511,S164897446,,1
259,10228,species,Lilac-breasted Roller,Coracias caudatus,3,"C38 NA-Otjozondjupa (-20.2857,16.3764)",NA-OD,14 Mar 2024,L29858771,S164833019,,1
260,7897,species,Black-chested Snake-Eagle,Circaetus pectoralis,1,"C38 NA-Otjozondjupa (-20.2857,16.3764)",NA-OD,14 Mar 2024,L29858771,S164833019,,1
261,27746,species,Cape Starling,Lamprotornis nitens,3,"A1 NA-Otjozondjupa (-22.1590,16.9996)",NA-OD,14 Mar 2024,L29858480,S164831538,,1
262,19684,species,White-crested Helmetshrike,Prionops plumatus,3,Etosha NP--Aus,NA-OT,14 Mar 2024,L2214111,S164898533,,1
263,7980,species,African Hawk-Eagle,Aquila spilogaster,3,Etosha NP--Aus,NA-OT,14 Mar 2024,L2214111,S164898533,,1
264,950,species,Helmeted Guineafowl,Numida meleagris,5,Etosha NP--Aus,NA-OT,14 Mar 2024,L2214111,S164898533,,1
265,2885,species,Ludwig's Bustard,Neotis ludwigii,1,"Auto selected -19.22688, 16.09293",NA-OT,14 Mar 2024,L29870746,S164898712,,1
266,11909,species,Greater Kestrel,Falco rupicoloides,1,Etosha NP--Gemsbokvlakte,NA-OT,14 Mar 2024,L3086736,S164977263,,1
267,7959,species,Tawny Eagle,Aquila rapax,1,Etosha NP--Gemsbokvlakte,NA-OT,14 Mar 2024,L3086736,S164977263,,1
268,5883,species,Chestnut-banded Plover,Anarhynchus pallidus,1,Etosha NP--Gemsbokvlakte,NA-OT,14 Mar 2024,L3086736,S164977263,,1
269,30996,species,Black-faced Waxbill,Brunhilda erythronotos,2,Von Bach Dam Nature Reserve,NA-OD,14 Mar 2024,L4857560,S164832506,,1
270,30542,species,Lesser Masked-Weaver,Ploceus intermedius,1,Von Bach Dam Nature Reserve,NA-OD,14 Mar 2024,L4857560,S164832506,,1
271,28585,species,Marico Flycatcher,Bradornis mariquensis,1,Von Bach Dam Nature Reserve,NA-OD,14 Mar 2024,L4857560,S164832506,,1
272,23077,species,Black-chested Prinia,Prinia flavicans,1,Von Bach Dam Nature Reserve,NA-OD,14 Mar 2024,L4857560,S164832506,,1
273,22790,species,Green-backed Camaroptera,Camaroptera brachyura,6,Von Bach Dam Nature Reserve,NA-OD,14 Mar 2024,L4857560,S164832506,,1
274,19912,species,Crimson-breasted Gonolek,Laniarius atrococcineus,6,Von Bach Dam Nature Reserve,NA-OD,14 Mar 2024,L4857560,S164832506,,1
275,11162,species,Bearded Woodpecker,Chloropicus namaquus,1,Von Bach Dam Nature Reserve,NA-OD,14 Mar 2024,L4857560,S164832506,,1
276,1786,species,Red-billed Spurfowl,Pternistis adspersus,10,Von Bach Dam Nature Reserve,NA-OD,14 Mar 2024,L4857560,S164832506,,1
277,2825,species,Namaqua Sandgrouse,Pterocles namaqua,2,Etosha NP--Gemsbokvlakte,NA-OT,14 Mar 2024,L3086736,S165570240,,1
278,32117,species,Black-throated Canary,Crithagra atrogularis,1,Windhoek--Movenpick & Mercure (formerly Safari Court),NA-KH,10 Mar 2024,L24443310,S164351894,,1
279,31135,species,Red-billed Firefinch,Lagonosticta senegala,2,Windhoek--Movenpick & Mercure (formerly Safari Court),NA-KH,10 Mar 2024,L24443310,S164351894,,1
280,28173,species,Groundscraper Thrush,Turdus litsitsirupa,1,Windhoek--Movenpick & Mercure (formerly Safari Court),NA-KH,10 Mar 2024,L24443310,S164351894,,1
281,20553,species,African Paradise-Flycatcher,Terpsiphone viridis,1,Windhoek--Movenpick & Mercure (formerly Safari Court),NA-KH,10 Mar 2024,L24443310,S164351894,,1
282,9693,species,Swallow-tailed Bee-eater,Merops hirundineus,6,Windhoek--Movenpick & Mercure (formerly Safari Court),NA-KH,10 Mar 2024,L24443310,S164351894,,1
283,4081,species,Little Swift,Apus affinis,10,Windhoek--Movenpick & Mercure (formerly Safari Court),NA-KH,10 Mar 2024,L24443310,S164351894,,1
284,2928,species,Gray Go-away-bird,Crinifer concolor,1,Windhoek--Movenpick & Mercure (formerly Safari Court),NA-KH,10 Mar 2024,L24443310,S164351894,,1
285,30441,species,White-browed Sparrow-Weaver,Plocepasser mahali,1,Windhoek--Movenpick & Mercure (formerly Safari Court),NA-KH,10 Mar 2024,L24443310,S164300485,,1
286,31086,species,Southern Cordonbleu,Uraeginthus angolensis,4,Windhoek--Movenpick & Mercure (formerly Safari Court),NA-KH,10 Mar 2024,L24443310,S164295470,,1
287,31072,species,Red-headed Finch,Amadina erythrocephala,1,Windhoek--Movenpick & Mercure (formerly Safari Court),NA-KH,10 Mar 2024,L24443310,S164295470,,1
288,12626,species,Rosy-faced Lovebird,Agapornis roseicollis,2,Hosea Kutako International Airport,NA-KH,10 Mar 2024,L967354,S164295446,,1
289,7843,species,White-backed Vulture,Gyps africanus,2,Hosea Kutako International Airport,NA-KH,10 Mar 2024,L967354,S164295446,,1
290,4123,species,African Palm Swift,Cypsiurus parvus,3,Hosea Kutako International Airport,NA-KH,10 Mar 2024,L967354,S164295446,,1
291,6974,species,Leach's Storm-Petrel,Hydrobates leucorhous,1,Ile de Ré--Plage de Foirouse,FR-NAQ,02 Jan 2024,L5099661,S158344776,,1
292,12019,species,Prairie Falcon,Falco mexicanus,1,"US-101 S, Buellton US-CA 34.72442, -120.21671",US-CA,24 Oct 2023,L27725033,S153280634,,1
293,7131,species,Buller's Shearwater,Ardenna bulleri,3,Pt. Pinos--seawatch only,US-CA,24 Oct 2023,L109309,S153052283,,1
294,7124,species,Pink-footed Shearwater,Ardenna creatopus,25,Pt. Pinos--seawatch only,US-CA,24 Oct 2023,L109309,S153052283,,1
295,6320,species,Cassin's Auklet,Ptychoramphus aleuticus,50,Pt. Pinos--seawatch only,US-CA,24 Oct 2023,L109309,S153052283,,1
296,6112,species,Surfbird,Calidris virgata,2,Pt. Pinos--seawatch only,US-CA,24 Oct 2023,L109309,S153052283,,1
297,4810,species,Broad-billed Hummingbird,Cynanthus latirostris,1,Carmel Valley--Earthbound Farm & vicinity,US-CA,23 Oct 2023,L27598455,S152952524,,1
298,11297,species,Nuttall's Woodpecker,Dryobates nuttallii,1,"Santa Catalina School, Monterey US-CA 36.59402, -121.86813",US-CA,23 Oct 2023,L27658355,S152926270,,1
299,27121,species,Bewick's Wren,Thryomanes bewickii,3,Castro Road,US-CA,23 Oct 2023,L27658505,S152927145,,1
300,19005,species,Hutton's Vireo,Vireo huttoni,3,Castro Road,US-CA,23 Oct 2023,L27658505,S152927145,,1
301,6072,species,Wandering Tattler,Tringa incana,1,"Pt. Pinos--general (sea & shore Coral to Jewell, Crespi Pond & cypresses)",US-CA,22 Oct 2023,L374642,S152952999,,1
302,5991,species,Marbled Godwit,Limosa fedoa,50,"Moss Landing--Jetty Road, north jetty & State Beach",US-CA,22 Oct 2023,L256021,S152953092,,1
303,5880,species,Snowy Plover,Anarhynchus nivosus,4,"Moss Landing--Jetty Road, north jetty & State Beach",US-CA,22 Oct 2023,L256021,S152953092,,1
304,33916,species,Townsend's Warbler,Setophaga townsendi,1,Golden Gate Bridge--Toll Plaza Gardens,US-CA,21 Oct 2023,L651759,S152953142,,1
305,32747,species,Lark Sparrow,Chondestes grammacus,3,Kings River Wildlife Area,US-CA,15 Oct 2023,L17494565,S152545398,,1
306,21926,species,Oak Titmouse,Baeolophus inornatus,1,Kings River Wildlife Area,US-CA,15 Oct 2023,L17494565,S152545398,,1
307,4782,species,Broad-tailed Hummingbird,Selasphorus platycercus,1,The Branded Calf Ranch,US-CA,15 Oct 2023,L27547440,S153608928,,1
308,11013,species,Williamson's Sapsucker,Sphyrapicus thyroideus,1,Kings Canyon NP--North Grove Loop,US-CA,15 Oct 2023,L3053332,S152334749,,1
309,11032,species,Lewis's Woodpecker,Melanerpes lewis,1,The Branded Calf Ranch,US-CA,15 Oct 2023,L27547440,S152344458,,1
310,11338,species,White-headed Woodpecker,Dryobates albolarvatus,1,Kings Canyon NP--Sunset Campground,US-CA,14 Oct 2023,L3053337,S152345257,,1
311,7713,species,California Condor,Gymnogyps californianus,2,Hudson Ranch Road,US-CA,14 Oct 2023,L2136276,S152345675,,1
312,1064,species,California Quail,Callipepla californica,5,Hudson Ranch Road,US-CA,14 Oct 2023,L2136276,S152345675,,1
313,21075,species,California Scrub-Jay,Aphelocoma californica,3,Frazier Mountain Park,US-CA,14 Oct 2023,L796418,S152345401,,1
314,33068,species,California Towhee,Melozone crissalis,1,Hollywood Sign Trail by Wisdom Tree,US-CA,12 Oct 2023,L27547788,S152345891,,1
315,30801,species,Scaly-breasted Munia,Lonchura punctulata,1,Hollywood Sign Trail by Wisdom Tree,US-CA,12 Oct 2023,L27547788,S152345891,N,1
316,4774,species,Allen's Hummingbird,Selasphorus sasin,2,Venice Canals,US-CA,12 Oct 2023,L3266515,S152026311,,1
317,6461,species,Western Gull,Larus occidentalis,300,Santa Monica Beach--Rose Ave Area,US-CA,11 Oct 2023,L4127534,S152019581,,1
318,6446,species,Heermann's Gull,Larus heermanni,30,Santa Monica Beach--Rose Ave Area,US-CA,11 Oct 2023,L4127534,S152019581,,1
319,6731,species,Chilean Flamingo,Phoenicopterus chilensis,8,Pacoa--Salt Ponds (humedales) and vicinity,EC-SE,12 Jul 2023,L2120653,S144363367,,1
320,6661,species,South American Tern,Sterna hirundinacea,30,Pacoa--Salt Ponds (humedales) and vicinity,EC-SE,12 Jul 2023,L2120653,S144363367,,1
321,5742,species,American Oystercatcher,Haematopus palliatus,5,Pacoa--Salt Ponds (humedales) and vicinity,EC-SE,12 Jul 2023,L2120653,S144363367,,1
323,35530,species,Streaked Saltator,Saltator striatipectus,1,Puerto López--Vía hacia la comunidad El Pital,EC-M,12 Jul 2023,L9840819,S144362017,,1
324,35443,species,Dull-colored Grassquit,Asemospiza obscura,1,Puerto López--Vía hacia la comunidad El Pital,EC-M,12 Jul 2023,L9840819,S144362017,,1
325,35296,species,Yellow-bellied Seedeater,Sporophila nigricollis,8,Puerto López--Vía hacia la comunidad El Pital,EC-M,12 Jul 2023,L9840819,S144362017,,1
326,27257,species,Speckle-breasted Wren,Pheugopedius sclateri,1,Puerto López--Vía hacia la comunidad El Pital,EC-M,12 Jul 2023,L9840819,S144362017,,1
327,11381,species,Scarlet-backed Woodpecker,Dryobates callonotus,1,Puerto López--Vía hacia la comunidad El Pital,EC-M,12 Jul 2023,L9840819,S144362017,,1
328,34041,species,Gray-and-gold Warbler,Myiothlypis fraseri,1,P.N. Machalilla--Río Blanco,EC-M,12 Jul 2023,L7367367,S144326193,,1
329,13614,species,Slaty Antwren,Myrmotherula schisticolor,5,P.N. Machalilla--Río Blanco,EC-M,12 Jul 2023,L7367367,S144326193,,1
330,11451,species,Guayaquil Woodpecker,Campephilus gayaquilensis,1,P.N. Machalilla--Río Blanco,EC-M,12 Jul 2023,L7367367,S144326193,,1
331,15421,species,Necklaced Spinetail,Synallaxis stictothorax,10,P.N. Machalilla--Agua Blanca,EC-M,11 Jul 2023,L999130,S144276605,,1
332,11828,species,Collared Forest-Falcon,Micrastur semitorquatus,1,P.N. Machalilla--Agua Blanca,EC-M,11 Jul 2023,L999130,S144276605,,1
333,8295,species,Crane Hawk,Geranospiza caerulescens,2,P.N. Machalilla--Agua Blanca,EC-M,11 Jul 2023,L999130,S144276605,,1
334,838,species,Rufous-headed Chachalaca,Ortalis erythroptera,2,P.N. Machalilla--Agua Blanca,EC-M,11 Jul 2023,L999130,S144276605,,1
335,34255,species,Golden Grosbeak,Pheucticus chrysogaster,2,Puerto López--Vía hacia la comunidad El Pital,EC-M,11 Jul 2023,L9840819,S144275901,,1
336,32372,species,Saffron Siskin,Spinus siemiradzkii,8,Puerto López--Vía hacia la comunidad El Pital,EC-M,11 Jul 2023,L9840819,S144275901,,1
337,17150,species,Sooty-crowned Flycatcher,Myiarchus phaeocephalus,1,Puerto López--Vía hacia la comunidad El Pital,EC-M,11 Jul 2023,L9840819,S144275901,,1
338,16737,species,Tumbes Pewee,Contopus punensis,1,Puerto López--Vía hacia la comunidad El Pital,EC-M,11 Jul 2023,L9840819,S144275901,,1
339,16654,species,Fulvous-faced Scrub-Tyrant,Euscarthmus fulviceps,8,Puerto López--Vía hacia la comunidad El Pital,EC-M,11 Jul 2023,L9840819,S144275901,,1
340,16501,species,Pacific Elaenia,Myiopagis subplacens,1,Puerto López--Vía hacia la comunidad El Pital,EC-M,11 Jul 2023,L9840819,S144275901,,1
341,13408,species,Collared Antshrike,Thamnophilus bernardi,1,Puerto López--Vía hacia la comunidad El Pital,EC-M,11 Jul 2023,L9840819,S144275901,,1
343,4114,species,Lesser Swallow-tailed Swift,Panyptila cayennensis,4,Puerto López--Vía hacia la comunidad El Pital,EC-M,11 Jul 2023,L9840819,S144275901,,1
344,2329,species,Pallid Dove,Leptotila pallida,5,Puerto López--Vía hacia la comunidad El Pital,EC-M,11 Jul 2023,L9840819,S144275901,,1
345,6992,species,Wedge-rumped Storm-Petrel,Hydrobates tethys,2,PN Machalilla--Pelágico hacia la Isla de la Plata,EC-M,10 Jul 2023,L860850,S144185449,,1
346,6381,species,Swallow-tailed Gull,Creagrus furcatus,1,PN Machalilla--Pelágico hacia la Isla de la Plata,EC-M,10 Jul 2023,L860850,S144185449,,1
347,35237,species,Parrot-billed Seedeater,Sporophila peruviana,2,PN Machalilla--Isla de la Plata,EC-M,10 Jul 2023,L11369966,S144193457,,1
348,17281,species,Snowy-throated Kingbird,Tyrannus niveigularis,1,PN Machalilla--Isla de la Plata,EC-M,10 Jul 2023,L11369966,S144193457,,1
349,7271,species,Nazca Booby,Sula granti,40,PN Machalilla--Isla de la Plata,EC-M,10 Jul 2023,L11369966,S144193457,,1
350,7278,species,Peruvian Booby,Sula variegata,1,PN Machalilla--Pelágico hacia la Isla de la Plata,EC-M,10 Jul 2023,L860850,S144185972,,1
351,7058,species,Galapagos Petrel,Pterodroma phaeopygia,1,PN Machalilla--Pelágico hacia la Isla de la Plata,EC-M,10 Jul 2023,L860850,S144185972,,1
353,6836,species,Red-billed Tropicbird,Phaethon aethereus,1,PN Machalilla--Pelágico hacia la Isla de la Plata,EC-M,10 Jul 2023,L860850,S144185972,,1
354,33371,species,Yellow-rumped Cacique,Cacicus cela,1,Puerto López--Vía hacia la comunidad El Pital,EC-M,09 Jul 2023,L9840819,S144078842,,1
355,17259,species,Baird's Flycatcher,Myiodynastes bairdii,1,Puerto López--Vía hacia la comunidad El Pital,EC-M,09 Jul 2023,L9840819,S144078842,,1
356,2349,species,West Peruvian Dove,Zenaida meloda,1,Puerto López--Vía hacia la comunidad El Pital,EC-M,09 Jul 2023,L9840819,S144078842,,1
357,7704,species,Peruvian Pelican,Pelecanus thagus,5,"Puerto López--Playa, muelle y malecón (Waterfront)",EC-M,09 Jul 2023,L8157607,S144080451,,1
358,7355,species,Guanay Cormorant,Leucocarbo bougainvilliorum,10,"Puerto López--Playa, muelle y malecón (Waterfront)",EC-M,09 Jul 2023,L8157607,S144080451,,1
359,7274,species,Blue-footed Booby,Sula nebouxii,20,"Puerto López--Playa, muelle y malecón (Waterfront)",EC-M,09 Jul 2023,L8157607,S144080451,,1
360,6645,species,Inca Tern,Larosterna inca,5,"Puerto López--Playa, muelle y malecón (Waterfront)",EC-M,09 Jul 2023,L8157607,S144080451,,1
361,27851,species,Long-tailed Mockingbird,Mimus longicaudatus,1,"E483, Jipijapa EC-Province de Manabí -1.36632, -80.64343",EC-M,08 Jul 2023,L25786930,S143960162,,1
362,32779,species,Black-capped Sparrow,Arremon abeillei,1,Manglares Churute--Sendero Aulladores,EC-G,08 Jul 2023,L6536326,S143943938,,1
363,19071,species,Chivi Vireo,Vireo chivi,2,Manglares Churute--Sendero Aulladores,EC-G,08 Jul 2023,L6536326,S143943938,,1
364,15608,species,White-bearded Manakin,Manacus manacus,1,Manglares Churute--Sendero Aulladores,EC-G,08 Jul 2023,L6536326,S143943938,,1
365,13079,species,Red-masked Parakeet,Psittacara erythrogenys,21,"Churute Mangroves Ecological Reserve, Naranjal EC-Province de Guayas -2.45414, -79.62769",EC-G,08 Jul 2023,L25782585,S143944224,,1
366,35240,species,Chestnut-throated Seedeater,Sporophila telasco,4,By Pass 2 Sector Churute,EC-G,08 Jul 2023,L4685701,S143942562,,1
367,33318,species,Peruvian Meadowlark,Leistes bellicosus,2,By Pass 2 Sector Churute,EC-G,08 Jul 2023,L4685701,S143942562,,1
369,23872,species,Brown-chested Martin,Progne tapera,1,By Pass 2 Sector Churute,EC-G,08 Jul 2023,L4685701,S143942562,,1
370,16995,species,Masked Water-Tyrant,Fluvicola nengeta,1,By Pass 2 Sector Churute,EC-G,08 Jul 2023,L4685701,S143942562,,1
371,16389,species,Southern Beardless-Tyrannulet,Camptostoma obsoletum,5,By Pass 2 Sector Churute,EC-G,08 Jul 2023,L4685701,S143942562,,1
372,6551,species,Black Skimmer,Rynchops niger,1,By Pass 2 Sector Churute,EC-G,08 Jul 2023,L4685701,S143942562,,1
373,5065,species,Amazilia Hummingbird,Amazilis amazilia,1,By Pass 2 Sector Churute,EC-G,08 Jul 2023,L4685701,S143942562,,1
374,2247,species,Croaking Ground Dove,Columbina cruziana,1,By Pass 2 Sector Churute,EC-G,08 Jul 2023,L4685701,S143942562,,1
375,564,species,White-cheeked Pintail,Anas bahamensis,5,By Pass 2 Sector Churute,EC-G,08 Jul 2023,L4685701,S143942562,,1
376,223,species,Horned Screamer,Anhima cornuta,6,By Pass 2 Sector Churute,EC-G,08 Jul 2023,L4685701,S143942562,,1
377,35188,species,Saffron Finch,Sicalis flaveola,2,Hacienda Cacao y Mango,EC-G,07 Jul 2023,L25781575,S143940575,,1
378,27185,species,Fasciated Wren,Campylorhynchus fasciatus,2,Hacienda Cacao y Mango,EC-G,07 Jul 2023,L25781575,S143940575,,1
379,14882,species,Pacific Hornero,Furnarius cinnamomeus,2,Hacienda Cacao y Mango,EC-G,07 Jul 2023,L25781575,S143940575,,1
380,12879,species,Pacific Parrotlet,Forpus coelestis,2,Hacienda Cacao y Mango,EC-G,07 Jul 2023,L25781575,S143940575,,1
381,8954,species,Peruvian Pygmy-Owl,Glaucidium peruanum,2,Hacienda Cacao y Mango,EC-G,07 Jul 2023,L25781575,S143940575,,1
382,2237,species,Ecuadorian Ground Dove,Columbina buckleyi,1,"E25, Yaguachi EC-Province de Guayas -2.18223, -79.61812",EC-G,07 Jul 2023,L25781435,S143940017,,1
383,33567,species,Scrub Blackbird,Dives warczewiczi,2,"E25, San Francisco de Milagro EC-Province de Guayas -2.16007, -79.61987",EC-G,07 Jul 2023,L25781396,S143939919,,1
384,7581,species,Striated Heron,Butorides striata,1,Santuario Baquerizo Moreno,EC-G,07 Jul 2023,L6780499,S143939788,,1
385,5614,species,Limpkin,Aramus guarauna,6,Santuario Baquerizo Moreno,EC-G,07 Jul 2023,L6780499,S143939788,,1
386,239,species,Fulvous Whistling-Duck,Dendrocygna bicolor,2,"Vía a Montalvo, Babahoyo EC-Province de Los Ríos -1.81586, -79.46920",EC-R,07 Jul 2023,L25781291,S143939513,,1
387,5929,species,Wattled Jacana,Jacana jacana,1,"Vía a Montalvo, Babahoyo EC-Province de Los Ríos -1.83561, -79.43929",EC-R,07 Jul 2023,L25781159,S143939037,,1
388,7667,species,Cocoi Heron,Ardea cocoi,1,"Vía a Montalvo, Montalvo EC-Province de Los Ríos -1.85026, -79.40084",EC-R,07 Jul 2023,L25781111,S143938864,,1
389,15183,species,Andean Tit-Spinetail,Leptasthenura andicola,2,Chimborazo Lodge,EC-H,07 Jul 2023,L25780780,S143938454,,1
390,15247,species,Streak-backed Canastero,Asthenes wyatti,5,Chimborazo Lodge,EC-H,06 Jul 2023,L25780780,S143937639,,1
391,16862,species,Vermilion Flycatcher,Pyrocephalus rubinus,3,"9 de Octubre, Saquisilí EC-Province de Cotopaxi -0.84791, -78.66643",EC-X,06 Jul 2023,L25759250,S143853084,,1
392,14953,species,Stout-billed Cinclodes,Cinclodes excelsior,2,PN Cotopaxi--Laguna Limpiopungo y alrededores,EC-P,05 Jul 2023,L1856443,S143680575,,1
393,16964,species,Black-billed Shrike-Tyrant,Agriornis montanus,1,PN Cotopaxi--área general (favor de usar una localidad más específica cuando sea posible),EC-X,05 Jul 2023,L471631,S143680439,,1
394,16441,species,Tufted Tit-Tyrant,Anairetes parulus,5,Hacienda Los Mortinos,EC-P,04 Jul 2023,L18092679,S143681836,,1
395,34096,species,Spectacled Redstart,Myioborus melanocephalus,10,Cascadas Rumibosque,EC-P,04 Jul 2023,L10111625,S143680259,,1
396,32759,species,Gray-browed Brushfinch,Arremon assimilis,2,Cascadas Rumibosque,EC-P,04 Jul 2023,L10111625,S143680259,,1
397,27433,species,White-capped Dipper,Cinclus leucocephalus,2,Cascadas Rumibosque,EC-P,04 Jul 2023,L10111625,S143680259,,1
398,17027,species,Rufous-breasted Chat-Tyrant,Ochthoeca rufipectoralis,3,Cascadas Rumibosque,EC-P,04 Jul 2023,L10111625,S143680259,,1
399,16981,species,Streak-throated Bush-Tyrant,Myiotheretes striaticollis,3,Cascadas Rumibosque,EC-P,04 Jul 2023,L10111625,S143680259,,1
400,16415,species,White-throated Tyrannulet,Mecocerculus leucophrys,6,Cascadas Rumibosque,EC-P,04 Jul 2023,L10111625,S143680259,,1
401,15730,species,Red-crested Cotinga,Ampelion rubrocristatus,2,Cascadas Rumibosque,EC-P,04 Jul 2023,L10111625,S143680259,,1
402,15151,species,Pearled Treerunner,Margarornis squamiger,1,Cascadas Rumibosque,EC-P,04 Jul 2023,L10111625,S143680259,,1
403,11759,species,Crimson-mantled Woodpecker,Colaptes rivolii,1,Cascadas Rumibosque,EC-P,04 Jul 2023,L10111625,S143680259,,1
404,34978,species,Cinereous Conebill,Conirostrum cinereum,1,Tambo Cóndor Bird Lodge,EC-P,04 Jul 2023,L3166153,S143526257,,1
405,3496,species,Band-winged Nightjar,Systellura longirostris,1,Tambo Cóndor Bird Lodge,EC-P,03 Jul 2023,L3166153,S143497818,,1
406,6803,species,Silvery Grebe,Podiceps occipitalis,10,"PN Antisana--Micacocha, control y alrededores",EC-N,03 Jul 2023,L635406,S143470290,,1
407,5449,species,Slate-colored Coot,Fulica ardesiaca,3,"PN Antisana--Micacocha, control y alrededores",EC-N,03 Jul 2023,L635406,S143470290,,1
408,35333,species,Plain-colored Seedeater,Catamenia inornata,3,PN Antisana--pradera de los ibis y alrededores,EC-N,03 Jul 2023,L2761741,S143470201,,1
409,35088,species,Plumbeous Sierra Finch,Geospizopsis unicolor,20,PN Antisana--pradera de los ibis y alrededores,EC-N,03 Jul 2023,L2761741,S143470201,,1
410,31633,species,Paramo Pipit,Anthus bogotensis,5,PN Antisana--pradera de los ibis y alrededores,EC-N,03 Jul 2023,L2761741,S143470201,,1
411,17035,species,Brown-backed Chat-Tyrant,Ochthoeca fumicolor,1,PN Antisana--pradera de los ibis y alrededores,EC-N,03 Jul 2023,L2761741,S143470201,,1
412,16937,species,Plain-capped Ground-Tyrant,Muscisaxicola alpinus,1,PN Antisana--pradera de los ibis y alrededores,EC-N,03 Jul 2023,L2761741,S143470201,,1
413,15239,species,Many-striped Canastero,Asthenes flammulata,1,PN Antisana--pradera de los ibis y alrededores,EC-N,03 Jul 2023,L2761741,S143470201,,1
414,14937,species,Chestnut-winged Cinclodes,Cinclodes albidiventris,7,PN Antisana--pradera de los ibis y alrededores,EC-N,03 Jul 2023,L2761741,S143470201,,1
415,7403,species,Andean Ibis,Theristicus branickii,3,PN Antisana--pradera de los ibis y alrededores,EC-N,03 Jul 2023,L2761741,S143470201,,1
416,5841,species,Andean Lapwing,Vanellus resplendens,8,PN Antisana--pradera de los ibis y alrededores,EC-N,03 Jul 2023,L2761741,S143470201,,1
417,4432,species,Ecuadorian Hillstar,Oreotrochilus chimborazo,3,PN Antisana--pradera de los ibis y alrededores,EC-N,03 Jul 2023,L2761741,S143470201,,1
418,2264,species,Black-winged Ground Dove,Metriopelia melanoptera,3,PN Antisana--pradera de los ibis y alrededores,EC-N,03 Jul 2023,L2761741,S143470201,,1
419,14145,species,Tawny Antpitta,Grallaria quitensis,1,"Auto selected -0.46822, -78.31534",EC-P,03 Jul 2023,L25666843,S143470420,,1
420,4447,species,Black-tailed Trainbearer,Lesbia victoriae,1,"Auto selected -0.46822, -78.31534",EC-P,03 Jul 2023,L25666843,S143470420,,1
421,34994,species,Black Flowerpiercer,Diglossa humeralis,2,Tambo Cóndor Bird Lodge,EC-P,02 Jul 2023,L3166153,S143427200,,1
422,32358,species,Hooded Siskin,Spinus magellanicus,1,Tambo Cóndor Bird Lodge,EC-P,02 Jul 2023,L3166153,S143427200,,1
423,8226,species,Cinereous Harrier,Circus cinereus,1,Tambo Cóndor Bird Lodge,EC-P,02 Jul 2023,L3166153,S143427200,,1
424,6405,species,Andean Gull,Chroicocephalus serranus,10,Tambo Cóndor Bird Lodge,EC-P,02 Jul 2023,L3166153,S143427200,,1
425,4613,species,Great Sapphirewing,Pterophanes cyanopterus,1,Tambo Cóndor Bird Lodge,EC-P,02 Jul 2023,L3166153,S143427200,,1
426,4549,species,Shining Sunbeam,Aglaeactis cupripennis,4,Tambo Cóndor Bird Lodge,EC-P,02 Jul 2023,L3166153,S143427200,,1
427,755,species,Andean Duck,Oxyura ferruginea,10,Tambo Cóndor Bird Lodge,EC-P,02 Jul 2023,L3166153,S143427200,,1
428,602,species,Andean Teal,Anas andium,2,Tambo Cóndor Bird Lodge,EC-P,02 Jul 2023,L3166153,S143427200,,1
429,582,species,Yellow-billed Pintail,Anas georgica,25,Tambo Cóndor Bird Lodge,EC-P,02 Jul 2023,L3166153,S143427200,,1
430,27063,species,Grass Wren,Cistothorus platensis,1,Tambo Cóndor Bird Lodge,EC-P,02 Jul 2023,L3166153,S143427265,,1
431,11858,species,Carunculated Caracara,Daptrius carunculatus,2,Tambo Cóndor Bird Lodge,EC-P,02 Jul 2023,L3166153,S143427265,,1
432,8362,species,Black-chested Buzzard-Eagle,Geranoaetus melanoleucus,1,Tambo Cóndor Bird Lodge,EC-P,02 Jul 2023,L3166153,S143427265,,1
433,7715,species,Andean Condor,Vultur gryphus,1,Tambo Cóndor Bird Lodge,EC-P,02 Jul 2023,L3166153,S143427265,,1
434,4663,species,Giant Hummingbird,Patagona gigas,1,Tambo Cóndor Bird Lodge,EC-P,02 Jul 2023,L3166153,S143427265,,1
435,27857,species,Tropical Mockingbird,Mimus gilvus,1,Mitad del Mundo,EC-P,02 Jul 2023,L792537,S143427333,,1
436,2361,species,Eared Dove,Zenaida auriculata,3,Mitad del Mundo,EC-P,02 Jul 2023,L792537,S143427333,,1
437,9056,species,Mottled Owl,Strix virgata,1,Séptimo Paraiso,EC-P,01 Jul 2023,L859792,S143297259,,1
438,34711,species,Black-capped Tanager,Stilpnia heinei,1,Mindo Loma,EC-P,01 Jul 2023,L889462,S143296758,,1
439,27941,species,Andean Solitaire,Myadestes ralloides,2,Mindo Loma,EC-P,01 Jul 2023,L889462,S143296758,,1
440,27335,species,Sharpe's Wren,Cinnycerthia olivascens,1,Mindo Loma,EC-P,01 Jul 2023,L889462,S143296758,,1
441,15737,species,Andean Cock-of-the-rock,Rupicola peruvianus,10,Mindo Loma,EC-P,01 Jul 2023,L889462,S143296758,,1
442,14351,species,Rufous-breasted Antthrush,Formicarius rufipectus,1,Mindo Loma,EC-P,01 Jul 2023,L889462,S143296758,,1
443,14068,species,Moustached Antpitta,Grallaria alleni,1,Mindo Loma,EC-P,01 Jul 2023,L889462,S143296758,,1
444,912,species,Wattled Guan,Aburria aburri,1,Mindo Loma,EC-P,01 Jul 2023,L889462,S143296758,,1
445,4740,species,Purple-throated Woodstar,Philodice mitchellii,3,San Tadeo Birdwatching (Feeders),EC-P,30 Jun 2023,L4992806,S143296337,,1
446,4655,species,Empress Brilliant,Heliodoxa imperatrix,2,San Tadeo Birdwatching (Feeders),EC-P,30 Jun 2023,L4992806,S143296337,,1
447,4621,species,Velvet-purple Coronet,Boissonneaua jardini,10,San Tadeo Birdwatching (Feeders),EC-P,30 Jun 2023,L4992806,S143296337,,1
448,4302,species,Brown Violetear,Colibri delphinae,2,San Tadeo Birdwatching (Feeders),EC-P,30 Jun 2023,L4992806,S143296337,,1
449,34739,species,Blue-necked Tanager,Stilpnia cyanicollis,2,Mindo--La Casa de Cecilia,EC-P,30 Jun 2023,L8616758,S143295590,,1
450,34486,species,White-lined Tanager,Tachyphonus rufus,1,Mindo--La Casa de Cecilia,EC-P,30 Jun 2023,L8616758,S143295590,,1
451,13598,species,Pacific Antwren,Myrmotherula pacifica,1,Mindo--La Casa de Cecilia,EC-P,30 Jun 2023,L8616758,S143295590,,1
452,12756,species,Red-billed Parrot,Pionus sordidus,3,Mindo--La Casa de Cecilia,EC-P,30 Jun 2023,L8616758,S143295590,,1
454,34753,species,Beryl-spangled Tanager,Tangara nigroviridis,1,Séptimo Paraiso,EC-P,30 Jun 2023,L859792,S143283503,,1
455,34676,species,Rufous-throated Tanager,Ixothraupis rufigula,4,Séptimo Paraiso,EC-P,30 Jun 2023,L859792,S143283503,,1
456,34637,species,Glistening-green Tanager,Chlorochrysa phoenicotis,1,Séptimo Paraiso,EC-P,30 Jun 2023,L859792,S143283503,,1
457,32619,species,Dusky Chlorospingus,Chlorospingus semifuscus,2,Séptimo Paraiso,EC-P,30 Jun 2023,L859792,S143283503,,1
458,32565,species,Yellow-throated Chlorospingus,Chlorospingus flavigularis,10,Séptimo Paraiso,EC-P,30 Jun 2023,L859792,S143283503,,1
459,16626,species,Ashy-headed Tyrannulet,Tyranniscus cinereiceps,1,Séptimo Paraiso,EC-P,30 Jun 2023,L859792,S143283503,,1
460,15548,species,Golden-winged Manakin,Masius chrysopterus,1,Séptimo Paraiso,EC-P,30 Jun 2023,L859792,S143283503,,1
461,14992,species,Scaly-throated Foliage-gleaner,Anabacerthia variegaticeps,2,Séptimo Paraiso,EC-P,30 Jun 2023,L859792,S143283503,,1
462,12777,species,Bronze-winged Parrot,Pionus chalcopterus,2,Séptimo Paraiso,EC-P,30 Jun 2023,L859792,S143283503,,1
463,10830,species,Choco Toucan,Ramphastos brevis,1,Séptimo Paraiso,EC-P,30 Jun 2023,L859792,S143283503,,1
464,4647,species,Fawn-breasted Brilliant,Heliodoxa rubinoides,1,Séptimo Paraiso,EC-P,30 Jun 2023,L859792,S143283503,,1
465,4623,species,White-booted Racket-tail,Ocreatus underwoodii,1,Séptimo Paraiso,EC-P,30 Jun 2023,L859792,S143283503,,1
466,4423,species,Violet-tailed Sylph,Aglaiocercus coelestis,2,Séptimo Paraiso,EC-P,30 Jun 2023,L859792,S143283503,,1
467,34849,species,Swallow Tanager,Tersina viridis,4,Séptimo Paraiso,EC-P,30 Jun 2023,L859792,S143278711,,1
468,28291,species,Ecuadorian Thrush,Turdus maculirostris,1,Séptimo Paraiso,EC-P,30 Jun 2023,L859792,S143278711,,1
469,17254,species,Golden-bellied Flycatcher,Myiodynastes hemichrysus,2,Séptimo Paraiso,EC-P,30 Jun 2023,L859792,S143278711,,1
470,16635,species,Choco Tyrannulet,Zimmerius albigularis,1,Séptimo Paraiso,EC-P,30 Jun 2023,L859792,S143278711,,1
471,16372,species,Ornate Flycatcher,Myiotriccus ornatus,2,Séptimo Paraiso,EC-P,30 Jun 2023,L859792,S143278711,,1
472,5073,species,Andean Emerald,Uranomitra franciae,1,Séptimo Paraiso,EC-P,30 Jun 2023,L859792,S143278711,,1
473,4636,species,Purple-bibbed Whitetip,Urosticte benjamini,1,Séptimo Paraiso,EC-P,30 Jun 2023,L859792,S143278711,,1
474,34505,species,Flame-rumped Tanager,Ramphocelus flammigerus,1,Séptimo Paraiso,EC-P,30 Jun 2023,L859792,S143276560,,1
475,15494,species,Rufous Spinetail,Synallaxis unirufa,1,Reserva Bellavista--general area,EC-P,29 Jun 2023,L1824147,S143106225,,1
476,34818,species,Flame-faced Tanager,Tangara parzudakii,2,Bellavista Cloud Forest Lodge,EC-P,29 Jun 2023,L468896,S143105884,,1
477,34694,species,Golden-naped Tanager,Chalcothraupis ruficervix,2,Bellavista Cloud Forest Lodge,EC-P,29 Jun 2023,L468896,S143105884,,1
478,34598,species,Blue-winged Mountain Tanager,Anisognathus somptuosus,4,Bellavista Cloud Forest Lodge,EC-P,29 Jun 2023,L468896,S143105884,,1
479,33216,species,White-winged Brushfinch,Atlapetes leucopterus,1,Bellavista Cloud Forest Lodge,EC-P,29 Jun 2023,L468896,S143105884,,1
480,31773,species,Orange-bellied Euphonia,Euphonia xanthogaster,2,Bellavista Cloud Forest Lodge,EC-P,29 Jun 2023,L468896,S143105884,,1
481,28401,species,Glossy-black Thrush,Turdus serranus,2,Bellavista Cloud Forest Lodge,EC-P,29 Jun 2023,L468896,S143105884,,1
482,9489,species,Masked Trogon,Trogon personatus,1,Bellavista Cloud Forest Lodge,EC-P,29 Jun 2023,L468896,S143105884,,1
483,9401,species,Golden-headed Quetzal,Pharomachrus auriceps,2,Bellavista Cloud Forest Lodge,EC-P,29 Jun 2023,L468896,S143105884,,1
484,4405,species,Speckled Hummingbird,Adelomyia melanogenys,1,Bellavista Cloud Forest Lodge,EC-P,29 Jun 2023,L468896,S143105884,,1
485,4358,species,Gorgeted Sunangel,Heliangelus strophianus,1,Bellavista Cloud Forest Lodge,EC-P,29 Jun 2023,L468896,S143105884,,1
486,34827,species,Golden Tanager,Tangara arthus,1,Bellavista Cloud Forest Lodge,EC-P,29 Jun 2023,L468896,S143105911,,1
487,34044,species,Russet-crowned Warbler,Myiothlypis coronata,4,Bellavista Cloud Forest Lodge,EC-P,29 Jun 2023,L468896,S143105911,,1
488,20982,species,Turquoise Jay,Cyanolyca turcosa,2,Bellavista Cloud Forest Lodge,EC-P,29 Jun 2023,L468896,S143105911,,1
489,10767,species,Plate-billed Mountain-Toucan,Andigena laminirostris,2,Bellavista Cloud Forest Lodge,EC-P,29 Jun 2023,L468896,S143105911,,1
490,10758,species,Crimson-rumped Toucanet,Aulacorhynchus haematopygus,2,Bellavista Cloud Forest Lodge,EC-P,29 Jun 2023,L468896,S143105911,,1
491,4617,species,Buff-tailed Coronet,Boissonneaua flavescens,10,Bellavista Cloud Forest Lodge,EC-P,29 Jun 2023,L468896,S143105911,,1
492,33980,species,Three-striped Warbler,Basileuterus tristriatus,1,"Ecoruta El Quinde, Quito EC-Province de Pichincha -0.00930, -78.67821",EC-P,29 Jun 2023,L25574279,S143104678,,1
493,14792,species,Montane Woodcreeper,Lepidocolaptes lacrymiger,1,"Ecoruta El Quinde, Quito EC-Province de Pichincha -0.00930, -78.67821",EC-P,29 Jun 2023,L25574279,S143104678,,1
494,4566,species,Brown Inca,Coeligena wilsoni,1,"Ecoruta El Quinde, Quito EC-Province de Pichincha (0.0027,-78.6758)",EC-P,29 Jun 2023,L25622591,S143682045,,1
495,16356,species,Cinnamon Flycatcher,Pyrrhomyias cinnamomeus,1,"Via Quito-Nono, Quito EC-Province de Pichincha -0.00571, -78.66097",EC-P,29 Jun 2023,L25574657,S143106341,,1
496,35043,species,Masked Flowerpiercer,Diglossa cyanea,4,Reserva Zuro Loma,EC-P,29 Jun 2023,L10223666,S143103713,,1
497,35004,species,White-sided Flowerpiercer,Diglossa albilatera,2,Reserva Zuro Loma,EC-P,29 Jun 2023,L10223666,S143103713,,1
498,34987,species,Glossy Flowerpiercer,Diglossa lafresnayii,1,Reserva Zuro Loma,EC-P,29 Jun 2023,L10223666,S143103713,,1
499,34592,species,Scarlet-bellied Mountain Tanager,Anisognathus igniventris,1,Reserva Zuro Loma,EC-P,29 Jun 2023,L10223666,S143103713,,1
500,34554,species,Blue-capped Tanager,Sporathraupis cyanocephala,3,Reserva Zuro Loma,EC-P,29 Jun 2023,L10223666,S143103713,,1
501,34548,species,Hooded Mountain Tanager,Buthraupis montana,1,Reserva Zuro Loma,EC-P,29 Jun 2023,L10223666,S143103713,,1
502,34416,species,Superciliaried Hemispingus,Thlypopsis superciliaris,1,Reserva Zuro Loma,EC-P,29 Jun 2023,L10223666,S143103713,,1
503,34017,species,Black-crested Warbler,Myiothlypis nigrocristata,1,Reserva Zuro Loma,EC-P,29 Jun 2023,L10223666,S143103713,,1
504,16411,species,White-banded Tyrannulet,Mecocerculus stictopterus,2,Reserva Zuro Loma,EC-P,29 Jun 2023,L10223666,S143103713,,1
505,14292,species,Blackish Tapaculo,Scytalopus latrans,1,Reserva Zuro Loma,EC-P,29 Jun 2023,L10223666,S143103713,,1
506,8357,species,Variable Hawk,Geranoaetus polyosoma,1,Reserva Zuro Loma,EC-P,29 Jun 2023,L10223666,S143103713,,1
507,4727,species,White-bellied Woodstar,Chaetocercus mulsant,2,Reserva Zuro Loma,EC-P,29 Jun 2023,L10223666,S143103713,,1
508,4612,species,Sword-billed Hummingbird,Ensifera ensifera,1,Reserva Zuro Loma,EC-P,29 Jun 2023,L10223666,S143103713,,1
509,4604,species,Mountain Velvetbreast,Lafresnaya lafresnayi,2,Reserva Zuro Loma,EC-P,29 Jun 2023,L10223666,S143103713,,1
510,4593,species,Buff-winged Starfrontlet,Coeligena lutetiae,2,Reserva Zuro Loma,EC-P,29 Jun 2023,L10223666,S143103713,,1
511,4534,species,Sapphire-vented Puffleg,Eriocnemis luciani,2,Reserva Zuro Loma,EC-P,29 Jun 2023,L10223666,S143103713,,1
512,4487,species,Tyrian Metaltail,Metallura tyrianthina,1,Reserva Zuro Loma,EC-P,29 Jun 2023,L10223666,S143103713,,1
513,4451,species,Green-tailed Trainbearer,Lesbia nuna,1,Reserva Zuro Loma,EC-P,29 Jun 2023,L10223666,S143103713,,1
514,33205,species,Yellow-breasted Brushfinch,Atlapetes latinuchus,1,"Auto selected -0.07045, -78.59338",EC-P,29 Jun 2023,L25573774,S143102423,,1
515,28393,species,Great Thrush,Turdus fuscater,1,"Auto selected -0.07045, -78.59338",EC-P,29 Jun 2023,L25573774,S143102423,,1
516,27207,species,Plain-tailed Wren,Pheugopedius euophrys,1,"Auto selected -0.07045, -78.59338",EC-P,29 Jun 2023,L25573774,S143102423,,1
517,16729,species,Smoke-colored Pewee,Contopus fumigatus,1,"Auto selected -0.07045, -78.59338",EC-P,29 Jun 2023,L25573774,S143102423,,1
518,23905,species,Brown-bellied Swallow,Orochelidon murina,6,"Ruta Tandayapa, Quito EC-Province de Pichincha -0.07896, -78.57384",EC-P,29 Jun 2023,L25573715,S143102302,,1
519,4299,species,Sparkling Violetear,Colibri coruscans,1,"Ruta Tandayapa, Quito EC-Province de Pichincha -0.07896, -78.57384",EC-P,29 Jun 2023,L25573715,S143102302,,1
520,8323,species,Savanna Hawk,Buteogallus meridionalis,1,Tocumen International Airport,PA-8,28 Jun 2023,L1531826,S143102031,,1
521,33896,species,Prairie Warbler,Setophaga discolor,1,"2171–2299 Route 11, Lacs Rideau CA-ON 44.51995, -76.28986",CA-ON,18 Jun 2023,L25302047,S141998414,,1
522,27062,species,Sedge Wren,Cistothorus stellaris,1,"Graham Rd, Frontenac Sud CA-ON 44.41435, -76.67424",CA-ON,18 Jun 2023,L25302145,S141990996,,1
523,20860,species,Loggerhead Shrike,Lanius ludovicianus,1,"900–1088 Route 27, Stone Mills CA-ON 44.34589, -76.89549",CA-ON,18 Jun 2023,L25302111,S141990876,,1
524,16785,species,Willow Flycatcher,Empidonax traillii,3,"173–227 Jewell Rd, Alnwick/Haldimand CA-ON 44.13444, -78.06590",CA-ON,17 Jun 2023,L25259596,S142014514,,1
525,32714,species,Clay-colored Sparrow,Spizella pallida,1,"Bryant Rd, Prince Edward CA-ON 44.05671, -77.53546",CA-ON,16 Jun 2023,L25246413,S141782156,,1
526,16723,species,Olive-sided Flycatcher,Contopus cooperi,1,"Bryant Rd, Prince Edward CA-ON 44.05671, -77.53546",CA-ON,16 Jun 2023,L25246413,S153550086,,1
527,32661,species,Grasshopper Sparrow,Ammodramus savannarum,2,"543–841 Doxsee Rd, Prince Edward CA-ON 44.07201, -77.27335",CA-ON,16 Jun 2023,L25233432,S141730768,,1
528,5949,species,Upland Sandpiper,Bartramia longicauda,2,Napanee Limestone Plain IBA--Nugent Road,CA-ON,15 Jun 2023,L1025610,S141656151,,1
530,1373,species,Spruce Grouse,Canachites canadensis,5,Forêt de Montmorency,CA-QC,10 Jun 2023,L25087826,S141118142,,1
531,16784,species,Alder Flycatcher,Empidonax alnorum,4,Boisé Station d’Épuration,CA-QC,09 Jun 2023,L25058608,S140999195,,1
532,16757,species,Eastern Wood-Pewee,Contopus virens,1,Cimetières Mt-Royal & Notre-Dame-des-Neiges,CA-QC,08 Jun 2023,L806691,S140934265,,1
533,3439,species,Common Nighthawk,Chordeiles minor,2,1721 Rue Alexandre-DeSève,CA-QC,31 May 2023,L24824179,S140064942,,1
534,33868,species,Pine Warbler,Setophaga pinus,2,Montée du Grand-Saut,CA-QC,26 May 2023,L24722034,S139534781,,1
535,33696,species,Orange-crowned Warbler,Leiothlypis celata,2,Rocher Blanc,CA-QC,23 May 2023,L4651659,S139088257,,1
536,16782,species,Yellow-bellied Flycatcher,Empidonax flaviventris,1,Parc La Fontaine,CA-QC,19 May 2023,L1333093,S138375295,,1
537,33680,species,Blue-winged Warbler,Vermivora cyanoptera,1,Long Point--'New' Provincial Park,CA-ON,14 May 2023,L209480,S138771972,,1
538,6657,species,Forster's Tern,Sterna forsteri,1,Long Point--'New' Provincial Park,CA-ON,14 May 2023,L209480,S138771972,,1
539,6004,species,American Woodcock,Scolopax minor,6,Long Point--Lake Erie Farms NCC property,CA-ON,13 May 2023,L998262,S137580375,,1
540,3561,species,Eastern Whip-poor-will,Antrostomus vociferus,3,Long Point--Lake Erie Farms NCC property,CA-ON,13 May 2023,L998262,S137580375,,1
541,7478,species,Least Bittern,Botaurus exilis,1,Long Point--Big Creek NWA,CA-ON,13 May 2023,L304641,S137593225,,1
542,23851,species,Purple Martin,Progne subis,3,Long Point--Big Creek NWA,CA-ON,13 May 2023,L304641,S137594989,,1
543,34317,species,Indigo Bunting,Passerina cyanea,1,St. Catharines--Port Weller east pier,CA-ON,13 May 2023,L473829,S137436416,,1
544,27107,species,Carolina Wren,Thryothorus ludovicianus,5,St. Catharines--Port Weller east pier,CA-ON,13 May 2023,L473829,S137436416,,1
545,26942,species,Northern House Wren,Troglodytes aedon,8,St. Catharines--Port Weller east pier,CA-ON,13 May 2023,L473829,S137436416,,1
546,26874,species,Blue-gray Gnatcatcher,Polioptila caerulea,1,St. Catharines--Port Weller east pier,CA-ON,13 May 2023,L473829,S137436416,,1
547,32935,species,Vesper Sparrow,Pooecetes gramineus,1,Belleville--Atkins Rd,CA-ON,12 May 2023,L11448767,S137268579,,1
548,32720,species,Field Sparrow,Spizella pusilla,1,Belleville--Atkins Rd,CA-ON,12 May 2023,L11448767,S137268579,,1
549,33290,species,Eastern Meadowlark,Sturnella magna,1,"619 Airport Pky, Belleville CA-ON 44.19848, -77.29961",CA-ON,12 May 2023,L24318887,S137587861,,1
550,27795,species,Brown Thrasher,Toxostoma rufum,1,Marais Lauzon,CA-QC,10 May 2023,L24189568,S136896101,,1
551,5398,species,Sora,Porzana carolina,2,Marais Lauzon,CA-QC,10 May 2023,L24189568,S136896101,,1
552,19045,species,Warbling Vireo,Vireo gilvus,1,PN du Bois-de-l'île-Bizard,CA-QC,10 May 2023,L166210,S136870746,,1
553,16796,species,Least Flycatcher,Empidonax minimus,1,PN du Bois-de-l'île-Bizard,CA-QC,10 May 2023,L166210,S136870746,,1
554,5240,species,Virginia Rail,Rallus limicola,2,PN du Bois-de-l'île-Bizard,CA-QC,10 May 2023,L166210,S136870746,,1
555,33704,species,Nashville Warbler,Leiothlypis ruficapilla,1,Parc La Fontaine,CA-QC,08 May 2023,L1333093,S136602351,,1
556,27870,species,Northern Mockingbird,Mimus polyglottos,1,Liberty Island/Statue of Liberty (NY County),US-NY,29 Apr 2023,L2686238,S136385154,,1
557,33136,species,Eastern Towhee,Pipilo erythrophthalmus,1,"The Battery, Manhattan",US-NY,29 Apr 2023,L288752,S136385308,,1
558,33863,species,Palm Warbler,Setophaga palmarum,1,Parc La Fontaine,CA-QC,22 Apr 2023,L1333093,S134567519,,1
559,6154,species,Baird's Sandpiper,Calidris bairdii,1,Lagerman Agricultural Preserve--Lagerman Reservoir,US-CO,11 Apr 2023,L282520,S138771869,,1
560,4103,species,White-throated Swift,Aeronautes saxatalis,5,Flagstaff Amphitheater,US-CO,10 Apr 2023,L4012610,S133339208,,1
561,9032,species,Burrowing Owl,Athene cunicularia,1,"N 95th St, Longmont US-CO 40.08012, -105.13123",US-CO,10 Apr 2023,L23517085,S133339258,,1
562,33285,species,Yellow-headed Blackbird,Xanthocephalus xanthocephalus,1,East Boulder Trail--Teller Lakes,US-CO,10 Apr 2023,L233562,S133339335,,1
563,31605,species,American Pipit,Anthus rubescens,6,Rocky Mountain Arsenal NWR,US-CO,08 Apr 2023,L167924,S133140332,,1
564,27088,species,Marsh Wren,Cistothorus palustris,1,Rocky Mountain Arsenal NWR,US-CO,08 Apr 2023,L167924,S133140332,,1
565,33556,species,Brown-headed Cowbird,Molothrus ater,1,Stearns Lake,US-CO,07 Apr 2023,L382087,S133011642,,1
566,6042,species,Wilson's Snipe,Gallinago delicata,2,Stearns Lake,US-CO,07 Apr 2023,L382087,S133011642,,1
567,20953,species,Canada Jay,Perisoreus canadensis,3,Rocky Mountain NP--Nymph Lake area,US-CO,07 Apr 2023,L9743163,S133012255,,1
568,7696,species,American White Pelican,Pelecanus erythrorhynchos,60,Windsor Lake,US-CO,06 Apr 2023,L165687,S132898806,,1
569,5961,species,Long-billed Curlew,Numenius americanus,2,Pawnee NG Bird Tour--Stops 1-4 and Murphy's Pasture,US-CO,06 Apr 2023,L934951,S132910592,,1
570,26901,species,Rock Wren,Salpinctes obsoletus,1,"385 Kohl St, Broomfield US-CO (39.9211,-105.0839)",US-CO,06 Apr 2023,L23418113,S132848954,,1
571,21045,species,Pinyon Jay,Gymnorhinus cyanocephalus,4,"Pike and San Isabel National Forests, Buena Vista US-CO 38.82674, -106.04982",US-CO,05 Apr 2023,L23429586,S132911413,,1
573,11017,species,Red-naped Sapsucker,Sphyrapicus nuchalis,1,Poncha Springs (town),US-CO,05 Apr 2023,L1133761,S132911440,,1
574,1075,species,Gambel's Quail,Callipepla gambelii,6,"16809 6250 Rd, Montrose US-CO 38.44168, -107.91887",US-CO,05 Apr 2023,L23429602,S132911498,N,1
575,33287,species,Western Meadowlark,Sturnella neglecta,5,Dave Wood Road,US-CO,05 Apr 2023,L23405927,S132782521,,1
576,32925,species,Sagebrush Sparrow,Artemisiospiza nevadensis,5,Dave Wood Road,US-CO,05 Apr 2023,L23405927,S132782521,,1
577,21260,species,Clark's Nutcracker,Nucifraga columbiana,1,Dave Wood Road,US-CO,05 Apr 2023,L23405927,S132782521,,1
578,1283,species,Dusky Grouse,Dendragapus obscurus,1,Dave Wood Road,US-CO,05 Apr 2023,L23405927,S132782521,,1
579,21085,species,Woodhouse's Scrub-Jay,Aphelocoma woodhouseii,1,Feeder,US-UT,04 Apr 2023,L23394467,S132719551,,1
580,23844,species,Violet-green Swallow,Tachycineta thalassina,1,Matheson Wetlands Preserve--Main Pond & Boardwalk,US-UT,04 Apr 2023,L689299,S132904760,,1
581,7383,species,White-faced Ibis,Plegadis chihi,3,Matheson Wetlands Preserve--Main Pond & Boardwalk,US-UT,04 Apr 2023,L689299,S132904760,,1
582,5643,species,Sandhill Crane,Antigone canadensis,2,Matheson Wetlands Preserve--Main Pond & Boardwalk,US-UT,04 Apr 2023,L689299,S132904760,,1
583,33703,species,Lucy's Warbler,Leiothlypis luciae,1,Arches NP--Courthouse Wash,US-UT,04 Apr 2023,L2887210,S133339500,,1
584,32736,species,Black-throated Sparrow,Amphispiza bilineata,2,Arches NP--Delicate Arch Trail,US-UT,04 Apr 2023,L7692624,S132911527,,1
585,27891,species,Western Bluebird,Sialia mexicana,1,Highline Lake SP,US-CO,03 Apr 2023,L338760,S132650955,,1
586,6522,species,California Gull,Larus californicus,10,Highline Lake SP,US-CO,03 Apr 2023,L338760,S132650955,,1
587,6001,species,Long-billed Dowitcher,Limnodromus scolopaceus,7,Highline Lake SP,US-CO,03 Apr 2023,L338760,S132650955,,1
588,5723,species,American Avocet,Recurvirostra americana,2,Highline Lake SP,US-CO,03 Apr 2023,L338760,S132650955,,1
589,753,species,Ruddy Duck,Oxyura jamaicensis,24,Highline Lake SP,US-CO,03 Apr 2023,L338760,S132650955,,1
590,469,species,Cinnamon Teal,Spatula cyanoptera,2,Highline Lake SP,US-CO,03 Apr 2023,L338760,S132650955,,1
591,32032,species,Brown-capped Rosy-Finch,Leucosticte australis,15,Wildernest (community),US-CO,03 Apr 2023,L824314,S132650984,,1
592,32030,species,Black Rosy-Finch,Leucosticte atrata,1,Wildernest (community),US-CO,03 Apr 2023,L824314,S132650984,,1
593,27918,species,Townsend's Solitaire,Myadestes townsendi,1,Wildernest (community),US-CO,03 Apr 2023,L824314,S132650984,,1
594,27899,species,Mountain Bluebird,Sialia currucoides,1,Wildernest (community),US-CO,03 Apr 2023,L824314,S132650984,,1
595,26675,species,Pygmy Nuthatch,Sitta pygmaea,1,Wildernest (community),US-CO,03 Apr 2023,L824314,S132650984,,1
596,21252,species,Black-billed Magpie,Pica hudsonia,2,Wildernest (community),US-CO,03 Apr 2023,L824314,S132650984,,1
597,21853,species,Mountain Chickadee,Poecile gambeli,2,Georgetown (town),US-CO,03 Apr 2023,L276186,S132651003,,1
598,16843,species,Say's Phoebe,Sayornis saya,1,Civic Center Park,US-CO,01 Apr 2023,L10418607,S132411966,,1
599,8391,species,Red-shouldered Hawk,Buteo lineatus,2,Parc La Fontaine,CA-QC,27 Mar 2023,L1333093,S131957872,,1
600,11020,species,Red-breasted Sapsucker,Sphyrapicus ruber,1,Stanley Park,CA-BC,11 Feb 2023,L275701,S130230947,,1
601,32905,species,White-crowned Sparrow,Zonotrichia leucophrys,1,Esquimalt Lagoon,CA-BC,10 Feb 2023,L350246,S130230018,,1
602,33574,species,Brewer's Blackbird,Euphagus cyanocephalus,2,Sooke--Whiffin Spit Park,CA-BC,09 Feb 2023,L351678,S127975991,,1
603,32914,species,Golden-crowned Sparrow,Zonotrichia atricapilla,5,Sooke--Whiffin Spit Park,CA-BC,09 Feb 2023,L351678,S127975991,,1
604,6102,species,Black Turnstone,Arenaria melanocephala,14,Sooke--Whiffin Spit Park,CA-BC,09 Feb 2023,L351678,S127975991,,1
605,6330,species,Marbled Murrelet,Brachyramphus marmoratus,3,Sooke--Otter Point,CA-BC,09 Feb 2023,L1307079,S127975867,,1
607,6312,species,Rhinoceros Auklet,Cerorhinca monocerata,2,Ferry - Tsawwassen to Active Pass,CA-BC,09 Feb 2023,L306824,S127975779,,1
609,6809,species,Western Grebe,Aechmophorus occidentalis,50,Tsawwassen Ferry Terminal Jetty,CA-BC,09 Feb 2023,L282714,S127939525,,1
610,370,species,Trumpeter Swan,Cygnus buccinator,5,Delta--Highway 17 ponds (The Scrape),CA-BC,09 Feb 2023,L993434,S127976116,,1
611,6339,species,Pigeon Guillemot,Cepphus columba,1,Stanley Park,CA-BC,05 Feb 2023,L275701,S127975647,,1
612,32034,species,House Finch,Haemorhous mexicanus,5,Stanley Park,CA-BC,03 Feb 2023,L275701,S127553219,,1
613,25018,species,Bushtit,Psaltriparus minimus,10,Stanley Park,CA-BC,03 Feb 2023,L275701,S127553219,,1
614,6852,species,Pacific Loon,Gavia pacifica,1,Stanley Park,CA-BC,03 Feb 2023,L275701,S127553219,,1
615,5443,species,American Coot,Fulica americana,3,Stanley Park,CA-BC,03 Feb 2023,L275701,S127553219,,1
616,7305,species,Brandt's Cormorant,Urile penicillatus,1,"498 Cardero St, Vancouver CA-BC 49.29258, -123.12809",CA-BC,03 Feb 2023,L22453341,S127553046,,1
617,27427,species,American Dipper,Cinclus mexicanus,1,Furry Creek mouth (Oliver's Landing),CA-BC,02 Feb 2023,L1450042,S127495158,,1
618,21046,species,Steller's Jay,Cyanocitta stelleri,1,Squamish Estuary Trail,CA-BC,02 Feb 2023,L10199626,S127495116,,1
619,33108,species,Spotted Towhee,Pipilo maculatus,2,West Vancouver--Lighthouse Park,CA-BC,02 Feb 2023,L292545,S127495072,,1
620,28003,species,Varied Thrush,Ixoreus naevius,6,West Vancouver--Lighthouse Park,CA-BC,02 Feb 2023,L292545,S127495072,,1
621,27038,species,Pacific Wren,Troglodytes pacificus,1,West Vancouver--Lighthouse Park,CA-BC,02 Feb 2023,L292545,S127495072,,1
622,21870,species,Chestnut-backed Chickadee,Poecile rufescens,1,West Vancouver--Lighthouse Park,CA-BC,02 Feb 2023,L292545,S127495072,,1
623,7307,species,Pelagic Cormorant,Urile pelagicus,1,West Vancouver--Lighthouse Park,CA-BC,02 Feb 2023,L292545,S127495072,,1
624,6526,species,Glaucous-winged Gull,Larus glaucescens,10,West Vancouver--Lighthouse Park,CA-BC,02 Feb 2023,L292545,S127495072,,1
625,6453,species,Short-billed Gull,Larus brachyrhynchus,10,West Vancouver--Lighthouse Park,CA-BC,02 Feb 2023,L292545,S127495072,,1
626,5749,species,Black Oystercatcher,Haematopus bachmani,3,West Vancouver--Lighthouse Park,CA-BC,02 Feb 2023,L292545,S127495072,,1
627,4758,species,Anna's Hummingbird,Calypte anna,1,West Vancouver--Lighthouse Park,CA-BC,02 Feb 2023,L292545,S127495072,,1
628,8811,species,Great Horned Owl,Bubo virginianus,1,Technoparc Mtl--Site général,CA-QC,22 Jan 2023,L4886900,S126696325,,1
629,33084,species,Cabanis's Ground-Sparrow,Melozone cabanisi,1,Coffee Plantation Bougainvilla,CR-H,16 Jan 2023,L22235374,S126340999,,1
630,35262,species,Nicaraguan Seed-Finch,Sporophila nuttingi,1,"Vía 138, Los Chiles CR-Province d’Alajuela 10.96841, -84.74714",CR-A,16 Jan 2023,L22225597,S126285876,,1
631,35243,species,Ruddy-breasted Seedeater,Sporophila minuta,3,Medio Queso wetland,CR-A,15 Jan 2023,L1766624,S126246130,,1
632,8307,species,Snail Kite,Rostrhamus sociabilis,1,Medio Queso wetland,CR-A,15 Jan 2023,L1766624,S126246130,,1
633,7474,species,Pinnated Bittern,Botaurus pinnatus,1,Medio Queso wetland,CR-A,15 Jan 2023,L1766624,S126246130,,1
634,6067,species,Solitary Sandpiper,Tringa solitaria,3,"Vía 138, Los Chiles CR-Province d’Alajuela 10.97164, -84.71747",CR-A,15 Jan 2023,L22218827,S126246058,,1
635,8349,species,Harris's Hawk,Parabuteo unicinctus,1,"Vía 138, Los Chiles CR-Province d’Alajuela 10.97312, -84.72369",CR-A,15 Jan 2023,L22218816,S126245983,,1
636,33736,species,Olive-crowned Yellowthroat,Geothlypis semiflava,1,Refugio mixto Caño Negro,CR-A,15 Jan 2023,L691866,S126207560,,1
637,33603,species,Nicaraguan Grackle,Quiscalus nicaraguensis,3,Refugio mixto Caño Negro,CR-A,15 Jan 2023,L691866,S126207560,,1
638,27295,species,Canebrake Wren,Cantorchilus zeledoni,1,Refugio mixto Caño Negro,CR-A,15 Jan 2023,L691866,S126207560,,1
640,15938,species,Tropical Royal Flycatcher,Onychorhynchus coronatus,1,Refugio mixto Caño Negro,CR-A,15 Jan 2023,L691866,S126207560,,1
641,8304,species,Black-collared Hawk,Busarellus nigricollis,1,Refugio mixto Caño Negro,CR-A,15 Jan 2023,L691866,S126207560,,1
642,7219,species,Jabiru,Jabiru mycteria,1,Refugio mixto Caño Negro,CR-A,15 Jan 2023,L691866,S126207560,,1
643,5574,species,Yellow-breasted Crake,Laterallus flaviventer,1,Refugio mixto Caño Negro,CR-A,15 Jan 2023,L691866,S126207560,,1
644,16530,species,Yellow-bellied Elaenia,Elaenia flavogaster,1,Refugio mixto Caño Negro,CR-A,14 Jan 2023,L691866,S126207460,,1
645,7467,species,Agami Heron,Agamia agami,1,Refugio mixto Caño Negro,CR-A,14 Jan 2023,L691866,S126207460,,1
646,5586,species,White-throated Crake,Laterallus albigularis,1,Refugio mixto Caño Negro,CR-A,14 Jan 2023,L691866,S126207460,,1
647,2314,species,Gray-headed Dove,Leptotila plumbeiceps,2,Refugio mixto Caño Negro,CR-A,14 Jan 2023,L691866,S126207460,,1
648,468,species,Blue-winged Teal,Spatula discors,,Refugio mixto Caño Negro,CR-A,14 Jan 2023,L691866,S126207460,,1
649,8756,species,Pacific Screech-Owl,Megascops cooperi,2,Poponjoche Hôtel,CR-A,14 Jan 2023,L22199314,S126142559,,1
650,9066,species,Black-and-white Owl,Strix nigrolineata,1,Arenal 1968 Volcano View and Trails,CR-A,13 Jan 2023,L19267010,S126088176,,1
651,34203,species,Carmiol's Tanager,Chlorothraupis carmioli,10,Arenal Observatory Lodge,CR-A,13 Jan 2023,L436229,S126063937,,1
652,33715,species,Gray-crowned Yellowthroat,Geothlypis poliocephala,1,Arenal Observatory Lodge,CR-A,13 Jan 2023,L436229,S126063937,,1
653,16142,species,Scale-crested Pygmy-Tyrant,Lophotriccus pileatus,1,Arenal Observatory Lodge,CR-A,13 Jan 2023,L436229,S126063937,,1
654,14482,species,Piping Woodcreeper,Deconychura typica,2,Arenal Observatory Lodge,CR-A,13 Jan 2023,L436229,S126063937,,1
655,13997,species,Ocellated Antbird,Phaenostictus mcleannani,1,Arenal Observatory Lodge,CR-A,13 Jan 2023,L436229,S126063937,,1
656,4905,species,Bronze-tailed Plumeleteer,Chalybura urochrysia,1,Arenal Observatory Lodge,CR-A,13 Jan 2023,L436229,S126063937,,1
657,4873,species,Violet-headed Hummingbird,Klais guimeti,3,Arenal Observatory Lodge,CR-A,13 Jan 2023,L436229,S126063937,,1
658,27268,species,Black-throated Wren,Pheugopedius atrogularis,1,Arenal Observatory Lodge--access rd,CR-A,13 Jan 2023,L1144728,S126063973,,1
659,34122,species,Hepatic Tanager,Piranga flava,2,Las Cabañitas de Sammy,CR-A,12 Jan 2023,L22178168,S126026737,,1
660,17079,species,Bright-rumped Attila,Attila spadiceus,1,Embouchure du Río Agua Caliente,CR-A,12 Jan 2023,L22178276,S126064050,,1
661,6823,species,Sunbittern,Eurypyga helias,2,Embouchure du Río Agua Caliente,CR-A,12 Jan 2023,L22178276,S126064050,,1
662,8367,species,White Hawk,Pseudastur albicollis,1,Pont du Río Agua Caliente,CR-A,12 Jan 2023,L22178286,S126063910,,1
663,34502,species,Crimson-collared Tanager,Ramphocelus sanguinolentus,1,San Luis--Finca Ecológica,CR-P,12 Jan 2023,L4498358,S125985484,,1
664,7772,species,Hook-billed Kite,Chondrohierax uncinatus,1,San Luis--Finca Ecológica,CR-P,11 Jan 2023,L4498358,S125938755,,1
665,28258,species,White-throated Thrush,Turdus assimilis,1,"Auto selected 10.29832, -84.81397",CR-P,11 Jan 2023,L22162564,S125938926,,1
666,16557,species,Mountain Elaenia,Elaenia frantzii,1,"Auto selected 10.29832, -84.81397",CR-P,11 Jan 2023,L22162564,S125938926,,1
667,14463,species,Olivaceous Woodcreeper,Sittasomus griseicapillus,1,"Auto selected 10.29832, -84.81397",CR-P,11 Jan 2023,L22162564,S125938926,,1
668,4998,species,Blue-vented Hummingbird,Saucerottia hoffmanni,1,"Auto selected 10.29832, -84.81397",CR-P,11 Jan 2023,L22162564,S125938926,,1
669,27282,species,Rufous-and-white Wren,Thryophilus rufalbus,2,Stella's Bakery,CR-P,11 Jan 2023,L673542,S125985532,,1
670,33078,species,White-eared Ground-Sparrow,Melozone leucotis,1,Stella's Bakery,CR-P,10 Jan 2023,L673542,S125898360,,1
671,4950,species,Coppery-headed Emerald,Microchera cupreiceps,1,"Auto selected 10.30120, -84.80019",CR-P,10 Jan 2023,L22153049,S125874331,,1
672,28028,species,Slaty-backed Nightingale-Thrush,Catharus fuscater,3,Reserva Biológica Bosque Nuboso Monteverde,CR-P,10 Jan 2023,L552342,S125874293,,1
673,16043,species,Olive-streaked Flycatcher,Mionectes olivaceus,1,Reserva Biológica Bosque Nuboso Monteverde,CR-P,10 Jan 2023,L552342,S125874293,,1
674,16002,species,White-throated Spadebill,Platyrinchus mystaceus,1,Reserva Biológica Bosque Nuboso Monteverde,CR-P,10 Jan 2023,L552342,S125874293,,1
675,15134,species,Spotted Barbtail,Premnoplex brunnescens,1,Reserva Biológica Bosque Nuboso Monteverde,CR-P,10 Jan 2023,L552342,S125874293,,1
676,15094,species,Streak-breasted Treehunter,Thripadectes rufobrunneus,1,Reserva Biológica Bosque Nuboso Monteverde,CR-P,10 Jan 2023,L552342,S125874293,,1
677,13918,species,Zeledon's Antbird,Hafferia zeledoni,1,Reserva Biológica Bosque Nuboso Monteverde,CR-P,10 Jan 2023,L552342,S125874293,,1
678,13774,species,Dusky Antbird,Cercomacroides tyrannina,2,Reserva Biológica Bosque Nuboso Monteverde,CR-P,10 Jan 2023,L552342,S125874293,,1
679,13502,species,Plain Antvireo,Dysithamnus mentalis,3,Reserva Biológica Bosque Nuboso Monteverde,CR-P,10 Jan 2023,L552342,S125874293,,1
680,10724,species,Prong-billed Barbet,Semnornis frantzii,4,Reserva Biológica Bosque Nuboso Monteverde,CR-P,10 Jan 2023,L552342,S125874293,,1
681,9404,species,Resplendent Quetzal,Pharomachrus mocinno,1,Reserva Biológica Bosque Nuboso Monteverde,CR-P,10 Jan 2023,L552342,S125874293,,1
682,4957,species,Stripe-tailed Hummingbird,Eupherusa eximia,1,Reserva Biológica Bosque Nuboso Monteverde,CR-P,10 Jan 2023,L552342,S125874293,,1
683,4894,species,Violet Sabrewing,Campylopterus hemileucurus,1,Reserva Biológica Bosque Nuboso Monteverde,CR-P,10 Jan 2023,L552342,S125874293,,1
684,4739,species,Magenta-throated Woodstar,Philodice bryantae,2,Reserva Biológica Bosque Nuboso Monteverde,CR-P,10 Jan 2023,L552342,S125874293,,1
685,4651,species,Green-crowned Brilliant,Heliodoxa jacula,5,Reserva Biológica Bosque Nuboso Monteverde,CR-P,10 Jan 2023,L552342,S125874293,,1
686,20971,species,Azure-hooded Jay,Cyanolyca cucullata,1,"Auto selected 10.30138, -84.80234",CR-P,10 Jan 2023,L22152761,S125871682,,1
687,828,species,Plain Chachalaca,Ortalis vetula,2,Cabina Serena Lodge,CR-P,09 Jan 2023,L22104765,S125867630,,1
688,32684,species,Olive Sparrow,Arremonops rufivirgatus,1,Cabina Serena Lodge,CR-P,09 Jan 2023,L22104765,S125871658,,1
689,5042,species,Cinnamon Hummingbird,Amazilia rutila,1,Cabina Serena Lodge,CR-P,09 Jan 2023,L22104765,S125871623,,1
690,34168,species,Red-crowned Ant-Tanager,Habia rubica,1,Reserva Cabo Blanco,CR-P,07 Jan 2023,L496147,S125871501,,1
691,33673,species,Worm-eating Warbler,Helmitheros vermivorum,1,Reserva Cabo Blanco,CR-P,07 Jan 2023,L496147,S125871501,,1
692,16504,species,Greenish Elaenia,Myiopagis viridicata,3,Reserva Cabo Blanco,CR-P,07 Jan 2023,L496147,S125871501,,1
693,15536,species,Long-tailed Manakin,Chiroxiphia linearis,10,Reserva Cabo Blanco,CR-P,07 Jan 2023,L496147,S125871501,,1
694,14693,species,Ivory-billed Woodcreeper,Xiphorhynchus flavigaster,1,Reserva Cabo Blanco,CR-P,07 Jan 2023,L496147,S125871501,,1
695,20988,species,White-throated Magpie-Jay,Cyanocorax formosus,2,"Auto selected 9.59299, -85.09367",CR-P,07 Jan 2023,L22152694,S125871383,,1
696,34331,species,Painted Bunting,Passerina ciris,1,Cabina Serena Lodge,CR-P,07 Jan 2023,L22104765,S125594507,,1
697,33448,species,Streak-backed Oriole,Icterus pustulatus,1,Cabina Serena Lodge,CR-P,07 Jan 2023,L22104765,S125594507,,1
698,32633,species,Stripe-headed Sparrow,Peucaea ruficauda,1,Cabina Serena Lodge,CR-P,07 Jan 2023,L22104765,S125594507,,1
699,15910,species,Rose-throated Becard,Pachyramphus aglaiae,1,Cabina Serena Lodge,CR-P,07 Jan 2023,L22104765,S125594507,,1
700,15885,species,White-winged Becard,Pachyramphus polychopterus,1,Cabina Serena Lodge,CR-P,07 Jan 2023,L22104765,S125594507,,1
701,12825,species,White-fronted Amazon,Amazona albifrons,5,Cabina Serena Lodge,CR-P,07 Jan 2023,L22104765,S125594507,,1
702,9430,species,Black-headed Trogon,Trogon melanocephalus,3,Cabina Serena Lodge,CR-P,07 Jan 2023,L22104765,S125594507,,1
703,4333,species,Green-breasted Mango,Anthracothorax prevostii,2,Cabina Serena Lodge,CR-P,07 Jan 2023,L22104765,S125594507,,1
704,17166,species,Brown-crested Flycatcher,Myiarchus tyrannulus,1,"Calle Tajo, Cañas CR-Province de Guanacaste 10.21818, -85.21779",CR-G,06 Jan 2023,L22101386,S125577069,,1
705,12976,species,Orange-fronted Parakeet,Eupsittula canicularis,20,Tárcoles--Playa Azul,CR-P,06 Jan 2023,L2319271,S125577149,,1
706,34148,species,Western Tanager,Piranga ludoviciana,1,PN Carara--Puente Río  Tárcoles,CR-P,06 Jan 2023,L325916,S125576829,,1
707,27160,species,Rufous-backed Wren,Campylorhynchus capistratus,1,PN Carara--Puente Río  Tárcoles,CR-P,06 Jan 2023,L325916,S125576829,,1
708,5713,species,Black-necked Stilt,Himantopus mexicanus,6,PN Carara--Puente Río  Tárcoles,CR-P,06 Jan 2023,L325916,S125576829,,1
709,6168,species,Semipalmated Sandpiper,Calidris pusilla,1,Tárcoles--parche de mangle en la desembocadura,CR-P,05 Jan 2023,L3249909,S125502263,,1
710,6167,species,Western Sandpiper,Calidris mauri,40,Tárcoles--parche de mangle en la desembocadura,CR-P,05 Jan 2023,L3249909,S125502263,,1
711,233,species,Black-bellied Whistling-Duck,Dendrocygna autumnalis,2,"Carretera Pacífica Fernández Oreamuno, Garabito CR-Province de Puntarenas 9.61508, -84.61884",CR-P,05 Jan 2023,L22086622,S125502303,,1
712,17318,species,Scissor-tailed Flycatcher,Tyrannus forficatus,1,"Carretera Pacífica Fernández Oreamuno, Parrita CR-Province de Puntarenas (9.5336,-84.4490)",CR-P,05 Jan 2023,L22086630,S125502339,,1
713,35222,species,Blue-black Grassquit,Volatinia jacarina,1,Finca Puesta Del Sol,CR-P,05 Jan 2023,L22070224,S125502527,,1
714,33401,species,Orchard Oriole,Icterus spurius,5,Kokopelli Tour,CR-P,04 Jan 2023,L22070195,S125410897,,1
715,3698,species,Common Potoo,Nyctibius griseus,1,Kokopelli Tour,CR-P,04 Jan 2023,L22070195,S125410897,,1
716,3431,species,Lesser Nighthawk,Chordeiles acutipennis,2,Kokopelli Tour,CR-P,04 Jan 2023,L22070195,S125410897,,1
717,2250,species,Blue Ground Dove,Claravis pretiosa,1,Kokopelli Tour,CR-P,04 Jan 2023,L22070195,S125410897,,1
718,10273,species,White-necked Puffbird,Notharchus hyperrhynchus,2,Sierpe (town),CR-P,04 Jan 2023,L1885327,S125410977,,1
719,7826,species,Swallow-tailed Kite,Elanoides forficatus,5,Finca Puesta Del Sol,CR-P,04 Jan 2023,L22070224,S125411076,,1
720,7776,species,Gray-headed Kite,Leptodon cayanensis,1,Finca Puesta Del Sol,CR-P,04 Jan 2023,L22070224,S125411076,,1
721,33316,species,Red-breasted Meadowlark,Leistes militaris,7,Carbonera Agricultural Fields (near Escuela Carbonera),CR-P,03 Jan 2023,L2830460,S125361416,,1
722,8402,species,Zone-tailed Hawk,Buteo albonotatus,1,Carbonera Agricultural Fields (near Escuela Carbonera),CR-P,03 Jan 2023,L2830460,S125361416,,1
723,11832,species,Barred Forest-Falcon,Micrastur ruficollis,1,Lapa Rios (Hotspot),CR-P,03 Jan 2023,L5140699,S125361379,,1
724,26825,species,Long-billed Gnatwren,Ramphocaenus melanurus,2,Lapa Rios (Hotspot),CR-P,03 Jan 2023,L5140699,S125361349,,1
725,34290,species,Blue-black Grosbeak,Cyanoloxia cyanoides,1,Greg Gund Conservation Center,CR-P,03 Jan 2023,L1895062,S125361334,,1
726,34200,species,Black-cheeked Ant-Tanager,Driophlox atrimaxillaris,1,Greg Gund Conservation Center,CR-P,03 Jan 2023,L1895062,S125361334,,1
727,15569,species,Velvety Manakin,Lepidothrix velutina,1,Greg Gund Conservation Center,CR-P,03 Jan 2023,L1895062,S125361334,,1
728,15105,species,Chiriqui Foliage-gleaner,Automolus exsertus,1,Greg Gund Conservation Center,CR-P,03 Jan 2023,L1895062,S125361334,,1
729,14819,species,Northern Plain-Xenops,Xenops mexicanus,1,Greg Gund Conservation Center,CR-P,03 Jan 2023,L1895062,S125361334,,1
730,7261,species,Cocos Booby,Sula brewsteri,5,Osa Conservation (Piro Biological Station),CR-P,03 Jan 2023,L810554,S125361298,,1
731,18924,species,Tawny-crowned Greenlet,Tunchiornis ochraceiceps,2,Osa Conservation (Piro Biological Station),CR-P,02 Jan 2023,L810554,S125207882,,1
732,17260,species,Streaked Flycatcher,Myiodynastes maculatus,1,Osa Conservation (Piro Biological Station),CR-P,02 Jan 2023,L810554,S125207882,,1
733,14702,species,Black-striped Woodcreeper,Xiphorhynchus lachrymosus,1,Osa Conservation (Piro Biological Station),CR-P,02 Jan 2023,L810554,S125207882,,1
734,14508,species,Tawny-winged Woodcreeper,Dendrocincla anabatina,1,Osa Conservation (Piro Biological Station),CR-P,02 Jan 2023,L810554,S125207882,,1
735,13414,species,Black-hooded Antshrike,Thamnophilus bridgesi,2,Osa Conservation (Piro Biological Station),CR-P,02 Jan 2023,L810554,S125207882,,1
736,10209,species,American Pygmy Kingfisher,Chloroceryle aenea,1,Osa Conservation (Piro Biological Station),CR-P,02 Jan 2023,L810554,S125207882,,1
737,8174,species,Bicolored Hawk,Astur bicolor,1,Osa Conservation (Piro Biological Station),CR-P,02 Jan 2023,L810554,S125207882,,1
738,6770,species,Least Grebe,Tachybaptus dominicus,2,Osa Conservation (Piro Biological Station),CR-P,02 Jan 2023,L810554,S125207882,,1
739,2275,species,Ruddy Quail-Dove,Geotrygon montana,2,Osa Conservation (Piro Biological Station),CR-P,02 Jan 2023,L810554,S125162830,,1
740,14333,species,Black-faced Antthrush,Formicarius analis,3,Osa Conservation (Piro Biological Station),CR-P,01 Jan 2023,L810554,S125134279,,1
741,13939,species,Bicolored Antbird,Gymnopithys bicolor,2,Osa Conservation (Piro Biological Station),CR-P,01 Jan 2023,L810554,S125134279,,1
742,8325,species,Great Black Hawk,Buteogallus urubitinga,1,Osa Conservation (Piro Biological Station),CR-P,01 Jan 2023,L810554,S125208363,,1
743,34448,species,Gray-headed Tanager,Eucometis penicillata,2,Trail to high Osa Mirador,CR-P,01 Jan 2023,L22001168,S125053662,,1
744,18887,species,Scrub Greenlet,Hylophilus flavipes,2,Trail to high Osa Mirador,CR-P,01 Jan 2023,L22001168,S125053662,,1
745,5134,species,Charming Hummingbird,Polyerata decora,1,Trail to high Osa Mirador,CR-P,01 Jan 2023,L22001168,S125053662,,1
746,26868,species,White-browed Gnatcatcher,Polioptila bilineata,1,High Osa Mirador,CR-P,01 Jan 2023,L22001200,S125053853,,1
747,15759,species,Turquoise Cotinga,Cotinga ridgwayi,2,High Osa Mirador,CR-P,01 Jan 2023,L22001200,S125053853,,1
748,8378,species,Gray-lined Hawk,Buteo nitidus,1,High Osa Mirador,CR-P,01 Jan 2023,L22001200,S125053853,,1
749,3191,species,Mangrove Cuckoo,Coccyzus minor,1,High Osa Mirador,CR-P,01 Jan 2023,L22001200,S125053853,,1
750,5139,species,Blue-throated Goldentail,Chlorestes eliciae,4,Osa Conservation (Piro Biological Station),CR-P,31 Dec 2022,L810554,S125208961,,1
751,7728,species,Lesser Yellow-headed Vulture,Cathartes burrovianus,1,"Auto selected 8.53491, -83.29440",CR-P,31 Dec 2022,L22001241,S125054030,,1
752,33540,species,Shiny Cowbird,Molothrus bonariensis,7,Rio Rincón bridge & environs,CR-P,31 Dec 2022,L480217,S124968714,,1
753,15787,species,Yellow-billed Cotinga,Carpodectes antoniae,10,Rio Rincón bridge & environs,CR-P,31 Dec 2022,L480217,S124968714,,1
754,7446,species,Roseate Spoonbill,Platalea ajaja,1,Rio Rincón bridge & environs,CR-P,31 Dec 2022,L480217,S124968714,,1
755,7377,species,White Ibis,Eudocimus albus,4,Rio Rincón bridge & environs,CR-P,31 Dec 2022,L480217,S124968714,,1
756,5384,species,Gray-cowled Wood-Rail,Aramides cajaneus,1,Rio Rincón bridge & environs,CR-P,31 Dec 2022,L480217,S124968714,,1
757,2984,species,Smooth-billed Ani,Crotophaga ani,1,Rio Rincón bridge & environs,CR-P,31 Dec 2022,L480217,S124968714,,1
758,13028,species,Scarlet Macaw,Ara macao,6,"Vía 245, Osa CR-Province de Puntarenas 8.69929, -83.48390",CR-P,31 Dec 2022,L21984857,S124968839,,1
759,3839,species,Costa Rican Swift,Chaetura fumosa,10,"Vía 245, Osa CR-Province de Puntarenas 8.69929, -83.48390",CR-P,31 Dec 2022,L21984857,S124968839,,1
761,33272,species,Wrenthrush,Zeledonia coronata,1,Paraiso Quetzal Lodge - Km 70,CR-SJ,30 Dec 2022,L1457094,S124970913,,1
762,18853,species,Rufous-browed Peppershrike,Cyclarhis gujanensis,1,Paraiso Quetzal Lodge - Km 70,CR-SJ,30 Dec 2022,L1457094,S124970913,,1
763,4681,species,Fiery-throated Hummingbird,Panterpe insignis,1,Paraiso Quetzal Lodge - Km 70,CR-SJ,30 Dec 2022,L1457094,S124971060,,1
764,4669,species,Talamanca Hummingbird,Eugenes spectabilis,1,"Auto selected 9.52590, -83.69886",CR-SJ,29 Dec 2022,L21963271,S124861310,,1
765,4951,species,White-tailed Emerald,Microchera chionura,1,"Auto selected 9.46093, -83.60433",CR-SJ,28 Dec 2022,L21923626,S124789210,,1
766,33960,species,Golden-crowned Warbler,Basileuterus culicivorus,2,San Gerardo de Rivas--Herradura,CR-SJ,28 Dec 2022,L4878740,S124759606,,1
767,16290,species,Eye-ringed Flatbill,Rhynchocyclus brevirostris,1,San Gerardo de Rivas--Herradura,CR-SJ,28 Dec 2022,L4878740,S124759606,,1
768,5013,species,Snowy-bellied Hummingbird,Saucerottia edward,1,San Gerardo de Rivas--Herradura,CR-SJ,28 Dec 2022,L4878740,S124759606,,1
769,4856,species,Garden Emerald,Chlorostilbon assimilis,1,San Gerardo de Rivas--Herradura,CR-SJ,28 Dec 2022,L4878740,S124759606,,1
770,4401,species,White-crested Coquette,Lophornis adorabilis,1,San Gerardo de Rivas--Herradura,CR-SJ,28 Dec 2022,L4878740,S124759606,,1
771,11061,species,Red-crowned Woodpecker,Melanerpes rubricapillus,1,"Auto selected 9.46093, -83.60433",CR-SJ,27 Dec 2022,L21923626,S124729408,,1
772,4962,species,Scaly-breasted Hummingbird,Phaeochroa cuvierii,1,"Auto selected 9.46093, -83.60433",CR-SJ,27 Dec 2022,L21923626,S124729408,,1
773,27299,species,Riverside Wren,Cantorchilus semibadius,2,Jardines Secretos,CR-SJ,27 Dec 2022,L21932819,S124711722,,1
774,27242,species,Rufous-breasted Wren,Pheugopedius rutilus,2,Jardines Secretos,CR-SJ,27 Dec 2022,L21932819,S124711722,,1
775,34266,species,Rose-breasted Grosbeak,Pheucticus ludovicianus,2,"Auto selected 9.46093, -83.60433",CR-SJ,27 Dec 2022,L21923626,S124689917,,1
776,8312,species,Barred Hawk,Morphnarchus princeps,1,"Auto selected 9.46093, -83.60433",CR-SJ,27 Dec 2022,L21923626,S124689917,,1
777,10785,species,Fiery-billed Aracari,Pteroglossus frantzii,4,"Auto selected 9.46093, -83.60433",CR-SJ,26 Dec 2022,L21923626,S124665655,,1
778,10711,species,Red-headed Barbet,Eubucco bourcierii,2,Restaurant Roca Dura,CR-SJ,26 Dec 2022,L21923144,S124662325,,1
779,31721,species,Golden-browed Chlorophonia,Chlorophonia callophrys,4,PN Chirripó -- Entrance to the park trail,CR-SJ,26 Dec 2022,L5082706,S124662189,,1
780,16109,species,Rufous-browed Tyrannulet,Phylloscartes superciliaris,1,PN Chirripó -- Entrance to the park trail,CR-SJ,26 Dec 2022,L5082706,S124662189,,1
781,16077,species,Slaty-capped Flycatcher,Leptopogon superciliaris,1,PN Chirripó -- Entrance to the park trail,CR-SJ,26 Dec 2022,L5082706,S124662189,,1
782,32875,species,Volcano Junco,Junco vulcani,3,PN Chirripó--Cerro Chirripó,CR-SJ,26 Dec 2022,L1275866,S124651697,,1
783,3562,species,Dusky Nightjar,Antrostomus saturatus,1,Base Crestones,CR-SJ,25 Dec 2022,L21920864,S124651576,,1
784,35101,species,Slaty Finch,Haplospiza rustica,2,Camino al Chirripó - Km 11 hasta Km 14,CR-SJ,25 Dec 2022,L20988737,S124592474,,1
785,33039,species,Large-footed Finch,Pezopetes capitalis,2,Camino al Chirripó - Km 11 hasta Km 14,CR-SJ,25 Dec 2022,L20988737,S124592474,,1
786,33948,species,Black-cheeked Warbler,Basileuterus melanogenys,5,Camino al Chirripó - Km 3 hasta Km 7,CR-SJ,25 Dec 2022,L20988757,S124592267,,1
787,27371,species,Gray-breasted Wood-Wren,Henicorhina leucophrys,2,Camino al Chirripó - Km 3 hasta Km 7,CR-SJ,25 Dec 2022,L20988757,S124592267,,1
788,26991,species,Ochraceous Wren,Troglodytes ochraceus,2,Camino al Chirripó - Km 3 hasta Km 7,CR-SJ,25 Dec 2022,L20988757,S124592267,,1
789,20968,species,Silvery-throated Jay,Cyanolyca argentigula,5,Camino al Chirripó - Km 3 hasta Km 7,CR-SJ,25 Dec 2022,L20988757,S124592267,,1
790,19022,species,Yellow-winged Vireo,Vireo carmioli,5,Camino al Chirripó - Km 3 hasta Km 7,CR-SJ,25 Dec 2022,L20988757,S124592267,,1
791,15147,species,Ruddy Treerunner,Margarornis rubiginosus,2,Camino al Chirripó - Km 3 hasta Km 7,CR-SJ,25 Dec 2022,L20988757,S124592267,,1
792,1140,species,Spotted Wood-Quail,Odontophorus guttatus,4,Camino al Chirripó - Km 3 hasta Km 7,CR-SJ,25 Dec 2022,L20988757,S124592267,,1
793,16817,species,Yellowish Flycatcher,Empidonax flavescens,3,Camino al Chirripó - Entrada hasta Km 3,CR-SJ,25 Dec 2022,L21017252,S124591990,,1
794,15042,species,Buff-fronted Foliage-gleaner,Dendroma rufa,1,Camino al Chirripó - Entrada hasta Km 3,CR-SJ,25 Dec 2022,L21017252,S124591990,,1
795,12951,species,Sulphur-winged Parakeet,Pyrrhura hoffmanni,8,Camino al Chirripó - Entrada hasta Km 3,CR-SJ,25 Dec 2022,L21017252,S124591990,,1
796,10729,species,Northern Emerald-Toucanet,Aulacorhynchus prasinus,4,Camino al Chirripó - Entrada hasta Km 3,CR-SJ,25 Dec 2022,L21017252,S124591990,,1
797,1950,species,Ruddy Pigeon,Patagioenas subvinacea,1,Camino al Chirripó - Entrada hasta Km 3,CR-SJ,25 Dec 2022,L21017252,S124591990,,1
798,9755,species,Lesson's Motmot,Momotus lessonii,1,"La Chispa, Pérez Zeledón CR-Province de San José (9.4680,-83.5918)",CR-SJ,25 Dec 2022,L21923639,S124665736,,1
799,3542,species,Rufous Nightjar,Antrostomus rufus,2,"Auto selected 9.46917, -83.58986",CR-SJ,24 Dec 2022,L21901834,S124553661,,1
800,31762,species,Spot-crowned Euphonia,Euphonia imitans,1,Robino’s Restaurant - Birds Sanctuary Terrace,CR-SJ,24 Dec 2022,L21901821,S124553551,,1
801,31754,species,Thick-billed Euphonia,Euphonia laniirostris,1,Robino’s Restaurant - Birds Sanctuary Terrace,CR-SJ,24 Dec 2022,L21901821,S124553551,,1
802,4670,species,Long-billed Starthroat,Heliomaster longirostris,1,Robino’s Restaurant - Birds Sanctuary Terrace,CR-SJ,24 Dec 2022,L21901821,S124553551,,1
803,33694,species,Flame-throated Warbler,Oreothlypis gutturalis,2,Savegre Valley- Vuelta del Gato,CR-SJ,24 Dec 2022,L4379441,S124552941,,1
804,28007,species,Black-billed Nightingale-Thrush,Catharus gracilirostris,1,Savegre Valley- Vuelta del Gato,CR-SJ,24 Dec 2022,L4379441,S124552941,,1
805,16716,species,Tufted Flycatcher,Mitrephanes phaeocercus,1,Savegre Valley- Vuelta del Gato,CR-SJ,24 Dec 2022,L4379441,S124552941,,1
806,34151,species,Flame-colored Tanager,Piranga bidentata,2,Trogón Lodge,CR-SJ,24 Dec 2022,L721363,S124552911,,1
807,28214,species,Mountain Thrush,Turdus plebejus,1,Trogón Lodge,CR-SJ,24 Dec 2022,L721363,S124552911,,1
808,4707,species,White-throated Mountain-gem,Lampornis castaneoventris,1,Trogón Lodge,CR-SJ,24 Dec 2022,L721363,S124552911,,1
809,4304,species,Lesser Violetear,Colibri cyanotus,2,Trogón Lodge,CR-SJ,24 Dec 2022,L721363,S124552911,,1
810,7748,species,White-tailed Kite,Elanus leucurus,1,graslands behind lagunas de Doña Ana,CR-C,24 Dec 2022,L3135076,S124553689,,1
811,33943,species,Chestnut-capped Warbler,Basileuterus delattrii,3,"Calle Queverí, Paraíso CR-Province de Cartago 9.76514, -83.84173",CR-C,23 Dec 2022,L21891298,S124494723,,1
812,11737,species,Golden-olive Woodpecker,Colaptes rubiginosus,1,Puente Purisil,CR-C,23 Dec 2022,L6632913,S124494867,,1
813,34758,species,Spangle-cheeked Tanager,Tangara dowii,3,PN Tapanti--Sector Tapanti,CR-C,23 Dec 2022,L447854,S124495814,,1
814,34677,species,Speckled Tanager,Ixothraupis guttata,3,PN Tapanti--Sector Tapanti,CR-C,23 Dec 2022,L447854,S124495814,,1
815,27936,species,Black-faced Solitaire,Myadestes melanops,1,PN Tapanti--Sector Tapanti,CR-C,23 Dec 2022,L447854,S124495814,,1
816,19053,species,Brown-capped Vireo,Vireo leucophrys,1,PN Tapanti--Sector Tapanti,CR-C,23 Dec 2022,L447854,S124495814,,1
817,15866,species,Barred Becard,Pachyramphus versicolor,1,PN Tapanti--Sector Tapanti,CR-C,23 Dec 2022,L447854,S124495814,,1
818,14503,species,Ruddy Woodcreeper,Dendrocincla homochroa,1,PN Tapanti--Sector Tapanti,CR-C,23 Dec 2022,L447854,S124495814,,1
819,4961,species,Black-bellied Hummingbird,Eupherusa nigriventris,2,PN Tapanti--Sector Tapanti,CR-C,23 Dec 2022,L447854,S124495814,,1
820,32330,species,Lesser Goldfinch,Spinus psaltria,1,Puente Purisil,CR-C,23 Dec 2022,L6632913,S124494900,,1
821,33787,species,Tropical Parula,Setophaga pitiayumi,1,Finca Agropecuaria Queveri,CR-C,23 Dec 2022,L5851490,S124479839,,1
822,28281,species,Pale-vented Thrush,Turdus obsoletus,1,Finca Agropecuaria Queveri,CR-C,23 Dec 2022,L5851490,S124475670,,1
823,28010,species,Orange-billed Nightingale-Thrush,Catharus aurantiirostris,2,Finca Agropecuaria Queveri,CR-C,23 Dec 2022,L5851490,S124475670,,1
825,8334,species,Roadside Hawk,Rupornis magnirostris,1,Finca Agropecuaria Queveri,CR-C,23 Dec 2022,L5851490,S124470157,,1
826,14706,species,Spotted Woodcreeper,Xiphorhynchus erythropygius,1,Finca Agropecuaria Queveri,CR-C,23 Dec 2022,L5851490,S124465217,,1
828,27294,species,Cabanis's Wren,Cantorchilus modestus,1,Finca Agropecuaria Queveri,CR-C,23 Dec 2022,L5851490,S124459532,,1
829,33157,species,White-naped Brushfinch,Atlapetes albinucha,1,Finca Agropecuaria Queveri,CR-C,23 Dec 2022,L5851490,S124458687,,1
830,20994,species,Brown Jay,Cyanocorax morio,5,Finca Agropecuaria Queveri,CR-C,22 Dec 2022,L5851490,S124442649,,1
831,16633,species,Mistletoe Tyrannulet,Zimmerius parvus,1,Finca Agropecuaria Queveri,CR-C,22 Dec 2022,L5851490,S124442649,,1
832,15355,species,Red-faced Spinetail,Cranioleuca erythrops,2,Finca Agropecuaria Queveri,CR-C,22 Dec 2022,L5851490,S124442649,,1
833,913,species,Black Guan,Chamaepetes unicolor,1,Finca Agropecuaria Queveri,CR-C,22 Dec 2022,L5851490,S124442649,,1
834,2205,species,Inca Dove,Columbina inca,1,Finca Los Ñaños,CR-C,22 Dec 2022,L10529602,S124442679,,1
835,34943,species,Black-and-yellow Tanager,Chrysothlypis chrysomelas,5,"Vía 408, Paraíso CR-Province de Cartago 9.78764, -83.74488",CR-C,22 Dec 2022,L21882777,S124443794,,1
836,34839,species,Emerald Tanager,Tangara florida,2,"Vía 408, Paraíso CR-Province de Cartago 9.78764, -83.74488",CR-C,22 Dec 2022,L21882777,S124443794,,1
837,34800,species,Bay-headed Tanager,Tangara gyrola,3,"Vía 408, Paraíso CR-Province de Cartago 9.78764, -83.74488",CR-C,22 Dec 2022,L21882777,S124443794,,1
838,33563,species,Giant Cowbird,Molothrus oryzivorus,1,"Vía 408, Paraíso CR-Province de Cartago 9.78764, -83.74488",CR-C,22 Dec 2022,L21882777,S124443794,,1
839,31770,species,Tawny-capped Euphonia,Euphonia anneae,2,"Vía 408, Paraíso CR-Province de Cartago 9.78764, -83.74488",CR-C,22 Dec 2022,L21882777,S124443794,,1
840,17234,species,Gray-capped Flycatcher,Myiozetetes granadensis,1,"Vía 408, Paraíso CR-Province de Cartago 9.78764, -83.74488",CR-C,22 Dec 2022,L21882777,S124443794,,1
841,17117,species,Dusky-capped Flycatcher,Myiarchus tuberculifer,1,"Vía 408, Paraíso CR-Province de Cartago 9.78764, -83.74488",CR-C,22 Dec 2022,L21882777,S124443794,,1
842,15554,species,White-ruffed Manakin,Corapipo altera,2,"Vía 408, Paraíso CR-Province de Cartago 9.78764, -83.74488",CR-C,22 Dec 2022,L21882777,S124443794,,1
843,7714,species,King Vulture,Sarcoramphus papa,1,"Vía 408, Paraíso CR-Province de Cartago 9.78764, -83.74488",CR-C,22 Dec 2022,L21882777,S124443794,,1
844,9476,species,Collared Trogon,Trogon collaris,1,Reserva El Copal (Tausito),CR-C,22 Dec 2022,L2284561,S124443934,,1
845,4947,species,Snowcap,Microchera albocoronata,3,Reserva El Copal (Tausito),CR-C,22 Dec 2022,L2284561,S124443934,,1
846,35517,species,Cinnamon-bellied Saltator,Saltator grandis,1,"Vía 408, Jiménez CR-Province de Cartago 9.79094, -83.71957",CR-C,22 Dec 2022,L21882568,S124442760,,1
847,5867,species,Wilson's Plover,Anarhynchus wilsonia,1,Estero Negro,CR-L,21 Dec 2022,L6830891,S124388008,,1
848,431,species,Muscovy Duck,Cairina moschata,1,"Corredor Caribe, Puerto Limón CR-Province de Limón 9.76434, -82.89129",CR-L,21 Dec 2022,L21868953,S124442827,,1
849,11639,species,Lineated Woodpecker,Dryocopus lineatus,1,Playa Grande Lodge,CR-L,21 Dec 2022,L21861446,S124388780,,1
850,8408,species,Swainson's Hawk,Buteo swainsoni,1,Playa Grande Lodge,CR-L,21 Dec 2022,L21861446,S124388780,,1
851,17053,species,Long-tailed Tyrant,Colonia colonus,3,"Calle Los Víquez, Talamanca CR-Province de Limón 9.74794, -82.86140",CR-L,21 Dec 2022,L21869177,S124378670,,1
852,7224,species,Wood Stork,Mycteria americana,50,"Corredor Caribe, Talamanca CR-Province de Limón 9.73804, -82.85343",CR-L,21 Dec 2022,L21868977,S124377418,,1
853,11824,species,Laughing Falcon,Herpetotheres cachinnans,1,"Corredor Caribe, Talamanca CR-Province de Limón 9.70947, -82.82011",CR-L,21 Dec 2022,L21868962,S124377328,,1
854,34190,species,Red-throated Ant-Tanager,Driophlox fuscicauda,2,PN Cahuita,CR-L,21 Dec 2022,L1488707,S124376816,,1
855,33734,species,Kentucky Warbler,Geothlypis formosa,2,PN Cahuita,CR-L,21 Dec 2022,L1488707,S124376816,,1
856,27300,species,Bay Wren,Cantorchilus nigricapillus,2,PN Cahuita,CR-L,21 Dec 2022,L1488707,S124376816,,1
857,15947,species,Ruddy-tailed Flycatcher,Terenotriccus erythrurus,2,PN Cahuita,CR-L,21 Dec 2022,L1488707,S124376816,,1
858,14670,species,Cocoa Woodcreeper,Xiphorhynchus susurrans,1,PN Cahuita,CR-L,21 Dec 2022,L1488707,S124376816,,1
859,13606,species,White-flanked Antwren,Myrmotherula axillaris,5,PN Cahuita,CR-L,21 Dec 2022,L1488707,S124376816,,1
860,13522,species,Spot-crowned Antvireo,Dysithamnus puncticeps,1,PN Cahuita,CR-L,21 Dec 2022,L1488707,S124376816,,1
861,8798,species,Spectacled Owl,Pulsatrix perspicillata,2,PN Cahuita,CR-L,21 Dec 2022,L1488707,S124376816,,1
863,21031,species,Black-chested Jay,Cyanocorax affinis,3,Playa Grande Lodge,CR-L,21 Dec 2022,L21861446,S124352347,,1
864,12771,species,Blue-headed Parrot,Pionus menstruus,2,Playa Grande Lodge,CR-L,21 Dec 2022,L21861446,S124352347,,1
867,5835,species,Southern Lapwing,Vanellus chilensis,4,"Corredor Caribe, Puerto Limón CR-Province de Limón 9.76434, -82.89129",CR-L,20 Dec 2022,L21868953,S124377296,,1
868,33549,species,Bronzed Cowbird,Molothrus aeneus,50,"Carretera José Joaquín Trejos Fernández, Puerto Limón CR-Province de Limón 9.98770, -83.09564",CR-L,20 Dec 2022,L21868937,S124377217,,1
869,34145,species,Scarlet Tanager,Piranga olivacea,1,Tortuguero,CR-L,19 Dec 2022,L446583,S124444293,,1
870,32700,species,Black-striped Sparrow,Arremonops conirostris,3,Tortuguero,CR-L,19 Dec 2022,L446583,S124263727,,1
871,33686,species,Prothonotary Warbler,Protonotaria citrea,2,Tortuguero--Boca Río Tortuguero,CR-L,19 Dec 2022,L2081204,S124263143,,1
872,19021,species,Yellow-throated Vireo,Vireo flavifrons,1,Tortuguero--Boca Río Tortuguero,CR-L,19 Dec 2022,L2081204,S124263143,,1
873,17210,species,Boat-billed Flycatcher,Megarynchus pitangua,2,Tortuguero--Boca Río Tortuguero,CR-L,19 Dec 2022,L2081204,S124263143,,1
874,14767,species,Streak-headed Woodcreeper,Lepidocolaptes souleyetii,2,Tortuguero--Boca Río Tortuguero,CR-L,19 Dec 2022,L2081204,S124263143,,1
875,12971,species,Olive-throated Parakeet,Eupsittula nana,4,Tortuguero--Boca Río Tortuguero,CR-L,19 Dec 2022,L2081204,S124263143,,1
876,7453,species,Bare-throated Tiger-Heron,Tigrisoma mexicanum,1,Tortuguero--Boca Río Tortuguero,CR-L,19 Dec 2022,L2081204,S124263143,,1
877,6085,species,Willet,Tringa semipalmata,2,Tortuguero--Boca Río Tortuguero,CR-L,19 Dec 2022,L2081204,S124263143,,1
878,5872,species,Collared Plover,Anarhynchus collaris,4,Tortuguero--Boca Río Tortuguero,CR-L,19 Dec 2022,L2081204,S124263143,,1
879,1903,species,Pale-vented Pigeon,Patagioenas cayennensis,1,Tortuguero,CR-L,18 Dec 2022,L446583,S124231051,,1
880,8315,species,Common Black Hawk,Buteogallus anthracinus,3,"Jaguar Trail, Tortuguero National Park",CR-L,18 Dec 2022,L10264591,S124224428,,1
881,6714,species,Royal Tern,Thalasseus maximus,1,"Jaguar Trail, Tortuguero National Park",CR-L,18 Dec 2022,L10264591,S124224428,,1
882,6424,species,Laughing Gull,Leucophaeus atricilla,1,"Jaguar Trail, Tortuguero National Park",CR-L,18 Dec 2022,L10264591,S124224428,,1
884,7611,species,Green Heron,Butorides virescens,2,Parque Nacional Tortuguero - Caño Chiquero,CR-L,18 Dec 2022,L17548949,S124183737,,1
885,7504,species,Yellow-crowned Night Heron,Nyctanassa violacea,1,Parque Nacional Tortuguero - Caño Chiquero,CR-L,18 Dec 2022,L17548949,S124183737,,1
886,7459,species,Boat-billed Heron,Cochlearius cochlearius,1,Parque Nacional Tortuguero - Caño Chiquero,CR-L,18 Dec 2022,L17548949,S124183737,,1
887,3790,species,White-collared Swift,Streptoprocne zonaris,3,Parque Nacional Tortuguero - Caño Chiquero,CR-L,18 Dec 2022,L17548949,S124183737,,1
888,11979,species,Bat Falcon,Falco rufigularis,2,Tortuguero,CR-L,17 Dec 2022,L446583,S124141315,,1
889,23863,species,Gray-breasted Martin,Progne chalybea,5,Río La Suerte,CR-L,17 Dec 2022,L2391409,S124151153,,1
891,7283,species,Anhinga,Anhinga anhinga,2,Río La Suerte,CR-L,17 Dec 2022,L2391409,S124151153,,1
892,5612,species,Sungrebe,Heliornis fulica,1,Río La Suerte,CR-L,17 Dec 2022,L2391409,S124151153,,1
893,5925,species,Northern Jacana,Jacana spinosa,5,La Pavona (Tortuguero boat dock on Rio Suerte),CR-L,17 Dec 2022,L2391476,S124151177,,1
894,5383,species,Russet-naped Wood-Rail,Aramides albiventris,1,Donde Cope- La Unión de Guápiles,CR-L,17 Dec 2022,L3517174,S124152856,,1
895,31739,species,Yellow-crowned Euphonia,Euphonia luteicapilla,1,Estación Biológica La Selva-OTS,CR-H,17 Dec 2022,L436195,S124087198,,1
896,15788,species,Snowy Cotinga,Carpodectes nitidus,1,Estación Biológica La Selva-OTS,CR-H,17 Dec 2022,L436195,S124087198,,1
897,34878,species,Shining Honeycreeper,Cyanerpes lucidus,1,Estación Biológica La Selva-OTS,CR-H,16 Dec 2022,L436195,S124076185,,1
898,34865,species,Blue Dacnis,Dacnis cayana,2,Estación Biológica La Selva-OTS,CR-H,16 Dec 2022,L436195,S124076185,,1
899,34215,species,Black-faced Grosbeak,Caryothraustes poliogaster,7,Estación Biológica La Selva-OTS,CR-H,16 Dec 2022,L436195,S124076185,,1
900,33367,species,Scarlet-rumped Cacique,Cacicus uropygialis,2,Estación Biológica La Selva-OTS,CR-H,16 Dec 2022,L436195,S124076185,,1
901,16051,species,Ochre-bellied Flycatcher,Mionectes oleagineus,1,Estación Biológica La Selva-OTS,CR-H,16 Dec 2022,L436195,S124076185,,1
902,13883,species,Chestnut-backed Antbird,Poliocrania exsul,1,Estación Biológica La Selva-OTS,CR-H,16 Dec 2022,L436195,S124076185,,1
903,12842,species,Mealy Amazon,Amazona farinosa,2,Estación Biológica La Selva-OTS,CR-H,16 Dec 2022,L436195,S124076185,,1
904,8793,species,Crested Owl,Lophostrix cristata,1,Estación Biológica La Selva-OTS,CR-H,16 Dec 2022,L436195,S124076185,,1
905,4186,species,Bronzy Hermit,Glaucis aeneus,5,Estación Biológica La Selva-OTS,CR-H,16 Dec 2022,L436195,S124076185,,1
906,27353,species,White-breasted Wood-Wren,Henicorhina leucosticta,2,Estación Biológica La Selva-OTS,CR-H,16 Dec 2022,L436195,S124053117,,1
907,16138,species,Black-capped Pygmy-Tyrant,Myiornis atricapillus,1,Estación Biológica La Selva-OTS,CR-H,16 Dec 2022,L436195,S124053117,,1
908,15806,species,Masked Tityra,Tityra semifasciata,1,Estación Biológica La Selva-OTS,CR-H,16 Dec 2022,L436195,S124053117,,1
909,15747,species,Purple-throated Fruitcrow,Querula purpurata,1,Estación Biológica La Selva-OTS,CR-H,16 Dec 2022,L436195,S124053117,,1
910,13966,species,Spotted Antbird,Hylophylax naevioides,1,Estación Biológica La Selva-OTS,CR-H,16 Dec 2022,L436195,S124053117,,1
911,13411,species,Black-crowned Antshrike,Thamnophilus atrinucha,1,Estación Biológica La Selva-OTS,CR-H,16 Dec 2022,L436195,S124053117,,1
912,11720,species,Rufous-winged Woodpecker,Piculus simplex,1,Estación Biológica La Selva-OTS,CR-H,16 Dec 2022,L436195,S124053117,,1
913,11447,species,Pale-billed Woodpecker,Campephilus guatemalensis,1,Estación Biológica La Selva-OTS,CR-H,16 Dec 2022,L436195,S124053117,,1
914,3826,species,Gray-rumped Swift,Chaetura cinereiventris,10,Estación Biológica La Selva-OTS,CR-H,16 Dec 2022,L436195,S124053117,,1
915,3773,species,Black Swift,Cypseloides niger,20,Estación Biológica La Selva-OTS,CR-H,16 Dec 2022,L436195,S124053117,,1
916,3169,species,Squirrel Cuckoo,Piaya cayana,1,Estación Biológica La Selva-OTS,CR-H,16 Dec 2022,L436195,S124053117,,1
917,1962,species,Short-billed Pigeon,Patagioenas nigrirostris,1,Estación Biológica La Selva-OTS,CR-H,16 Dec 2022,L436195,S124053117,,1
918,129,species,Slaty-breasted Tinamou,Crypturellus boucardi,1,Estación Biológica La Selva-OTS,CR-H,16 Dec 2022,L436195,S124040894,,1
919,34766,species,Plain-colored Tanager,Tangara inornata,1,Estación Biológica La Selva-OTS,CR-H,15 Dec 2022,L436195,S124027249,,1
920,15874,species,Cinnamon Becard,Pachyramphus cinnamomeus,2,Estación Biológica La Selva-OTS,CR-H,15 Dec 2022,L436195,S124027249,,1
921,13320,species,Fasciated Antshrike,Cymbilaimus lineatus,1,Estación Biológica La Selva-OTS,CR-H,15 Dec 2022,L436195,S124027249,,1
922,7392,species,Green Ibis,Mesembrinibis cayennensis,2,Estación Biológica La Selva-OTS,CR-H,15 Dec 2022,L436195,S124027249,,1
923,4255,species,Stripe-throated Hermit,Phaethornis striigularis,1,Estación Biológica La Selva-OTS,CR-H,15 Dec 2022,L436195,S124027249,,1
924,3474,species,Common Pauraque,Nyctidromus albicollis,1,Estación Biológica La Selva-OTS,CR-H,15 Dec 2022,L436195,S124027249,,1
925,887,species,Crested Guan,Penelope purpurascens,3,Estación Biológica La Selva-OTS,CR-H,15 Dec 2022,L436195,S124027249,,1
926,10212,species,Green Kingfisher,Chloroceryle americana,1,Chilamate Rainforest Eco Retreat,CR-H,15 Dec 2022,L2043415,S124076235,,1
927,11070,species,Hoffmann's Woodpecker,Melanerpes hoffmannii,1,Canaan Farm,CR-H,15 Dec 2022,L6303682,S124076193,,1
928,35404,species,Yellow-faced Grassquit,Tiaris olivaceus,6,Canaan Farm,CR-H,15 Dec 2022,L6303682,S124014783,,1
929,35287,species,Morelet's Seedeater,Sporophila morelleti,1,Canaan Farm,CR-H,15 Dec 2022,L6303682,S124014783,,1
930,33398,species,Black-cowled Oriole,Icterus prosthemelas,1,Canaan Farm,CR-H,15 Dec 2022,L6303682,S124014783,,1
931,23840,species,Mangrove Swallow,Tachycineta albilinea,2,Canaan Farm,CR-H,15 Dec 2022,L6303682,S124014783,,1
932,16750,species,Northern Tropical Pewee,Contopus bogotensis,2,Canaan Farm,CR-H,15 Dec 2022,L6303682,S124014783,,1
933,16466,species,Yellow Tyrannulet,Capsiempis flaveola,1,Canaan Farm,CR-H,15 Dec 2022,L6303682,S124014783,,1
934,10393,species,Rufous-tailed Jacamar,Galbula ruficauda,2,Canaan Farm,CR-H,15 Dec 2022,L6303682,S124014783,,1
935,5458,species,Purple Gallinule,Porphyrio martinica,10,Canaan Farm,CR-H,15 Dec 2022,L6303682,S124014783,,1
936,4313,species,Purple-crowned Fairy,Heliothryx barroti,1,Canaan Farm,CR-H,15 Dec 2022,L6303682,S124014783,,1
937,2286,species,White-tipped Dove,Leptotila verreauxi,1,Canaan Farm,CR-H,15 Dec 2022,L6303682,S124014783,,1
938,1920,species,Red-billed Pigeon,Patagioenas flavirostris,1,Canaan Farm,CR-H,15 Dec 2022,L6303682,S124014783,,1
939,4918,species,Crowned Woodnymph,Thalurania colombica,1,Tirimbina Rainforest Center,CR-H,15 Dec 2022,L470684,S124338487,,1
940,11851,species,Yellow-headed Caracara,Daptrius chimachima,1,Tirimbina Rainforest Center,CR-H,15 Dec 2022,L470684,S124014751,,1
941,8377,species,Gray Hawk,Buteo plagiatus,1,Tirimbina Rainforest Center,CR-H,15 Dec 2022,L470684,S124014751,,1
942,7557,species,Snowy Egret,Egretta thula,1,Tirimbina Rainforest Center,CR-H,15 Dec 2022,L470684,S124014751,,1
943,34887,species,Red-legged Honeycreeper,Cyanerpes cyaneus,3,Tirimbina Rainforest Center,CR-H,15 Dec 2022,L470684,S124076214,,1
944,23886,species,Southern Rough-winged Swallow,Stelgidopteryx ruficollis,1,Tirimbina Rainforest Center,CR-H,15 Dec 2022,L470684,S124076214,,1
945,15600,species,White-collared Manakin,Manacus candei,1,Tirimbina Rainforest Center,CR-H,15 Dec 2022,L470684,S124076214,,1
946,35272,species,Variable Seedeater,Sporophila corvina,2,Tirimbina Rainforest Center,CR-H,14 Dec 2022,L470684,S123989347,,1
947,33566,species,Melodious Blackbird,Dives dives,20,Tirimbina Rainforest Center,CR-H,14 Dec 2022,L470684,S123989347,,1
948,26960,species,Southern House Wren,Troglodytes musculus,1,Tirimbina Rainforest Center,CR-H,14 Dec 2022,L470684,S123989347,,1
949,14512,species,Plain-brown Woodcreeper,Dendrocincla fuliginosa,2,Tirimbina Rainforest Center,CR-H,14 Dec 2022,L470684,S123989347,,1
950,12776,species,White-crowned Parrot,Pionus senilis,2,Tirimbina Rainforest Center,CR-H,14 Dec 2022,L470684,S123989347,,1
951,12743,species,Brown-hooded Parrot,Pyrilia haematotis,10,Tirimbina Rainforest Center,CR-H,14 Dec 2022,L470684,S123989347,,1
952,4172,species,White-necked Jacobin,Florisuga mellivora,1,Tirimbina Rainforest Center,CR-H,14 Dec 2022,L470684,S123989347,,1
954,932,species,Great Curassow,Crax rubra,1,Tirimbina Rainforest Center,CR-H,14 Dec 2022,L470684,S123989347,,1
955,34862,species,Scarlet-thighed Dacnis,Dacnis venusta,2,Tirimbina Rainforest Center,CR-H,14 Dec 2022,L470684,S123989466,,1
956,31751,species,Yellow-throated Euphonia,Euphonia hirundinacea,1,Tirimbina Rainforest Center,CR-H,14 Dec 2022,L470684,S123989466,,1
957,17199,species,Great Kiskadee,Pitangus sulphuratus,1,Tirimbina Rainforest Center,CR-H,14 Dec 2022,L470684,S123989466,,1
958,13063,species,Crimson-fronted Parakeet,Psittacara finschi,2,Tirimbina Rainforest Center,CR-H,14 Dec 2022,L470684,S123989466,,1
959,17243,species,White-ringed Flycatcher,Conopias albovittatus,1,Tirimbina Rainforest Center,CR-H,14 Dec 2022,L470684,S123962027,,1
960,16070,species,Sepia-capped Flycatcher,Leptopogon amaurocephalus,1,Tirimbina Rainforest Center,CR-H,14 Dec 2022,L470684,S124391222,,1
961,34471,species,White-shouldered Tanager,Loriotus luctuosus,2,Tirimbina Rainforest Center,CR-H,14 Dec 2022,L470684,S123960829,,1
962,33351,species,Chestnut-headed Oropendola,Psarocolius wagleri,1,Tirimbina Rainforest Center,CR-H,14 Dec 2022,L470684,S123960829,,1
963,31763,species,Olive-backed Euphonia,Euphonia gouldi,2,Tirimbina Rainforest Center,CR-H,14 Dec 2022,L470684,S123960829,,1
964,27290,species,Stripe-breasted Wren,Cantorchilus thoracicus,1,Tirimbina Rainforest Center,CR-H,14 Dec 2022,L470684,S123960829,,1
965,18937,species,Lesser Greenlet,Pachysylvia decurtata,1,Tirimbina Rainforest Center,CR-H,14 Dec 2022,L470684,S123960829,,1
966,17165,species,Great Crested Flycatcher,Myiarchus crinitus,1,Tirimbina Rainforest Center,CR-H,14 Dec 2022,L470684,S123960829,,1
967,16312,species,Yellow-olive Flatbill,Tolmomyias sulphurescens,2,Tirimbina Rainforest Center,CR-H,14 Dec 2022,L470684,S123960829,,1
968,15766,species,Rufous Piha,Lipaugus unirufus,1,Tirimbina Rainforest Center,CR-H,14 Dec 2022,L470684,S123960829,,1
969,15672,species,Red-capped Manakin,Ceratopipra mentalis,1,Tirimbina Rainforest Center,CR-H,14 Dec 2022,L470684,S123960829,,1
970,14555,species,Northern Barred-Woodcreeper,Dendrocolaptes sanctithomae,2,Tirimbina Rainforest Center,CR-H,14 Dec 2022,L470684,S123960829,,1
971,13685,species,Dot-winged Antwren,Microrhopias quixensis,4,Tirimbina Rainforest Center,CR-H,14 Dec 2022,L470684,S123960829,,1
972,13366,species,Barred Antshrike,Thamnophilus doliatus,1,Tirimbina Rainforest Center,CR-H,14 Dec 2022,L470684,S123960829,,1
973,10356,species,White-fronted Nunbird,Monasa morphoeus,3,Tirimbina Rainforest Center,CR-H,14 Dec 2022,L470684,S123960829,,1
974,10319,species,White-whiskered Puffbird,Malacoptila panamensis,1,Tirimbina Rainforest Center,CR-H,14 Dec 2022,L470684,S123960829,,1
975,9456,species,Northern Black-throated Trogon,Trogon tenellus,1,Tirimbina Rainforest Center,CR-H,14 Dec 2022,L470684,S123960829,,1
976,8242,species,Double-toothed Kite,Harpagus bidentatus,1,Tirimbina Rainforest Center,CR-H,14 Dec 2022,L470684,S123960829,,1
977,61,species,Great Tinamou,Tinamus major,1,Tirimbina Rainforest Center,CR-H,14 Dec 2022,L470684,S123960829,,1
978,4190,species,Band-tailed Barbthroat,Threnetes ruckeri,1,Tirimbina Rainforest Center,CR-H,14 Dec 2022,L470684,S124076261,,1
979,34141,species,Summer Tanager,Piranga rubra,1,Tirimbina Rainforest Center,CR-H,14 Dec 2022,L470684,S123949367,,1
980,14531,species,Wedge-billed Woodcreeper,Glyphorynchus spirurus,1,Tirimbina Rainforest Center,CR-H,14 Dec 2022,L470684,S123949367,,1
981,10827,species,Keel-billed Toucan,Ramphastos sulfuratus,2,Tirimbina Rainforest Center,CR-H,14 Dec 2022,L470684,S123949367,,1
982,10197,species,Ringed Kingfisher,Megaceryle torquata,1,Tirimbina Rainforest Center,CR-H,14 Dec 2022,L470684,S123949367,,1
983,9788,species,Broad-billed Motmot,Electron platyrhynchum,2,Tirimbina Rainforest Center,CR-H,14 Dec 2022,L470684,S123949367,,1
984,9439,species,Gartered Trogon,Trogon caligatus,1,Tirimbina Rainforest Center,CR-H,14 Dec 2022,L470684,S123949367,,1
985,9418,species,Slaty-tailed Trogon,Trogon massena,1,Tirimbina Rainforest Center,CR-H,14 Dec 2022,L470684,S123949367,,1
986,4218,species,Long-billed Hermit,Phaethornis longirostris,1,Tirimbina Rainforest Center,CR-H,14 Dec 2022,L470684,S123949367,,1
987,3843,species,Vaux's Swift,Chaetura vauxi,2,Tirimbina Rainforest Center,CR-H,14 Dec 2022,L470684,S123949367,,1
988,9417,species,Lattice-tailed Trogon,Trogon clathratus,1,Tirimbina Rainforest Center,CR-H,14 Dec 2022,L470684,S124273111,,1
989,32769,species,Orange-billed Sparrow,Arremon aurantiirostris,1,Tirimbina Rainforest Center,CR-H,13 Dec 2022,L470684,S123931612,,1
990,28095,species,Wood Thrush,Hylocichla mustelina,1,Tirimbina Rainforest Center,CR-H,13 Dec 2022,L470684,S123931612,,1
991,16831,species,Black Phoebe,Sayornis nigricans,2,Tirimbina Rainforest Center,CR-H,13 Dec 2022,L470684,S123931612,,1
992,13025,species,Great Green Macaw,Ara ambiguus,2,Tirimbina Rainforest Center,CR-H,13 Dec 2022,L470684,S123931612,,1
993,12791,species,Red-lored Amazon,Amazona autumnalis,6,Tirimbina Rainforest Center,CR-H,13 Dec 2022,L470684,S123931612,,1
994,12718,species,Orange-chinned Parakeet,Brotogeris jugularis,2,Tirimbina Rainforest Center,CR-H,13 Dec 2022,L470684,S123931612,,1
995,11049,species,Black-cheeked Woodpecker,Melanerpes pucherani,1,Tirimbina Rainforest Center,CR-H,13 Dec 2022,L470684,S123931612,,1
996,10817,species,Yellow-throated Toucan,Ramphastos ambiguus,2,Tirimbina Rainforest Center,CR-H,13 Dec 2022,L470684,S123931612,,1
997,10778,species,Collared Aracari,Pteroglossus torquatus,4,Tirimbina Rainforest Center,CR-H,13 Dec 2022,L470684,S123931612,,1
998,10208,species,Amazon Kingfisher,Chloroceryle amazona,1,Tirimbina Rainforest Center,CR-H,13 Dec 2022,L470684,S123931612,,1
999,9781,species,Rufous Motmot,Baryphthengus martii,1,Tirimbina Rainforest Center,CR-H,13 Dec 2022,L470684,S123931612,,1
1000,7542,species,Little Blue Heron,Egretta caerulea,1,Tirimbina Rainforest Center,CR-H,13 Dec 2022,L470684,S123931612,,1
1001,7454,species,Fasciated Tiger-Heron,Tigrisoma fasciatum,1,Tirimbina Rainforest Center,CR-H,13 Dec 2022,L470684,S123931612,,1
1002,7349,species,Neotropic Cormorant,Nannopterum brasilianum,4,Tirimbina Rainforest Center,CR-H,13 Dec 2022,L470684,S123931612,,1
1003,35503,species,Black-headed Saltator,Saltator atriceps,1,Los Gallitos,CR-A,13 Dec 2022,L21791137,S123932990,,1
1004,35494,species,Buff-throated Saltator,Saltator maximus,1,Los Gallitos,CR-A,13 Dec 2022,L21791137,S123932990,,1
1005,35258,species,Thick-billed Seed-Finch,Sporophila funerea,2,Los Gallitos,CR-A,13 Dec 2022,L21791137,S123932990,,1
1006,34734,species,Golden-hooded Tanager,Stilpnia larvata,1,Los Gallitos,CR-A,13 Dec 2022,L21791137,S123932990,,1
1007,34668,species,Palm Tanager,Thraupis palmarum,1,Los Gallitos,CR-A,13 Dec 2022,L21791137,S123932990,,1
1008,34644,species,Blue-gray Tanager,Thraupis episcopus,1,Los Gallitos,CR-A,13 Dec 2022,L21791137,S123932990,,1
1009,34509,species,Scarlet-rumped Tanager,Ramphocelus passerinii,2,Los Gallitos,CR-A,13 Dec 2022,L21791137,S123932990,,1
1010,33675,species,Louisiana Waterthrush,Parkesia motacilla,1,Los Gallitos,CR-A,13 Dec 2022,L21791137,S123932990,,1
1011,33354,species,Montezuma Oropendola,Psarocolius montezuma,2,Los Gallitos,CR-A,13 Dec 2022,L21791137,S123932990,,1
1012,17223,species,Social Flycatcher,Myiozetetes similis,2,Los Gallitos,CR-A,13 Dec 2022,L21791137,S123932990,,1
1013,16266,species,Common Tody-Flycatcher,Todirostrum cinereum,1,Los Gallitos,CR-A,13 Dec 2022,L21791137,S123932990,,1
1015,2985,species,Groove-billed Ani,Crotophaga sulcirostris,3,Los Gallitos,CR-A,13 Dec 2022,L21791137,S123932990,,1
1016,2230,species,Ruddy Ground Dove,Columbina talpacoti,1,Los Gallitos,CR-A,13 Dec 2022,L21791137,S123932990,,1
1017,833,species,Gray-headed Chachalaca,Ortalis cinereiceps,10,Los Gallitos,CR-A,13 Dec 2022,L21791137,S123932990,,1
1018,35357,species,Bananaquit,Coereba flaveola,2,"Auto selected 10.26761, -84.18324",CR-A,13 Dec 2022,L21791036,S123931732,,1
1019,34901,species,Green Honeycreeper,Chlorophanes spiza,1,"Auto selected 10.26761, -84.18324",CR-A,13 Dec 2022,L21791036,S123931732,,1
1020,34842,species,Silver-throated Tanager,Tangara icterocephala,1,"Auto selected 10.26761, -84.18324",CR-A,13 Dec 2022,L21791036,S123931732,,1
1021,34069,species,Slate-throated Redstart,Myioborus miniatus,1,"Auto selected 10.26761, -84.18324",CR-A,13 Dec 2022,L21791036,S123931732,,1
1022,34055,species,Wilson's Warbler,Cardellina pusilla,1,"Auto selected 10.26761, -84.18324",CR-A,13 Dec 2022,L21791036,S123931732,,1
1023,34018,species,Buff-rumped Warbler,Myiothlypis fulvicauda,1,"Auto selected 10.26761, -84.18324",CR-A,13 Dec 2022,L21791036,S123931732,,1
1024,28294,species,Clay-colored Thrush,Turdus grayi,1,"Auto selected 10.26761, -84.18324",CR-A,13 Dec 2022,L21791036,S123931732,,1
1025,14787,species,Spot-crowned Woodcreeper,Lepidocolaptes affinis,1,"Auto selected 10.26761, -84.18324",CR-A,13 Dec 2022,L21791036,S123931732,,1
1026,5053,species,Rufous-tailed Hummingbird,Amazilia tzacatl,1,"Auto selected 10.26761, -84.18324",CR-A,13 Dec 2022,L21791036,S123931732,,1
1027,34091,species,Collared Redstart,Myioborus torquatus,1,Catarata la Paz--Bridge,CR-H,13 Dec 2022,L5481517,S123921267,,1
1028,33978,species,Costa Rican Warbler,Basileuterus melanotis,1,Catarata la Paz--Bridge,CR-H,13 Dec 2022,L5481517,S123921267,,1
1029,33679,species,Golden-winged Warbler,Vermivora chrysoptera,2,Catarata la Paz--Bridge,CR-H,13 Dec 2022,L5481517,S123921267,,1
1030,32811,species,Sooty-faced Finch,Arremon crassirostris,1,Catarata la Paz--Bridge,CR-H,13 Dec 2022,L5481517,S123921267,,1
1031,32799,species,Chestnut-capped Brushfinch,Arremon brunneinucha,1,Catarata la Paz--Bridge,CR-H,13 Dec 2022,L5481517,S123921267,,1
1032,23898,species,Blue-and-white Swallow,Pygochelidon cyanoleuca,4,Catarata la Paz--Bridge,CR-H,13 Dec 2022,L5481517,S123921267,,1
1033,11847,species,Crested Caracara,Caracara plancus,1,Catarata la Paz--Bridge,CR-H,13 Dec 2022,L5481517,S123921267,,1
1034,4205,species,Green Hermit,Phaethornis guy,1,Catarata la Paz--Bridge,CR-H,13 Dec 2022,L5481517,S123921267,,1
1035,33587,species,Great-tailed Grackle,Quiscalus mexicanus,40,"Auto selected 10.16352, -84.18111",CR-A,13 Dec 2022,L21789262,S123920299,,1
1036,33491,species,Baltimore Oriole,Icterus galbula,1,"Auto selected 10.16352, -84.18111",CR-A,13 Dec 2022,L21789262,S123920299,,1
1037,17283,species,Tropical Kingbird,Tyrannus melancholicus,1,"Auto selected 10.16352, -84.18111",CR-A,13 Dec 2022,L21789262,S123920299,,1
1038,7716,species,Black Vulture,Coragyps atratus,4,"Auto selected 10.16352, -84.18111",CR-A,13 Dec 2022,L21789262,S123920299,,1
1039,2350,species,White-winged Dove,Zenaida asiatica,4,"Auto selected 10.16352, -84.18111",CR-A,13 Dec 2022,L21789262,S123920299,,1
1040,35023,species,Slaty Flowerpiercer,Diglossa plumbea,1,Road to PN Volcán Poás,CR-A,13 Dec 2022,L2277803,S123917993,,1
1041,34258,species,Black-thighed Grosbeak,Pheucticus tibialis,1,Road to PN Volcán Poás,CR-A,13 Dec 2022,L2277803,S123917993,,1
1042,33167,species,Yellow-thighed Brushfinch,Atlapetes tibialis,2,Road to PN Volcán Poás,CR-A,13 Dec 2022,L2277803,S123917993,,1
1043,32876,species,Rufous-collared Sparrow,Zonotrichia capensis,3,Road to PN Volcán Poás,CR-A,13 Dec 2022,L2277803,S123917993,,1
1044,32585,species,Common Chlorospingus,Chlorospingus flavopectus,4,Road to PN Volcán Poás,CR-A,13 Dec 2022,L2277803,S123917993,,1
1045,32582,species,Sooty-capped Chlorospingus,Chlorospingus pileatus,1,Road to PN Volcán Poás,CR-A,13 Dec 2022,L2277803,S123917993,,1
1046,29637,species,Long-tailed Silky-flycatcher,Ptiliogonys caudatus,2,Road to PN Volcán Poás,CR-A,13 Dec 2022,L2277803,S123917993,,1
1047,29629,species,Black-and-yellow Silky-flycatcher,Phainoptila melanoxantha,2,Road to PN Volcán Poás,CR-A,13 Dec 2022,L2277803,S123917993,,1
1048,28312,species,Sooty Thrush,Turdus nigrescens,1,Road to PN Volcán Poás,CR-A,13 Dec 2022,L2277803,S123917993,,1
1049,28042,species,Ruddy-capped Nightingale-Thrush,Catharus frantzii,2,Road to PN Volcán Poás,CR-A,13 Dec 2022,L2277803,S123917993,,1
1050,16829,species,Black-capped Flycatcher,Empidonax atriceps,1,Road to PN Volcán Poás,CR-A,13 Dec 2022,L2277803,S123917993,,1
1051,11036,species,Acorn Woodpecker,Melanerpes formicivorus,4,Road to PN Volcán Poás,CR-A,13 Dec 2022,L2277803,S123917993,,1
1052,4799,species,Scintillant Hummingbird,Selasphorus scintilla,1,Road to PN Volcán Poás,CR-A,13 Dec 2022,L2277803,S123917993,,1
1053,4795,species,Volcano Hummingbird,Selasphorus flammula,1,Road to PN Volcán Poás,CR-A,13 Dec 2022,L2277803,S123917993,,1
1054,4702,species,Purple-throated Mountain-gem,Lampornis calolaemus,1,Road to PN Volcán Poás,CR-A,13 Dec 2022,L2277803,S123917993,,1
1055,1929,species,Band-tailed Pigeon,Patagioenas fasciata,1,Road to PN Volcán Poás,CR-A,13 Dec 2022,L2277803,S123917993,,1
1056,641,species,Canvasback,Aythya valisineria,1,Ile du Moulin,CA-QC,13 Nov 2022,L6264395,S122369711,,1
1057,717,species,Bufflehead,Bucephala albeola,6,"Halte routiere, Ste-Angèle",CA-QC,13 Nov 2022,L10090439,S122348375,,1
1058,705,species,White-winged Scoter,Melanitta deglandi,7,"Halte routiere, Ste-Angèle",CA-QC,13 Nov 2022,L10090439,S122348375,,1
1059,319,species,Cackling Goose,Branta hutchinsii,4,Réservoir Beaudet,CA-QC,13 Nov 2022,L387422,S122369300,,1
1060,261,species,Ross's Goose,Anser rossii,2,Réservoir Beaudet,CA-QC,12 Nov 2022,L387422,S122312996,,1
1061,8410,species,Red-tailed Hawk,Buteo jamaicensis,1,Cimetières Mt-Royal & Notre-Dame-des-Neiges,CA-QC,05 Nov 2022,L806691,S121895383,,1
1062,8183,species,Cooper's Hawk,Astur cooperii,2,Cimetières Mt-Royal & Notre-Dame-des-Neiges,CA-QC,05 Nov 2022,L806691,S121895383,,1
1063,642,species,Redhead,Aythya americana,22,Baie de Valois,CA-QC,29 Oct 2022,L1172385,S121529869,,1
1064,33571,species,Rusty Blackbird,Euphagus carolinus,10,RF Marguerite-D'Youville,CA-QC,29 Oct 2022,L465864,S121499214,,1
1065,32813,species,American Tree Sparrow,Spizelloides arborea,4,RF Marguerite-D'Youville,CA-QC,29 Oct 2022,L465864,S121499214,,1
1066,21936,species,Tufted Titmouse,Baeolophus bicolor,10,RF Marguerite-D'Youville,CA-QC,29 Oct 2022,L465864,S121499214,,1
1067,11088,species,Red-bellied Woodpecker,Melanerpes carolinus,1,RF Marguerite-D'Youville,CA-QC,29 Oct 2022,L465864,S121499214,,1
1068,1242,species,Wild Turkey,Meleagris gallopavo,1,RF Marguerite-D'Youville,CA-QC,29 Oct 2022,L465864,S121499214,,1
1069,675,species,Lesser Scaup,Aythya affinis,70,Parc de l'Honorable-George-O'Reilly,CA-QC,27 Oct 2022,L679560,S121402594,,1
1070,9117,species,Barred Owl,Strix varia,1,Parc La Fontaine,CA-QC,26 Oct 2022,L1333093,S121402612,,1
1071,28081,species,Hermit Thrush,Catharus guttatus,1,Parc du Mt-Royal,CA-QC,26 Oct 2022,L453505,S121344572,,1
1072,26777,species,Brown Creeper,Certhia americana,1,Parc du Mt-Royal,CA-QC,26 Oct 2022,L453505,S121344572,,1
1075,1385,species,Western Capercaillie,Tetrao urogallus,1,La Chaux Sèche--Chalet Arbel / La Caserne,FR-BFC,10 Aug 2022,L3174419,S154804243,,1
1076,6062,species,Terek Sandpiper,Xenus cinereus,1,RNN de la Baie de l'Aiguillon (RNN130)--La Prée Mizotière,FR-PDL,18 May 2022,L4923662,S154805941,,1
1077,25132,species,Spectacled Warbler,Curruca conspicillata,1,Mas de Cacharel,FR-PAC,23 Apr 2022,L20566299,S154836858,,1
1078,7495,species,Little Bittern,Botaurus minutus,1,Dunes de Prunete (site de migration),FR-COR,19 Apr 2022,L8991168,S121924218,,1
1080,11877,species,Lesser Kestrel,Falco naumanni,1,Dunes de Prunete (site de migration),FR-COR,17 Apr 2022,L8991168,S121926149,,1
1081,25135,species,Marmora's Warbler,Curruca sarda,1,Cap Corse--sentier des douaniers,FR-COR,16 Apr 2022,L9901840,S121925005,,1
1082,25120,species,Moltoni's Warbler,Curruca subalpina,1,Dunes de Prunete (site de migration),FR-COR,16 Apr 2022,L8991168,S121924215,,1
1083,29296,species,Collared Flycatcher,Ficedula albicollis,1,Sant'Anna (Chapelle),FR-COR,16 Apr 2022,L21454525,S121925171,,1
1085,7258,species,Brown Booby,Sula leucogaster,1,Île Saint-Feréol,FR-PAC,03 Apr 2022,L28003040,S154805759,,1
1086,5531,species,Little Crake,Zapornia parva,2,Le Plan de la Garde,FR-PAC,27 Mar 2022,L20566185,S154836624,,1
1087,1266,species,Hazel Grouse,Tetrastes bonasia,1,"Alatie 12, Määttälänvaara FI-Ostrobothie du Nord 66.08545, 29.52613",FI-14,23 Feb 2022,L17894944,S103558448,,1
1088,685,species,Steller's Eider,Polysticta stelleri,2,Kiberg breakwater,NO-20,19 Feb 2022,L10226305,S102964713,,1
1089,21883,species,Gray-headed Chickadee,Poecile cinctus,1,"Inari--Kaamanen, Neljän Tuulen Tupa",FI-10,17 Feb 2022,L3327845,S102775818,,1
1090,20942,species,Siberian Jay,Perisoreus infaustus,3,"Kalliorakka 26, Sirkka FI-Laponie 67.80914, 24.84385",FI-10,14 Feb 2022,L17742791,S102617523,,1
1091,8405,species,Short-tailed Hawk,Buteo brachyurus,1,Hotel La Pas,CR-P,06 Jan 2022,L22826621,S129714035,,1
1092,5833,species,Sociable Lapwing,Vanellus gregarius,1,Les Bernardières,FR-NAQ,20 Oct 2021,L28002989,S154805758,,1
1093,30790,species,Indian Silverbill,Euodice malabarica,5,Portissol,FR-PAC,07 Aug 2021,L20566501,S154837201,N,1
1095,723,species,Barrow's Goldeneye,Bucephala islandica,200,Mývatn--Álftavogur,IS-6,15 Jul 2021,L1156304,S91803149,,1
1098,1744,species,Rock Partridge,Alectoris graeca,2,Torrent de la Rivière (amont),FR-PAC,26 May 2021,L28002976,S154805755,,1
1099,408,species,Ruddy Shelduck,Tadorna ferruginea,2,"Auto selected 42.61768, 26.96127",BG-02,15 May 2021,L14936786,S88141955,,1
1100,7709,species,Dalmatian Pelican,Pelecanus crispus,5,Poda Protected Area,BG-02,14 May 2021,L2687953,S88049419,,1
1101,23421,species,Olive-tree Warbler,Hippolais olivetorum,3,"Auto selected 41.90153, 26.09943",BG-26,13 May 2021,L14914060,S88006054,,1
1102,7944,species,Lesser Spotted Eagle,Clanga pomarina,1,"Auto selected 41.90153, 26.09943",BG-26,13 May 2021,L14914060,S88006054,,1
1103,20928,species,Masked Shrike,Lanius nubicus,1,"809, Lyubimets BG-Kaskovo 41.86320, 26.08774",BG-26,13 May 2021,L14906001,S87962816,,1
1104,25099,species,Eastern Orphean Warbler,Curruca crassirostris,1,"808, Madzharovo BG-Kaskovo 41.68419, 25.80746",BG-26,12 May 2021,L14914097,S88006248,,1
1105,25052,species,Barred Warbler,Curruca nisoria,2,"Auto selected 41.59027, 25.68332",BG-09,12 May 2021,L14891351,S87882703,,1
1106,21800,species,Sombre Tit,Poecile lugubris,2,"Петър Ангелов, Madzharovo BG-Kaskovo 41.63606, 25.85765",BG-26,11 May 2021,L14883063,S87836500,,1
1108,1729,species,Chukar,Alectoris chukar,1,"Петър Ангелов, Madzharovo BG-Kaskovo 41.63606, 25.85765",BG-26,11 May 2021,L14883063,S87836500,,1
1109,32416,species,Black-headed Bunting,Emberiza melanocephala,1,Madzharovo Crater Area,BG-26,11 May 2021,L2205643,S87835679,,1
1110,29535,species,Eastern Black-eared Wheatear,Oenanthe melanoleuca,1,"Auto selected 41.73677, 25.21877",BG-09,10 May 2021,L14876644,S87801024,,1
1111,23406,species,Eastern Olivaceous Warbler,Iduna pallida,1,"Stefan Karadzha -19–-13, Plovdiv BG-Oblast de Plovdiv (42.1462,24.7461)",BG-16,10 May 2021,L14861002,S87710840,,1
1112,11259,species,Syrian Woodpecker,Dendrocopos syriacus,2,"Stefan Karadzha -19–-13, Plovdiv BG-Oblast de Plovdiv (42.1462,24.7461)",BG-16,10 May 2021,L14861002,S87710840,,1
1113,31279,species,Spanish Sparrow,Passer hispaniolensis,,"866, Kurtovo Konare BG-Oblast de Plovdiv 42.10107, 24.50883",BG-16,08 May 2021,L14802084,S87418172,,1
1115,688,species,King Eider,Somateria spectabilis,1,Pointe de la Fumée,FR-NAQ,05 Apr 2021,L28002970,S154781064,,1
1116,372,species,Tundra Swan,Cygnus columbianus,8,Pointe Martine,FR-PAC,17 Feb 2021,L14140708,S154837193,,1
1117,8843,species,Eurasian Eagle-Owl,Bubo bubo,2,La Prise,FR-PAC,11 Feb 2021,L14140697,S154805399,,1
1118,8903,species,Eurasian Pygmy-Owl,Glaucidium passerinum,1,Les Champets (téléski),FR-PAC,07 Feb 2021,L28002960,S154803875,,1
1120,31583,species,Olive-backed Pipit,Anthus hodgsoni,1,Ker Ouad (Ouessant),FR-BRE,22 Oct 2020,L12705795,S154831834,,1
1121,29526,species,Isabelline Wheatear,Oenanthe isabellina,1,Créac'h Meur - Ouessant,FR-BRE,18 Oct 2020,L28002870,S154804709,,1
1122,24587,species,Radde's Warbler,Phylloscopus schwarzi,1,Ker Héré (Ouessant),FR-BRE,17 Oct 2020,L28002949,S154805754,,1
1123,32291,species,Citril Finch,Carduelis citrinella,1,Torrent de Chagnard,FR-PAC,14 Jul 2020,L14140671,S154833189,,1
1124,6396,species,Slender-billed Gull,Chroicocephalus genei,1,Les Salins de Mireval,FR-OCC,12 Jun 2020,L3162911,S154831976,,1
1125,25096,species,Western Orphean Warbler,Curruca hortensis,1,la clotte,FR-OCC,12 Jun 2020,L12705870,S154781414,,1
1126,6636,species,Gull-billed Tern,Gelochelidon nilotica,1,RNN de la Baie de l'Aiguillon (RNN146)--Mizottes des Vrillandes,FR-NAQ,04 Jun 2020,L20633314,S154805403,,1
1127,7621,species,Squacco Heron,Ardeola ralloides,1,D137 - canal Torse,FR-NAQ,21 May 2020,L7497546,S154805762,,1
1128,30654,species,Red Fody,Foudia madagascariensis,10,Route des baleines,RE-,03 Jan 2020,L10434292,S63082339,N,1
1129,24503,species,Red-whiskered Bulbul,Pycnonotus jocosus,10,Route des baleines,RE-,03 Jan 2020,L10434292,S63082339,N,1
1130,8220,species,Reunion Harrier,Circus maillardi,1,"RE-La Réunion-Route du Littoral (-20,8979,55,3721)",RE-,02 Jan 2020,L14876649,S87801053,,1
1131,1967,species,Malagasy Turtle-Dove,Nesoenas picturatus,2,"RE-La Réunion-Route du Littoral (-20,8979,55,3721)",RE-,02 Jan 2020,L14876649,S87801053,,1
1132,6890,species,Moseley's Rockhopper Penguin,Eudyptes moseleyi,3,Mare aux Eléphants et Base Martin de Viviès (accès restreint),TF-,27 Dec 2019,L11291157,S84026332,,1
1133,7190,species,South Georgia Diving-Petrel,Pelecanoides georgicus,,Ile Mayès (accès restreint),TF-,10 Dec 2019,L2123908,S84023686,,1
1134,7092,species,Slender-billed Prion,Pachyptila belcheri,,Ile Mayès (accès restreint),TF-,10 Dec 2019,L2123908,S84023686,,1
1135,7048,species,White-headed Petrel,Pterodroma lessonii,1,Ile Mayès (accès restreint),TF-,10 Dec 2019,L2123908,S84023686,,1
1136,6886,species,Southern Rockhopper Penguin,Eudyptes chrysocome,10,Ile Mayès (accès restreint),TF-,09 Dec 2019,L2123908,S153915436,,1
1137,7372,species,Kerguelen Shag,Leucocarbo verrucosus,50,Anse du Pacha,TF-,24 Nov 2019,L5685680,S84022781,,1
1138,6863,species,Gentoo Penguin,Pygoscelis papua,6,Anse du Pacha,TF-,24 Nov 2019,L5685680,S84022781,,1
1139,579,species,Eaton's Pintail,Anas eatoni,3,PAF,TF-,24 Nov 2019,L14145774,S84022854,,1
1141,7024,species,Kerguelen Petrel,Aphrodroma brevirostris,3,CRO-KER J2,TF-,22 Nov 2019,L14145460,S84021296,,1
1143,6924,species,Salvin's Albatross,Thalassarche salvini,1,Iles des Pingouins pélagique général--3 km au large,TF-,20 Nov 2019,L3105764,S64184364,,1
1144,6884,species,Macaroni Penguin,Eudyptes chrysolophus,1000000,Iles des Pingouins pélagique général--3 km au large,TF-,20 Nov 2019,L3105764,S64184364,,1
1146,6671,species,Kerguelen Tern,Sterna virgata,4,Baie du Marin,TF-,16 Nov 2019,L5640528,S64183909,,1
1147,5670,species,Black-faced Sheathbill,Chionis minor,,Baie du Marin,TF-,16 Nov 2019,L5640528,S64183909,,1
1148,7371,species,Crozet Shag,Leucocarbo melanogenis,3,Ile aux Cochons pélagique général (Îles Crozet)--3 km au large,TF-,15 Nov 2019,L3105768,S64146131,,1
1149,7183,species,Common Diving-Petrel,Pelecanoides urinatrix,10,Ile aux Cochons pélagique général (Îles Crozet)--3 km au large,TF-,15 Nov 2019,L3105768,S64146131,,1
1150,7084,species,MacGillivray's Prion,Pachyptila macgillivrayi,10,Ile aux Cochons pélagique général (Îles Crozet)--3 km au large,TF-,15 Nov 2019,L3105768,S64146131,,1
1151,7016,species,Southern Fulmar,Fulmarus glacialoides,1,Ile aux Cochons pélagique général (Îles Crozet)--3 km au large,TF-,15 Nov 2019,L3105768,S64146131,,1
1152,7008,species,Southern Giant-Petrel,Macronectes giganteus,3,Ile aux Cochons pélagique général (Îles Crozet)--3 km au large,TF-,15 Nov 2019,L3105768,S64146131,,1
1153,6961,species,Black-bellied Storm-Petrel,Fregetta tropica,1,Ile aux Cochons pélagique général (Îles Crozet)--3 km au large,TF-,15 Nov 2019,L3105768,S64146131,,1
1154,6945,species,Gray-backed Storm-Petrel,Garrodia nereis,2,Ile aux Cochons pélagique général (Îles Crozet)--3 km au large,TF-,15 Nov 2019,L3105768,S64146131,,1
1155,6912,species,Sooty Albatross,Phoebetria fusca,5,Ile aux Cochons pélagique général (Îles Crozet)--3 km au large,TF-,15 Nov 2019,L3105768,S64146131,,1
1156,6897,species,Snowy Albatross,Diomedea exulans,3,Ile aux Cochons pélagique général (Îles Crozet)--3 km au large,TF-,15 Nov 2019,L3105768,S64146131,,1
1157,6895,species,Southern Royal Albatross,Diomedea epomophora,2,Ile aux Cochons pélagique général (Îles Crozet)--3 km au large,TF-,15 Nov 2019,L3105768,S64146131,,1
1158,6860,species,King Penguin,Aptenodytes patagonicus,,Ile aux Cochons pélagique général (Îles Crozet)--3 km au large,TF-,15 Nov 2019,L3105768,S64146131,,1
1160,7081,species,Fairy Prion,Pachyptila turtur,1,MD J7,TF-,14 Nov 2019,L10663048,S64013365,,1
1161,7080,species,Blue Petrel,Halobaena caerulea,1,MD J7,TF-,14 Nov 2019,L10663048,S64013365,,1
1164,6953,species,White-bellied Storm-Petrel,Fregetta grallaria,1,MD J7,TF-,14 Nov 2019,L10663048,S64013365,,1
1166,6917,species,Gray-headed Albatross,Thalassarche chrysostoma,1,MD J7,TF-,14 Nov 2019,L10663048,S64013365,,1
1168,6913,species,Light-mantled Albatross,Phoebetria palpebrata,1,MD J6,XX-,13 Nov 2019,L10575223,S63791954,,1
1169,7161,species,Subantarctic Shearwater,Puffinus elegans,2,MD J5,XX-,12 Nov 2019,L10458707,S63201112,,1
1170,7044,species,Soft-plumaged Petrel,Pterodroma mollis,10,MD J5,XX-,12 Nov 2019,L10458707,S63201112,,1
1173,7026,species,Great-winged Petrel,Pterodroma macroptera,3,Marion J4,XX-,11 Nov 2019,L10458673,S63200940,,1
1174,6566,species,Lesser Noddy,Anous tenuirostris,2,Réunion pélagique général (nord)--3 km au large,RE-,10 Nov 2019,L4543853,S63200699,,1
1176,7265,species,Masked Booby,Sula dactylatra,,Ile Tromelin,TF-,09 Nov 2019,L3049106,S63082462,,1
1177,7254,species,Red-footed Booby,Sula sula,,Ile Tromelin,TF-,09 Nov 2019,L3049106,S63082462,,1
1178,7241,species,Great Frigatebird,Fregata minor,2,Ile Tromelin,TF-,09 Nov 2019,L3049106,S63082462,,1
1179,7236,species,Lesser Frigatebird,Fregata ariel,2,Ile Tromelin,TF-,09 Nov 2019,L3049106,S63082462,,1
1180,7099,species,Bulwer's Petrel,Bulweria bulwerii,1,Ile Tromelin,TF-,09 Nov 2019,L3049106,S63082462,,1
1181,6840,species,Red-tailed Tropicbird,Phaethon rubricauda,2,Ile Tromelin,TF-,09 Nov 2019,L3049106,S63082462,,1
1182,6555,species,White Tern,Gygis alba,20,Ile Tromelin,TF-,09 Nov 2019,L3049106,S63082462,,1
1183,7169,species,Tropical Shearwater,Puffinus bailloni,10,Réunion pélagique général (nord)--3 km au large,RE-,08 Nov 2019,L4543853,S63082384,,1
1184,7128,species,Wedge-tailed Shearwater,Ardenna pacifica,5,Réunion pélagique général (nord)--3 km au large,RE-,08 Nov 2019,L4543853,S63082384,,1
1185,7125,species,Flesh-footed Shearwater,Ardenna carneipes,2,Réunion pélagique général (nord)--3 km au large,RE-,08 Nov 2019,L4543853,S63082384,,1
1186,7047,species,Barau's Petrel,Pterodroma baraui,50,Réunion pélagique général (nord)--3 km au large,RE-,08 Nov 2019,L4543853,S63082384,,1
1187,6592,species,Sooty Tern,Onychoprion fuscatus,1,Réunion pélagique général (nord)--3 km au large,RE-,08 Nov 2019,L4543853,S63082384,,1
1188,6561,species,Brown Noddy,Anous stolidus,10,Réunion pélagique général (nord)--3 km au large,RE-,08 Nov 2019,L4543853,S63082384,,1
1189,30568,species,Village Weaver,Ploceus cucullatus,1,"Aéroport de La Réunion Roland Garros, La Mare RE-La Réunion (-20,8919,55,5110)",RE-,08 Nov 2019,L10125627,S61257671,N,1
1190,27617,species,Common Myna,Acridotheres tristis,4,"Aéroport de La Réunion Roland Garros, La Mare RE-La Réunion (-20,8919,55,5110)",RE-,08 Nov 2019,L10125627,S61257671,N,1
1191,23797,species,Mascarene Martin,Phedina borbonica,1,"Aéroport de La Réunion Roland Garros, La Mare RE-La Réunion (-20,8919,55,5110)",RE-,08 Nov 2019,L10125627,S61257671,,1
1192,6829,species,White-tailed Tropicbird,Phaethon lepturus,5,"Aéroport de La Réunion Roland Garros, La Mare RE-La Réunion (-20,8919,55,5110)",RE-,08 Nov 2019,L10125627,S61257671,,1
1193,3927,species,Mascarene Swiftlet,Aerodramus francicus,1,"Aéroport de La Réunion Roland Garros, La Mare RE-La Réunion (-20,8919,55,5110)",RE-,08 Nov 2019,L10125627,S61257671,,1
1194,2195,species,Zebra Dove,Geopelia striata,1,"Aéroport de La Réunion Roland Garros, La Mare RE-La Réunion (-20,8919,55,5110)",RE-,08 Nov 2019,L10125627,S61257671,N,1
1195,20817,species,Isabelline Shrike,Lanius isabellinus,1,Ile de Ré--Petite Groie,FR-NAQ,26 Oct 2019,L7497190,S154781719,,1
1196,5997,species,Short-billed Dowitcher,Limnodromus griseus,1,Dundalk Bay--Soldier's Point and Navvy Bank Walk,IE-L,24 Oct 2019,L7596055,S60891681,,1
1198,5411,species,Common Gallinule,Gallinula galeata,1,RNF du Cap-Tourmente--secteur La Petite Ferme,CA-QC,24 Jul 2019,L1440758,S58608459,,1
1199,6397,species,Bonaparte's Gull,Chroicocephalus philadelphia,3,Pointe à John (quai & base de plein air),CA-QC,23 Jul 2019,L1022951,S59045769,,1
1200,33849,species,Chestnut-sided Warbler,Setophaga pensylvanica,4,Pointe de l'Islet (incluant quai),CA-QC,22 Jul 2019,L3717492,S58406655,,1
1201,32817,species,Fox Sparrow,Passerella iliaca,1,Parc du Petit-Bois,CA-QC,21 Jul 2019,L2965785,S58355494,,1
1202,32048,species,Purple Finch,Haemorhous purpureus,3,Parc du Petit-Bois,CA-QC,21 Jul 2019,L2965785,S58355494,,1
1203,27054,species,Winter Wren,Troglodytes hiemalis,1,Parc du Petit-Bois,CA-QC,21 Jul 2019,L2965785,S58355494,,1
1204,33695,species,Tennessee Warbler,Leiothlypis peregrina,6,Parc du Petit-Bois,CA-QC,20 Jul 2019,L2965785,S58329602,,1
1205,33028,species,Lincoln's Sparrow,Melospiza lincolnii,1,Parc du Petit-Bois,CA-QC,20 Jul 2019,L2965785,S58329602,,1
1206,32316,species,Pine Siskin,Spinus pinus,4,Parc du Petit-Bois,CA-QC,20 Jul 2019,L2965785,S58329602,,1
1207,31806,species,Evening Grosbeak,Coccothraustes vespertinus,2,Parc du Petit-Bois,CA-QC,20 Jul 2019,L2965785,S58329602,,1
1208,8161,species,Sharp-shinned Hawk,Accipiter striatus,1,Parc du Petit-Bois,CA-QC,20 Jul 2019,L2965785,S58329602,,1
1209,21875,species,Boreal Chickadee,Poecile hudsonicus,1,PN Forillon--Penouille,CA-QC,19 Jul 2019,L956494,S58329608,,1
1210,11647,species,Pileated Woodpecker,Dryocopus pileatus,1,PN Forillon--Penouille,CA-QC,19 Jul 2019,L956494,S58329608,,1
1211,330,species,Canada Goose,Branta canadensis,10,PN Forillon--Penouille,CA-QC,19 Jul 2019,L956494,S58329608,,1
1212,33853,species,Blackpoll Warbler,Setophaga striata,1,PN Forillon--L'Anse-aux-Amérindiens,CA-QC,18 Jul 2019,L2343545,S58303457,,1
1213,31945,species,Pine Grosbeak,Pinicola enucleator,2,PN Forillon--L'Anse-aux-Amérindiens,CA-QC,18 Jul 2019,L2343545,S58303457,,1
1214,6092,species,Greater Yellowlegs,Tringa melanoleuca,1,PN Forillon--L'Anse-aux-Amérindiens,CA-QC,18 Jul 2019,L2343545,S58303457,,1
1215,712,species,Black Scoter,Melanitta americana,20,"Halte municipale, Barachois",CA-QC,17 Jul 2019,L6057131,S58296433,,1
1216,11016,species,Yellow-bellied Sapsucker,Sphyrapicus varius,4,La rivière emerode,CA-QC,17 Jul 2019,L9660000,S58296424,,1
1217,33676,species,Northern Waterthrush,Parkesia noveboracensis,1,PN Forillon--Penouille,CA-QC,17 Jul 2019,L956494,S58296437,,1
1218,28072,species,Swainson's Thrush,Catharus ustulatus,2,PN Forillon--Penouille,CA-QC,17 Jul 2019,L956494,S58296437,,1
1219,1251,species,Ruffed Grouse,Bonasa umbellus,3,PN Forillon--Penouille,CA-QC,17 Jul 2019,L956494,S58296437,,1
1220,32263,species,White-winged Crossbill,Loxia leucoptera,3,PN de l'Île-Bonaventure-et-du-Rocher-Percé,CA-QC,16 Jul 2019,L295795,S58296442,,1
1221,26599,species,Golden-crowned Kinglet,Regulus satrapa,2,PN de l'Île-Bonaventure-et-du-Rocher-Percé,CA-QC,16 Jul 2019,L295795,S58296442,,1
1222,33729,species,Mourning Warbler,Geothlypis philadelphia,1,"Station d'épuration, Bonaventure",CA-QC,15 Jul 2019,L9143571,S58214505,,1
1223,10202,species,Belted Kingfisher,Megaceryle alcyon,2,"Station d'épuration, Bonaventure",CA-QC,15 Jul 2019,L9143571,S58214505,,1
1224,8383,species,Broad-winged Hawk,Buteo platypterus,1,"Station d'épuration, Bonaventure",CA-QC,15 Jul 2019,L9143571,S58214505,,1
1225,5777,species,Semipalmated Plover,Charadrius semipalmatus,1,"Station d'épuration, Bonaventure",CA-QC,15 Jul 2019,L9143571,S58214505,,1
1226,5770,species,Killdeer,Charadrius vociferus,15,"Station d'épuration, Bonaventure",CA-QC,15 Jul 2019,L9143571,S58214505,,1
1227,33874,species,Yellow-rumped Warbler,Setophaga coronata,2,Cime Aventures,CA-QC,14 Jul 2019,L9644046,S58191919,,1
1228,33804,species,Bay-breasted Warbler,Setophaga castanea,1,Cime Aventures,CA-QC,14 Jul 2019,L9644046,S58191919,,1
1229,33781,species,Cape May Warbler,Setophaga tigrina,3,Cime Aventures,CA-QC,14 Jul 2019,L9644046,S58191919,,1
1230,33685,species,Black-and-white Warbler,Mniotilta varia,1,Cime Aventures,CA-QC,14 Jul 2019,L9644046,S58191919,,1
1231,32842,species,Dark-eyed Junco,Junco hyemalis,1,Cime Aventures,CA-QC,14 Jul 2019,L9644046,S58191919,,1
1232,26688,species,Red-breasted Nuthatch,Sitta canadensis,1,Cime Aventures,CA-QC,14 Jul 2019,L9644046,S58191919,,1
1233,34054,species,Canada Warbler,Cardellina canadensis,2,Pont de Madison,CA-QC,14 Jul 2019,L9644091,S58192028,,1
1234,28061,species,Veery,Catharus fuscescens,1,Pont de Madison,CA-QC,14 Jul 2019,L9644091,S58192028,,1
1235,26595,species,Ruby-crowned Kinglet,Corthylio calendula,1,Pont de Madison,CA-QC,14 Jul 2019,L9644091,S58192028,,1
1236,19044,species,Philadelphia Vireo,Vireo philadelphicus,2,Pont de Madison,CA-QC,14 Jul 2019,L9644091,S58192028,,1
1237,4747,species,Ruby-throated Hummingbird,Archilochus colubris,1,Pont de Madison,CA-QC,14 Jul 2019,L9644091,S58192028,,1
1238,33805,species,Blackburnian Warbler,Setophaga fusca,1,PN du Bic (SVP choisir des endroits plus précis),CA-QC,13 Jul 2019,L327992,S58164545,,1
1239,33800,species,Magnolia Warbler,Setophaga magnolia,4,PN du Bic (SVP choisir des endroits plus précis),CA-QC,13 Jul 2019,L327992,S58164545,,1
1240,33784,species,Northern Parula,Setophaga americana,3,PN du Bic (SVP choisir des endroits plus précis),CA-QC,13 Jul 2019,L327992,S58164545,,1
1241,33669,species,Ovenbird,Seiurus aurocapilla,1,PN du Bic (SVP choisir des endroits plus précis),CA-QC,13 Jul 2019,L327992,S58164545,,1
1242,32919,species,White-throated Sparrow,Zonotrichia albicollis,3,PN du Bic (SVP choisir des endroits plus précis),CA-QC,13 Jul 2019,L327992,S58164545,,1
1243,19027,species,Blue-headed Vireo,Vireo solitarius,1,PN du Bic (SVP choisir des endroits plus précis),CA-QC,13 Jul 2019,L327992,S58164545,,1
1244,11314,species,Hairy Woodpecker,Dryobates villosus,1,PN du Bic (SVP choisir des endroits plus précis),CA-QC,13 Jul 2019,L327992,S58164545,,1
1245,6472,species,American Herring Gull,Larus smithsonianus,100,PN du Bic (SVP choisir des endroits plus précis),CA-QC,13 Jul 2019,L327992,S58164545,,1
1246,33033,species,Swamp Sparrow,Melospiza georgiana,1,Port de Cacouna,CA-QC,13 Jul 2019,L3026681,S58164830,,1
1247,11913,species,American Kestrel,Falco sparverius,1,Port de Cacouna,CA-QC,13 Jul 2019,L3026681,S58164830,,1
1248,6162,species,Least Sandpiper,Calidris minutilla,2,Port de Cacouna,CA-QC,13 Jul 2019,L3026681,S58164830,,1
1249,550,species,American Black Duck,Anas rubripes,1,Port de Cacouna,CA-QC,13 Jul 2019,L3026681,S58164830,,1
1250,497,species,American Wigeon,Mareca americana,50,Port de Cacouna,CA-QC,13 Jul 2019,L3026681,S58164830,,1
1251,257,species,Snow Goose,Anser caerulescens,4,Port de Cacouna,CA-QC,13 Jul 2019,L3026681,S58164830,,1
1252,33928,species,Black-throated Green Warbler,Setophaga virens,1,Parc des Chutes (cté Rivière-du-Loup),CA-QC,13 Jul 2019,L2218623,S58164833,,1
1253,33856,species,Black-throated Blue Warbler,Setophaga caerulescens,2,Parc des Chutes (cté Rivière-du-Loup),CA-QC,13 Jul 2019,L2218623,S58164833,,1
1254,33749,species,Common Yellowthroat,Geothlypis trichas,4,RNF du Cap-Tourmente--secteur La Petite Ferme,CA-QC,12 Jul 2019,L1440758,S58131315,,1
1255,33286,species,Bobolink,Dolichonyx oryzivorus,5,RNF du Cap-Tourmente--secteur La Petite Ferme,CA-QC,12 Jul 2019,L1440758,S58131315,,1
1256,32962,species,Savannah Sparrow,Passerculus sandwichensis,3,RNF du Cap-Tourmente--secteur La Petite Ferme,CA-QC,12 Jul 2019,L1440758,S58131315,,1
1257,27881,species,Eastern Bluebird,Sialia sialis,2,RNF du Cap-Tourmente--secteur La Petite Ferme,CA-QC,12 Jul 2019,L1440758,S58131315,,1
1258,24051,species,Cliff Swallow,Petrochelidon pyrrhonota,70,RNF du Cap-Tourmente--secteur La Petite Ferme,CA-QC,12 Jul 2019,L1440758,S58131315,,1
1259,23834,species,Tree Swallow,Tachycineta bicolor,10,RNF du Cap-Tourmente--secteur La Petite Ferme,CA-QC,12 Jul 2019,L1440758,S58131315,,1
1260,21066,species,Blue Jay,Cyanocitta cristata,1,RNF du Cap-Tourmente--secteur La Petite Ferme,CA-QC,12 Jul 2019,L1440758,S58131315,,1
1261,17302,species,Eastern Kingbird,Tyrannus tyrannus,5,RNF du Cap-Tourmente--secteur La Petite Ferme,CA-QC,12 Jul 2019,L1440758,S58131315,,1
1262,16840,species,Eastern Phoebe,Sayornis phoebe,1,RNF du Cap-Tourmente--secteur La Petite Ferme,CA-QC,12 Jul 2019,L1440758,S58131315,,1
1263,11287,species,Downy Woodpecker,Dryobates pubescens,1,RNF du Cap-Tourmente--secteur La Petite Ferme,CA-QC,12 Jul 2019,L1440758,S58131315,,1
1264,8228,species,Northern Harrier,Circus hudsonius,2,RNF du Cap-Tourmente--secteur La Petite Ferme,CA-QC,12 Jul 2019,L1440758,S58131315,,1
1265,7473,species,American Bittern,Botaurus lentiginosus,1,RNF du Cap-Tourmente--secteur La Petite Ferme,CA-QC,12 Jul 2019,L1440758,S58131315,,1
1266,729,species,Hooded Merganser,Lophodytes cucullatus,1,RNF du Cap-Tourmente--secteur La Petite Ferme,CA-QC,12 Jul 2019,L1440758,S58131315,,1
1267,34224,species,Northern Cardinal,Cardinalis cardinalis,1,Plaines d'Abraham,CA-QC,12 Jul 2019,L663123,S58123097,,1
1268,27758,species,Gray Catbird,Dumetella carolinensis,1,Plaines d'Abraham,CA-QC,12 Jul 2019,L663123,S58123097,,1
1269,6083,species,Lesser Yellowlegs,Tringa flavipes,1,Parc de la Pointe-aux-Lièvres,CA-QC,12 Jul 2019,L3685788,S58131319,,1
1270,7543,species,Tricolored Heron,Egretta tricolor,1,RNF du Cap-Tourmente--Marais des Graves,CA-QC,12 Jul 2019,L1912330,S58131318,,1
1271,33807,species,Yellow Warbler,Setophaga petechia,6,Ile St-Quentin,CA-QC,11 Jul 2019,L729855,S58115022,,1
1272,33779,species,American Redstart,Setophaga ruticilla,3,Ile St-Quentin,CA-QC,11 Jul 2019,L729855,S58115022,,1
1273,32995,species,Song Sparrow,Melospiza melodia,4,Ile St-Quentin,CA-QC,11 Jul 2019,L729855,S58115022,,1
1274,32338,species,American Goldfinch,Spinus tristis,1,Ile St-Quentin,CA-QC,11 Jul 2019,L729855,S58115022,,1
1275,29618,species,Cedar Waxwing,Bombycilla cedrorum,4,Ile St-Quentin,CA-QC,11 Jul 2019,L729855,S58115022,,1
1276,26640,species,White-breasted Nuthatch,Sitta carolinensis,2,Ile St-Quentin,CA-QC,11 Jul 2019,L729855,S58115022,,1
1277,23876,species,Northern Rough-winged Swallow,Stelgidopteryx serripennis,2,Ile St-Quentin,CA-QC,11 Jul 2019,L729855,S58115022,,1
1278,21841,species,Black-capped Chickadee,Poecile atricapillus,4,Ile St-Quentin,CA-QC,11 Jul 2019,L729855,S58115022,,1
1279,19067,species,Red-eyed Vireo,Vireo olivaceus,8,Ile St-Quentin,CA-QC,11 Jul 2019,L729855,S58115022,,1
1280,11785,species,Northern Flicker,Colaptes auratus,3,Ile St-Quentin,CA-QC,11 Jul 2019,L729855,S58115022,,1
1281,8271,species,Bald Eagle,Haliaeetus leucocephalus,1,Ile St-Quentin,CA-QC,11 Jul 2019,L729855,S58115022,,1
1282,7720,species,Turkey Vulture,Cathartes aura,1,Ile St-Quentin,CA-QC,11 Jul 2019,L729855,S58115022,,1
1283,7658,species,Great Blue Heron,Ardea herodias,1,Ile St-Quentin,CA-QC,11 Jul 2019,L729855,S58115022,,1
1284,7342,species,Double-crested Cormorant,Nannopterum auritum,1,Ile St-Quentin,CA-QC,11 Jul 2019,L729855,S58115022,,1
1285,6776,species,Pied-billed Grebe,Podilymbus podiceps,1,Ile St-Quentin,CA-QC,11 Jul 2019,L729855,S58115022,,1
1286,441,species,Wood Duck,Aix sponsa,10,Ile St-Quentin,CA-QC,11 Jul 2019,L729855,S58115022,,1
1287,33576,species,Common Grackle,Quiscalus quiscula,4,Parc Jarry,CA-QC,11 Jul 2019,L2972636,S58092897,,1
1288,33500,species,Red-winged Blackbird,Agelaius phoeniceus,10,Parc Jarry,CA-QC,11 Jul 2019,L2972636,S58092897,,1
1289,32708,species,Chipping Sparrow,Spizella passerina,3,Parc Jarry,CA-QC,11 Jul 2019,L2972636,S58092897,,1
1290,28313,species,American Robin,Turdus migratorius,5,Parc Jarry,CA-QC,11 Jul 2019,L2972636,S58092897,,1
1291,21333,species,American Crow,Corvus brachyrhynchos,3,Parc Jarry,CA-QC,11 Jul 2019,L2972636,S58092897,,1
1292,3842,species,Chimney Swift,Chaetura pelagica,10,Parc Jarry,CA-QC,11 Jul 2019,L2972636,S58092897,,1
1293,2373,species,Mourning Dove,Zenaida macroura,1,Parc Jarry,CA-QC,11 Jul 2019,L2972636,S58092897,,1
1295,367,species,Black Swan,Cygnus atratus,1,"Ile de Ré (secteur général, merci d'utiliser de préférence des sites plus précis)",FR-NAQ,04 May 2019,L964125,S56122855,N,1
1296,11942,species,Red-footed Falcon,Falco vespertinus,1,Lapalme--Carrières,FR-OCC,21 Apr 2019,L21459958,S154809692,,1
1297,3155,species,Great Spotted Cuckoo,Clamator glandarius,1,mouret,FR-OCC,21 Apr 2019,L10031061,S154809685,,1
1298,23429,species,Moustached Warbler,Acrocephalus melanopogon,1,Réserve du Méjean,FR-OCC,15 Dec 2018,L2201986,S154781517,,1
1299,29529,species,Desert Wheatear,Oenanthe deserti,1,devois de la planette,FR-OCC,11 Nov 2018,L10031044,S154781392,,1
1300,7957,species,Imperial Eagle,Aquila heliaca,1,marais de coute,FR-OCC,10 Nov 2018,L10031043,S154836439,,1
1302,12701,species,Monk Parakeet,Myiopsitta monachus,10,Aiguamolls de l'Empordà PNat--Estany del Cortalet,ES-CT,20 Oct 2018,L3978453,S51660267,N,1
1303,6282,species,Collared Pratincole,Glareola pratincola,1,Domaine de Tartuguière--Le Patus,FR-OCC,09 Sep 2018,L5537902,S121532777,,1
1304,22753,species,Namaqua Warbler,Phragmacia substriata,2,Karoo NP (Please consider more precise locations),ZA-WC,19 Aug 2018,L922586,S49189089,,1
1305,11176,species,Cardinal Woodpecker,Dendropicos fuscescens,1,Karoo NP (Please consider more precise locations),ZA-WC,19 Aug 2018,L922586,S49189089,,1
1306,10525,species,Pied Barbet,Tricholaema leucomelas,4,Karoo NP (Please consider more precise locations),ZA-WC,19 Aug 2018,L922586,S49189089,,1
1307,23116,species,Rufous-eared Warbler,Malcorus pectoralis,4,Karoo NP (Please consider more precise locations),ZA-WC,18 Aug 2018,L922586,S48754467,,1
1308,22732,species,Karoo Eremomela,Eremomela gregalis,10,Karoo NP (Please consider more precise locations),ZA-WC,18 Aug 2018,L922586,S48754467,,1
1309,22654,species,Long-billed Crombec,Sylvietta rufescens,2,Karoo NP (Please consider more precise locations),ZA-WC,18 Aug 2018,L922586,S48754467,,1
1310,22208,species,Sabota Lark,Calendulauda sabota,,Karoo NP (Please consider more precise locations),ZA-WC,18 Aug 2018,L922586,S48754467,,1
1311,22038,species,Gray Tit,Melaniparus afer,2,Karoo NP (Please consider more precise locations),ZA-WC,18 Aug 2018,L922586,S48754467,,1
1312,2876,species,Kori Bustard,Ardeotis kori,1,Karoo NP (Please consider more precise locations),ZA-WC,18 Aug 2018,L922586,S48754467,,1
1313,8831,species,Spotted Eagle-Owl,Bubo africanus,2,Strandfontein WTP,ZA-WC,29 Jul 2018,L920374,S49189480,,1
1314,6737,species,Lesser Flamingo,Phoeniconaias minor,2,Strandfontein WTP,ZA-WC,29 Jul 2018,L920374,S49189480,,1
1315,6415,species,Gray-hooded Gull,Chroicocephalus cirrocephalus,10,Strandfontein WTP,ZA-WC,22 Jul 2018,L920374,S47400566,,1
1316,6934,species,Wilson's Storm-Petrel,Oceanites oceanicus,3,Cape Town Pelagic--Cape Pt. to trawling grounds (Do not log harbour/coastal birds here),ZA-WC,21 Jul 2018,L920013,S47400499,,1
1318,6662,species,Antarctic Tern,Sterna vittata,2,Cape Town Pelagic--Cape Pt. to trawling grounds (Do not log harbour/coastal birds here),ZA-WC,21 Jul 2018,L920013,S47400499,,1
1319,30167,species,Dusky Sunbird,Cinnyris fuscus,1,Karoo NP (Please consider more precise locations),ZA-WC,17 Jul 2018,L922586,S48754290,,1
1320,29467,species,Sickle-winged Chat,Emarginata sinuata,,Karoo NP (Please consider more precise locations),ZA-WC,17 Jul 2018,L922586,S48754290,,1
1321,22708,species,Yellow-bellied Eremomela,Eremomela icteropygialis,10,Karoo NP (Please consider more precise locations),ZA-WC,17 Jul 2018,L922586,S48754290,,1
1322,22099,species,Spike-heeled Lark,Chersomanes albofasciata,,Karoo NP (Please consider more precise locations),ZA-WC,17 Jul 2018,L922586,S48754290,,1
1323,9334,species,Red-faced Mousebird,Urocolius indicus,8,Karoo NP (Please consider more precise locations),ZA-WC,17 Jul 2018,L922586,S48754290,,1
1324,8835,species,Cape Eagle-Owl,Bubo capensis,3,Karoo NP (Please consider more precise locations),ZA-WC,17 Jul 2018,L922586,S48754290,,1
1325,2122,species,Namaqua Dove,Oena capensis,3,Karoo NP (Please consider more precise locations),ZA-WC,17 Jul 2018,L922586,S48754290,,1
1326,32493,species,Lark-like Bunting,Emberiza impetuani,1,Karoo NP (Please consider more precise locations),ZA-WC,16 Jul 2018,L922586,S48585115,,1
1327,31569,species,Yellow-tufted Pipit,Anthus crenatus,1,Karoo NP (Please consider more precise locations),ZA-WC,16 Jul 2018,L922586,S48585115,,1
1328,30669,species,Southern Red Bishop,Euplectes orix,10,Karoo NP (Please consider more precise locations),ZA-WC,16 Jul 2018,L922586,S48585115,,1
1329,29503,species,Mountain Chat,Myrmecocichla monticola,,Karoo NP (Please consider more precise locations),ZA-WC,16 Jul 2018,L922586,S48585115,,1
1330,29501,species,Southern Anteater-Chat,Myrmecocichla formicivora,5,Karoo NP (Please consider more precise locations),ZA-WC,16 Jul 2018,L922586,S48585115,,1
1331,29471,species,Karoo Chat,Emarginata schlegelii,1,Karoo NP (Please consider more precise locations),ZA-WC,16 Jul 2018,L922586,S48585115,,1
1332,28200,species,Karoo Thrush,Turdus smithi,1,Karoo NP (Please consider more precise locations),ZA-WC,16 Jul 2018,L922586,S48585115,,1
1333,27665,species,Pale-winged Starling,Onychognathus nabouroup,,Karoo NP (Please consider more precise locations),ZA-WC,16 Jul 2018,L922586,S48585115,,1
1334,25064,species,Chestnut-vented Warbler,Curruca subcoerulea,1,Karoo NP (Please consider more precise locations),ZA-WC,16 Jul 2018,L922586,S48585115,,1
1335,25055,species,Layard's Warbler,Curruca layardi,2,Karoo NP (Please consider more precise locations),ZA-WC,16 Jul 2018,L922586,S48585115,,1
1336,24552,species,Black-fronted Bulbul,Pycnonotus nigricans,2,Karoo NP (Please consider more precise locations),ZA-WC,16 Jul 2018,L922586,S48585115,,1
1337,23207,species,Gray-backed Cisticola,Cisticola subruficapilla,1,Karoo NP (Please consider more precise locations),ZA-WC,16 Jul 2018,L922586,S48585115,,1
1338,21681,species,Fairy Flycatcher,Stenostira scita,1,Karoo NP (Please consider more precise locations),ZA-WC,16 Jul 2018,L922586,S48585115,,1
1339,19875,species,Southern Tchagra,Tchagra tchagra,2,Karoo NP (Please consider more precise locations),ZA-WC,16 Jul 2018,L922586,S48585115,,1
1340,19660,species,Pririt Batis,Batis pririt,1,Karoo NP (Please consider more precise locations),ZA-WC,16 Jul 2018,L922586,S48585115,,1
1341,8016,species,Pale Chanting-Goshawk,Melierax canorus,2,Karoo NP (Please consider more precise locations),ZA-WC,16 Jul 2018,L922586,S48585115,,1
1342,7690,species,Hamerkop,Scopus umbretta,1,Karoo NP (Please consider more precise locations),ZA-WC,16 Jul 2018,L922586,S48585115,,1
1343,2901,species,Karoo Bustard,Heterotetrax vigorsii,5,Karoo NP (Please consider more precise locations),ZA-WC,16 Jul 2018,L922586,S48585115,,1
1344,8225,species,Black Harrier,Circus maurus,1,Mount Hebron Nature Reserve,ZA-WC,13 Jul 2018,L6216346,S47181878,,1
1345,3251,species,Klaas's Cuckoo,Chrysococcyx klaas,1,University of Cape Town--Upper Campus,ZA-WC,11 Jul 2018,L2720067,S47145149,,1
1346,507,species,African Black Duck,Anas sparsa,,Stellenbosch,ZA-WC,10 Jul 2018,L7691913,S47106896,,1
1347,9144,species,African Wood-Owl,Strix woodfordii,1,Chart farm,ZA-WC,08 Jul 2018,L7688402,S47089701,,1
1348,7300,species,Crowned Cormorant,Microcarbo coronatus,,Stony Point--Penguin Colony,ZA-WC,07 Jul 2018,L988998,S47089337,,1
1349,20447,species,African Crested Flycatcher,Trochocercus cyanomelas,2,Harold Porter Botanical Gardens,ZA-WC,07 Jul 2018,L988987,S47089247,,1
1350,20193,species,Fork-tailed Drongo,Dicrurus adsimilis,6,Harold Porter Botanical Gardens,ZA-WC,07 Jul 2018,L988987,S47089247,,1
1351,29373,species,Sentinel Rock-Thrush,Monticola explorator,3,Rooi-Els,ZA-WC,07 Jul 2018,L930832,S47089194,,1
1352,21327,species,Cape Crow,Corvus capensis,1,Rooi-Els,ZA-WC,07 Jul 2018,L930832,S47089194,,1
1353,11587,species,Ground Woodpecker,Geocolaptes olivaceus,3,Rooi-Els,ZA-WC,07 Jul 2018,L930832,S47089194,,1
1355,31653,species,Orange-throated Longclaw,Macronyx capensis,4,Rietvlei Wetlands Reserve,ZA-WC,26 Jun 2018,L920475,S46809992,,1
1356,30682,species,Yellow Bishop,Euplectes capensis,10,Rietvlei Wetlands Reserve,ZA-WC,26 Jun 2018,L920475,S46809992,,1
1357,28651,species,Fiscal Flycatcher,Sigelus silens,2,Bain's Kloof Pass,ZA-WC,24 Jun 2018,L1482958,S46889777,,1
1358,22823,species,Bar-throated Apalis,Apalis thoracica,1,Bain's Kloof Pass,ZA-WC,24 Jun 2018,L1482958,S46889777,,1
1359,22677,species,Victorin's Warbler,Cryptillas victorini,1,Bain's Kloof Pass,ZA-WC,24 Jun 2018,L1482958,S46889777,,1
1360,32182,species,Cape Siskin,Crithagra totta,2,Kirstenbosch Botanical Garden,ZA-WC,16 Jun 2018,L920289,S46587533,,1
1361,8023,species,African Goshawk,Aerospiza tachiro,1,Kirstenbosch Botanical Garden,ZA-WC,16 Jun 2018,L920289,S46587533,,1
1362,1896,species,Lemon Dove,Aplopelia larvata,1,Kirstenbosch Botanical Garden,ZA-WC,16 Jun 2018,L920289,S46587533,,1
1363,7311,species,Bank Cormorant,Phalacrocorax neglectus,15,Cape Town Pelagic--Cape Pt. to trawling grounds (Do not log harbour/coastal birds here),ZA-WC,10 Jun 2018,L920013,S46448052,,1
1365,7114,species,Spectacled Petrel,Procellaria conspicillata,1,Cape Town Pelagic--Cape Pt. to trawling grounds (Do not log harbour/coastal birds here),ZA-WC,10 Jun 2018,L920013,S46448052,,1
1366,7113,species,White-chinned Petrel,Procellaria aequinoctialis,1000,Cape Town Pelagic--Cape Pt. to trawling grounds (Do not log harbour/coastal birds here),ZA-WC,10 Jun 2018,L920013,S46448052,,1
1367,7088,species,Antarctic Prion,Pachyptila desolata,5,Cape Town Pelagic--Cape Pt. to trawling grounds (Do not log harbour/coastal birds here),ZA-WC,10 Jun 2018,L920013,S46448052,,1
1368,7018,species,Pintado Petrel,Daption capense,50,Cape Town Pelagic--Cape Pt. to trawling grounds (Do not log harbour/coastal birds here),ZA-WC,10 Jun 2018,L920013,S46448052,,1
1369,7009,species,Northern Giant-Petrel,Macronectes halli,6,Cape Town Pelagic--Cape Pt. to trawling grounds (Do not log harbour/coastal birds here),ZA-WC,10 Jun 2018,L920013,S46448052,,1
1370,6927,species,Black-browed Albatross,Thalassarche melanophris,200,Cape Town Pelagic--Cape Pt. to trawling grounds (Do not log harbour/coastal birds here),ZA-WC,10 Jun 2018,L920013,S46448052,,1
1371,6921,species,White-capped Albatross,Thalassarche cauta,200,Cape Town Pelagic--Cape Pt. to trawling grounds (Do not log harbour/coastal birds here),ZA-WC,10 Jun 2018,L920013,S46448052,,1
1372,6915,species,Indian Yellow-nosed Albatross,Thalassarche carteri,10,Cape Town Pelagic--Cape Pt. to trawling grounds (Do not log harbour/coastal birds here),ZA-WC,10 Jun 2018,L920013,S46448052,,1
1373,6914,species,Atlantic Yellow-nosed Albatross,Thalassarche chlororhynchos,5,Cape Town Pelagic--Cape Pt. to trawling grounds (Do not log harbour/coastal birds here),ZA-WC,10 Jun 2018,L920013,S46448052,,1
1374,6303,species,Brown Skua,Stercorarius antarcticus,20,Cape Town Pelagic--Cape Pt. to trawling grounds (Do not log harbour/coastal birds here),ZA-WC,10 Jun 2018,L920013,S46448052,,1
1375,7759,species,African Harrier-Hawk,Polyboroides typus,1,Nid spar,ZA-WC,06 Jun 2018,L7647257,S46890166,,1
1376,10203,species,Pied Kingfisher,Ceryle rudis,4,Raapenberg Bird Sanctuary and Two Rivers Urban Park,ZA-WC,03 Jun 2018,L2557390,S46262634,,1
1377,7297,species,Reed Cormorant,Microcarbo africanus,1,Raapenberg Bird Sanctuary and Two Rivers Urban Park,ZA-WC,03 Jun 2018,L2557390,S46262634,,1
1378,7286,species,African Darter,Anhinga rufa,3,Raapenberg Bird Sanctuary and Two Rivers Urban Park,ZA-WC,03 Jun 2018,L2557390,S46262634,,1
1379,32112,species,Forest Canary,Crithagra scotops,1,Kirstenbosch Botanical Garden,ZA-WC,03 Jun 2018,L920289,S46262421,,1
1380,30953,species,Swee Waxbill,Coccopygia melanotis,10,Kirstenbosch Botanical Garden,ZA-WC,03 Jun 2018,L920289,S46262421,,1
1381,29653,species,Cape Sugarbird,Promerops cafer,1,Kirstenbosch Botanical Garden,ZA-WC,03 Jun 2018,L920289,S46262421,,1
1382,28545,species,African Dusky Flycatcher,Muscicapa adusta,10,Kirstenbosch Botanical Garden,ZA-WC,03 Jun 2018,L920289,S46262421,,1
1383,24077,species,Sombre Greenbul,Andropadus importunus,10,Kirstenbosch Botanical Garden,ZA-WC,03 Jun 2018,L920289,S46262421,,1
1384,9301,species,Speckled Mousebird,Colius striatus,1,Kirstenbosch Botanical Garden,ZA-WC,03 Jun 2018,L920289,S46262421,,1
1385,8205,species,Black Goshawk,Astur melanoleucus,1,Kirstenbosch Botanical Garden,ZA-WC,03 Jun 2018,L920289,S46262421,,1
1386,8158,species,Rufous-breasted Sparrowhawk,Accipiter rufiventris,1,Kirstenbosch Botanical Garden,ZA-WC,03 Jun 2018,L920289,S46262421,,1
1387,1860,species,Rameron Pigeon,Columba arquatrix,10,Kirstenbosch Botanical Garden,ZA-WC,03 Jun 2018,L920289,S46262421,,1
1388,2014,species,Ring-necked Dove,Streptopelia capicola,,Rondebosch,ZA-WC,01 Jun 2018,L7512452,S46810329,,1
1389,32145,species,White-throated Canary,Crithagra albogularis,3,West Coast NP--Geelbek hides vicinity,ZA-WC,27 May 2018,L920423,S46065480,,1
1390,32140,species,Yellow Canary,Crithagra flaviventris,5,West Coast NP--Geelbek hides vicinity,ZA-WC,27 May 2018,L920423,S46065480,,1
1391,30521,species,Cape Weaver,Ploceus capensis,5,West Coast NP--Geelbek hides vicinity,ZA-WC,27 May 2018,L920423,S46065480,,1
1392,29520,species,Capped Wheatear,Oenanthe pileata,1,West Coast NP--Geelbek hides vicinity,ZA-WC,27 May 2018,L920423,S46065480,,1
1393,28680,species,Karoo Scrub-Robin,Tychaedon coryphoeus,5,West Coast NP--Geelbek hides vicinity,ZA-WC,27 May 2018,L920423,S46065480,,1
1394,27725,species,African Pied Starling,Lamprotornis bicolor,10,West Coast NP--Geelbek hides vicinity,ZA-WC,27 May 2018,L920423,S46065480,,1
1395,23807,species,Plain Martin,Riparia paludicola,2,West Coast NP--Geelbek hides vicinity,ZA-WC,27 May 2018,L920423,S46065480,,1
1396,23084,species,Karoo Prinia,Prinia maculosa,10,West Coast NP--Geelbek hides vicinity,ZA-WC,27 May 2018,L920423,S46065480,,1
1397,22422,species,Large-billed Lark,Galerida magnirostris,1,West Coast NP--Geelbek hides vicinity,ZA-WC,27 May 2018,L920423,S46065480,,1
1398,19933,species,Bokmakierie,Telophorus zeylonus,5,West Coast NP--Geelbek hides vicinity,ZA-WC,27 May 2018,L920423,S46065480,,1
1400,9323,species,White-backed Mousebird,Colius colius,10,West Coast NP--Geelbek hides vicinity,ZA-WC,27 May 2018,L920423,S46065480,,1
1401,7938,species,Martial Eagle,Polemaetus bellicosus,1,West Coast NP--Geelbek hides vicinity,ZA-WC,27 May 2018,L920423,S46065480,,1
1402,7442,species,African Spoonbill,Platalea alba,5,West Coast NP--Geelbek hides vicinity,ZA-WC,27 May 2018,L920423,S46065480,,1
1403,7252,species,Cape Gannet,Morus capensis,30,West Coast NP--Geelbek hides vicinity,ZA-WC,27 May 2018,L920423,S46065480,,1
1404,6877,species,African Penguin,Spheniscus demersus,3,West Coast NP--Geelbek hides vicinity,ZA-WC,27 May 2018,L920423,S46065480,,1
1405,5812,species,Crowned Lapwing,Vanellus coronatus,10,West Coast NP--Geelbek hides vicinity,ZA-WC,27 May 2018,L920423,S46065480,,1
1406,2911,species,Black Bustard,Afrotis afra,3,West Coast NP--Geelbek hides vicinity,ZA-WC,27 May 2018,L920423,S46065480,,1
1407,1787,species,Cape Spurfowl,Pternistis capensis,50,West Coast NP--Geelbek hides vicinity,ZA-WC,27 May 2018,L920423,S46065480,,1
1408,1645,species,Gray-winged Francolin,Scleroptila afra,2,West Coast NP--Geelbek hides vicinity,ZA-WC,27 May 2018,L920423,S46065480,,1
1409,410,species,South African Shelduck,Tadorna cana,7,West Coast NP--Geelbek hides vicinity,ZA-WC,27 May 2018,L920423,S46065480,,1
1410,2,species,Common Ostrich,Struthio camelus,14,West Coast NP--Geelbek hides vicinity,ZA-WC,27 May 2018,L920423,S46065480,,1
1411,23711,species,Little Rush Warbler,Bradypterus baboecala,2,Strandfontein WTP,ZA-WC,26 May 2018,L920374,S46044676,,1
1412,23462,species,Lesser Swamp Warbler,Acrocephalus gracilirostris,3,Strandfontein WTP,ZA-WC,26 May 2018,L920374,S46044676,,1
1413,23247,species,Levaillant's Cisticola,Cisticola tinniens,5,Strandfontein WTP,ZA-WC,26 May 2018,L920374,S46044676,,1
1414,8278,species,African Fish-Eagle,Icthyophaga vocifer,1,Strandfontein WTP,ZA-WC,26 May 2018,L920374,S46044676,,1
1415,8214,species,African Marsh Harrier,Circus ranivorus,1,Strandfontein WTP,ZA-WC,26 May 2018,L920374,S46044676,,1
1416,7705,species,Great White Pelican,Pelecanus onocrotalus,20,Strandfontein WTP,ZA-WC,26 May 2018,L920374,S46044676,,1
1417,7312,species,Cape Cormorant,Phalacrocorax capensis,2,Strandfontein WTP,ZA-WC,26 May 2018,L920374,S46044676,,1
1418,5877,species,Kittlitz's Plover,Anarhynchus pecuarius,20,Strandfontein WTP,ZA-WC,26 May 2018,L920374,S46044676,,1
1419,5465,species,African Swamphen,Porphyrio madagascariensis,6,Strandfontein WTP,ZA-WC,26 May 2018,L920374,S46044676,,1
1420,760,species,Maccoa Duck,Oxyura maccoa,9,Strandfontein WTP,ZA-WC,26 May 2018,L920374,S46044676,,1
1421,570,species,Red-billed Duck,Anas erythrorhyncha,30,Strandfontein WTP,ZA-WC,26 May 2018,L920374,S46044676,,1
1422,463,species,Blue-billed Teal,Spatula hottentota,1,Strandfontein WTP,ZA-WC,26 May 2018,L920374,S46044676,,1
1423,32136,species,Brimstone Canary,Crithagra sulphurata,3,Strandfontein WTP,ZA-WC,25 May 2018,L920374,S46045162,,1
1424,31488,species,African Pipit,Anthus cinnamomeus,1,Strandfontein WTP,ZA-WC,25 May 2018,L920374,S46045162,,1
1425,31309,species,Cape Sparrow,Passer melanurus,5,Strandfontein WTP,ZA-WC,25 May 2018,L920374,S46045162,,1
1426,31026,species,Common Waxbill,Estrilda astrild,20,Strandfontein WTP,ZA-WC,25 May 2018,L920374,S46045162,,1
1427,8445,species,Jackal Buzzard,Buteo rufofuscus,1,Strandfontein WTP,ZA-WC,25 May 2018,L920374,S46045162,,1
1428,7684,species,Black-headed Heron,Ardea melanocephala,3,Strandfontein WTP,ZA-WC,25 May 2018,L920374,S46045162,,1
1429,7406,species,African Sacred Ibis,Threskiornis aethiopicus,200,Strandfontein WTP,ZA-WC,25 May 2018,L920374,S46045162,,1
1430,6734,species,Greater Flamingo,Phoenicopterus roseus,80,Strandfontein WTP,ZA-WC,25 May 2018,L920374,S46045162,,1
1431,6717,species,Great Crested Tern,Thalasseus bergii,10,Strandfontein WTP,ZA-WC,25 May 2018,L920374,S46045162,,1
1432,6466,species,Kelp Gull,Larus dominicanus,400,Strandfontein WTP,ZA-WC,25 May 2018,L920374,S46045162,,1
1433,6419,species,Hartlaub's Gull,Chroicocephalus hartlaubii,30,Strandfontein WTP,ZA-WC,25 May 2018,L920374,S46045162,,1
1434,5799,species,Blacksmith Lapwing,Vanellus armatus,50,Strandfontein WTP,ZA-WC,25 May 2018,L920374,S46045162,,1
1435,5784,species,Three-banded Plover,Thinornis tricollaris,10,Strandfontein WTP,ZA-WC,25 May 2018,L920374,S46045162,,1
1436,5745,species,African Oystercatcher,Haematopus moquini,3,Strandfontein WTP,ZA-WC,25 May 2018,L920374,S46045162,,1
1437,5437,species,Red-knobbed Coot,Fulica cristata,100,Strandfontein WTP,ZA-WC,25 May 2018,L920374,S46045162,,1
1438,637,species,Southern Pochard,Netta erythrophthalma,5,Strandfontein WTP,ZA-WC,25 May 2018,L920374,S46045162,,1
1439,563,species,Cape Teal,Anas capensis,100,Strandfontein WTP,ZA-WC,25 May 2018,L920374,S46045162,,1
1440,510,species,Yellow-billed Duck,Anas undulata,300,Strandfontein WTP,ZA-WC,25 May 2018,L920374,S46045162,,1
1441,479,species,Cape Shoveler,Spatula smithii,500,Strandfontein WTP,ZA-WC,25 May 2018,L920374,S46045162,,1
1442,416,species,Spur-winged Goose,Plectropterus gambensis,10,Strandfontein WTP,ZA-WC,25 May 2018,L920374,S46045162,,1
1443,231,species,White-faced Whistling-Duck,Dendrocygna viduata,3,Strandfontein WTP,ZA-WC,25 May 2018,L920374,S46045162,,1
1444,30546,species,Southern Masked-Weaver,Ploceus velatus,10,Wellington,ZA-WC,22 May 2018,L7627022,S46810269,,1
1445,5640,species,Blue Crane,Anthropoides paradiseus,2,Wellington,ZA-WC,22 May 2018,L7627022,S46810269,,1
1446,23999,species,Greater Striped Swallow,Cecropis cucullata,1,Wellington,ZA-WC,20 May 2018,L7627022,S46890586,,1
1447,7640,species,Yellow-billed Egret,Ardea brachyrhyncha,1,Wellington,ZA-WC,20 May 2018,L7627022,S47089549,,1
1448,32480,species,Cape Bunting,Emberiza capensis,2,Bain's Kloof Pass,ZA-WC,17 May 2018,L1482958,S46045492,,1
1449,32305,species,Cape Canary,Serinus canicollis,4,Bain's Kloof Pass,ZA-WC,17 May 2018,L1482958,S46045492,,1
1450,32171,species,Streaky-headed Seedeater,Crithagra gularis,2,Bain's Kloof Pass,ZA-WC,17 May 2018,L1482958,S46045492,,1
1451,31393,species,Cape Wagtail,Motacilla capensis,3,Bain's Kloof Pass,ZA-WC,17 May 2018,L1482958,S46045492,,1
1452,30060,species,Malachite Sunbird,Nectarinia famosa,5,Bain's Kloof Pass,ZA-WC,17 May 2018,L1482958,S46045492,,1
1453,29940,species,Orange-breasted Sunbird,Anthobaphes violacea,5,Bain's Kloof Pass,ZA-WC,17 May 2018,L1482958,S46045492,,1
1454,29560,species,Familiar Chat,Oenanthe familiaris,4,Bain's Kloof Pass,ZA-WC,17 May 2018,L1482958,S46045492,,1
1455,29393,species,Cape Rock-Thrush,Monticola rupestris,2,Bain's Kloof Pass,ZA-WC,17 May 2018,L1482958,S46045492,,1
1456,28946,species,Cape Robin-Chat,Dessonornis caffer,3,Bain's Kloof Pass,ZA-WC,17 May 2018,L1482958,S46045492,,1
1457,27669,species,Red-winged Starling,Onychognathus morio,20,Bain's Kloof Pass,ZA-WC,17 May 2018,L1482958,S46045492,,1
1458,23927,species,Southern Crag-Martin,Ptyonoprogne fuligula,4,Bain's Kloof Pass,ZA-WC,17 May 2018,L1482958,S46045492,,1
1459,21662,species,Cape Rockjumper,Chaetops frenatus,2,Bain's Kloof Pass,ZA-WC,17 May 2018,L1482958,S46045492,,1
1460,21398,species,White-necked Raven,Corvus albicollis,2,Bain's Kloof Pass,ZA-WC,17 May 2018,L1482958,S46045492,,1
1461,20915,species,Southern Fiscal,Lanius collaris,1,Bain's Kloof Pass,ZA-WC,17 May 2018,L1482958,S46045492,,1
1462,19901,species,Southern Boubou,Laniarius ferrugineus,1,Bain's Kloof Pass,ZA-WC,17 May 2018,L1482958,S46045492,,1
1463,19643,species,Cape Batis,Batis capensis,1,Bain's Kloof Pass,ZA-WC,17 May 2018,L1482958,S46045492,,1
1464,11894,species,Rock Kestrel,Falco rupicolus,1,Bain's Kloof Pass,ZA-WC,17 May 2018,L1482958,S46045492,,1
1465,7976,species,Verreaux's Eagle,Aquila verreauxii,3,Bain's Kloof Pass,ZA-WC,17 May 2018,L1482958,S46045492,,1
1466,30083,species,Southern Double-collared Sunbird,Cinnyris chalybeus,3,Rosebank,ZA-WC,12 May 2018,L7489157,S46138123,,1
1467,29989,species,Amethyst Sunbird,Chalcomitra amethystina,2,Rosebank,ZA-WC,12 May 2018,L7489157,S46138123,,1
1468,28202,species,Olive Thrush,Turdus olivaceus,2,Rosebank,ZA-WC,12 May 2018,L7489157,S46138123,,1
1469,25463,species,Cape White-eye,Zosterops virens,10,Rosebank,ZA-WC,12 May 2018,L7489157,S46138123,,1
1470,24555,species,Cape Bulbul,Pycnonotus capensis,4,Rosebank,ZA-WC,12 May 2018,L7489157,S46138123,,1
1471,21392,species,Pied Crow,Corvus albus,2,Rosebank,ZA-WC,12 May 2018,L7489157,S46138123,,1
1472,7431,species,Hadada Ibis,Bostrychia hagedash,10,Rosebank,ZA-WC,12 May 2018,L7489157,S46138123,,1
1473,4053,species,African Swift,Apus barbatus,30,Rosebank,ZA-WC,12 May 2018,L7489157,S46138123,,1
1474,2034,species,Laughing Dove,Spilopelia senegalensis,2,Rosebank,ZA-WC,12 May 2018,L7489157,S46138123,,1
1475,2013,species,Red-eyed Dove,Streptopelia semitorquata,3,Rosebank,ZA-WC,12 May 2018,L7489157,S46138123,,1
1476,1840,species,Speckled Pigeon,Columba guinea,3,Rosebank,ZA-WC,12 May 2018,L7489157,S46138123,,1
1477,405,species,Egyptian Goose,Alopochen aegyptiaca,10,Rosebank,ZA-WC,12 May 2018,L7489157,S46138123,,1
1478,5685,species,Spotted Thick-knee,Burhinus capensis,2,Wellington,ZA-WC,12 May 2018,L7627022,S46889973,,1
1479,24598,species,Dusky Warbler,Phylloscopus fuscatus,1,ENS du Marais de Tardinghen--la motte du bourg,FR-HDF,22 Jan 2018,L4614929,S154804712,,1
1480,24572,species,Hume's Warbler,Phylloscopus humei,1,ENS du Marais de Tardinghen--la motte du bourg,FR-HDF,22 Jan 2018,L4614929,S154804712,,1
1481,22484,species,Horned Lark,Eremophila alpestris,36,Plage de Grand-Fort-Philippe,FR-HDF,22 Jan 2018,L5150091,S154781548,,1
1482,6428,species,Franklin's Gull,Leucophaeus pipixcan,1,Touquet-Paris-Plage (Le) - sans lieu-dit défini,FR-HDF,21 Jan 2018,L28002768,S154809694,,1
1483,31367,species,White-winged Snowfinch,Montifringilla nivalis,1,Station de Peyragudes,FR-OCC,16 Jan 2018,L14142111,S84001005,,1
1484,9141,species,Great Gray Owl,Strix nebulosa,1,Helsinki--Kivikko,FI-18,22 Nov 2017,L8970229,S64158196,,1
1485,21261,species,Northern Nutcracker,Nucifraga caryocatactes,1,Espoo-- Hanikka Nature Trail,FI-18,18 Nov 2017,L9012841,S64158306,,1
1486,20881,species,Great Gray Shrike,Lanius excubitor,1,Espoo-- Hanikka Nature Trail,FI-18,18 Nov 2017,L9012841,S64158306,,1
1487,11098,species,Eurasian Three-toed Woodpecker,Picoides tridactylus,1,Espoo-- Hanikka Nature Trail,FI-18,18 Nov 2017,L9012841,S64158306,,1
1488,9194,species,Boreal Owl,Aegolius funereus,1,"Helsinki--Vanhankaupunginlahti, Lammassaari",FI-18,15 Nov 2017,L4486402,S64158269,,1
1489,9130,species,Ural Owl,Strix uralensis,1,"Helsinki--Vanhankaupunginlahti, Lammassaari",FI-18,15 Nov 2017,L4486402,S64158269,,1
1490,6158,species,White-rumped Sandpiper,Calidris fuscicollis,1,Black Rock Strand,IE-M,26 Oct 2017,L9639778,S46889667,,1
1492,32218,species,Parrot Crossbill,Loxia pytyopsittacus,1,Helsinki--Vanhankaupunginlahti Pornaistenniemen lintutorni,FI-18,15 Oct 2017,L4486404,S64158123,,1
1493,11540,species,Gray-headed Woodpecker,Picus canus,1,Helsinki--Vanhankaupunginlahti Pornaistenniemen lintutorni,FI-18,07 Oct 2017,L4486404,S64158077,,1
1494,294,species,Tundra Bean-Goose,Anser serrirostris,1,"Helsinki--Vanhankaupunginlahti, Lammassaari",FI-18,30 Sep 2017,L4486402,S64157990,,1
1495,8898,species,Northern Hawk Owl,Surnia ulula,1,Helsinki--Haltiala Nature Park,FI-18,14 Sep 2017,L1163230,S64157809,,1
1496,290,species,Taiga Bean-Goose,Anser fabalis,1,"Helsinki--Vanhankaupunginlahti, Lammassaari",FI-18,10 Sep 2017,L4486402,S64157741,,1
1497,31592,species,Red-throated Pipit,Anthus cervinus,1,"Helsinki--Vanhankaupunginlahti, Lammassaari",FI-18,09 Sep 2017,L4486402,S64157676,,1
1498,24560,species,Wood Warbler,Phylloscopus sibilatrix,1,"Helsinki--Vanhankaupunginlahti, Lammassaari",FI-18,28 Aug 2017,L4486402,S60636343,,1
1499,7945,species,Greater Spotted Eagle,Clanga clanga,1,"Helsinki--Vanhankaupunginlahti, Lammassaari",FI-18,28 Aug 2017,L4486402,S60636362,,1
1500,635,species,Red-crested Pochard,Netta rufina,1,Ile de Ré--Bassin de lagunage de Ars-en-Ré,FR-NAQ,06 Aug 2017,L2308298,S207998624,,1
1501,23480,species,Great Reed Warbler,Acrocephalus arundinaceus,1,Bassin LPO (A),FR-NAQ,04 Jun 2017,L28002766,S154781260,,1
1502,25122,species,Eastern Subalpine Warbler,Curruca cantillans,1,Ile de Ré--Phare des Baleines,FR-NAQ,07 May 2017,L955747,S154781791,,1
1503,7201,species,Black Stork,Ciconia nigra,1,ENITA (École nationale d'ingénieurs des travaux agricoles),FR-NAQ,16 Mar 2017,L7486784,S154803610,,1
1505,652,species,Ferruginous Duck,Aythya nyroca,1,Station de Lagunage de Rochefort,FR-NAQ,22 Jan 2017,L1263956,S154804704,,1
1506,355,species,Red-breasted Goose,Branta ruficollis,1,la Petite Prée,FR-PDL,21 Jan 2017,L28002760,S154781256,,1
1507,703,species,Surf Scoter,Melanitta perspicillata,1,Ile de Ré--Phare des Baleines,FR-NAQ,19 Dec 2016,L955747,S154802853,,1
1508,648,species,Ring-necked Duck,Aythya collaris,1,Gravière de la Lande,FR-NAQ,14 Nov 2016,L28002753,S154781252,,1
1509,6351,species,Dovekie,Alle alle,1,Ile de Ré--Phare des Baleines,FR-NAQ,11 Nov 2016,L955747,S154809704,,1
1510,25121,species,Western Subalpine Warbler,Curruca iberiae,1,Ouessant--Stang Meur,FR-BRE,27 Oct 2016,L3224595,S154804711,,1
1511,32384,species,Lapland Longspur,Calcarius lapponicus,2,Ouessant--Yusin,FR-BRE,27 Oct 2016,L3224605,S154831843,,1
1512,25070,species,Lesser Whitethroat,Curruca curruca,1,Arland (Ouessant),FR-BRE,24 Oct 2016,L28002746,S154803605,,1
1513,32548,species,Little Bunting,Emberiza pusilla,1,Ouessant--Pointe de Cadoran (Kadoran),FR-BRE,24 Oct 2016,L3224588,S154781525,,1
1514,24578,species,Pallas's Leaf Warbler,Phylloscopus proregulus,1,Ouessant--Poull Brac,FR-BRE,23 Oct 2016,L12250144,S154804703,,1
1515,11153,species,Middle Spotted Woodpecker,Dendrocoptes medius,1,Lapleau--Vendahaut,FR-NAQ,25 Sep 2016,L21458490,S154809691,,1
1516,7126,species,Great Shearwater,Ardenna gravis,1,Ile de Ré--Phare des Baleines,FR-NAQ,08 Jul 2016,L955747,S154809708,,1
1517,31871,species,Common Rosefinch,Carpodacus erythrinus,1,Ile de Ré--Le Casino,FR-NAQ,26 Jun 2016,L7492511,S154803611,,1
1518,6706,species,Elegant Tern,Thalasseus elegans,1,Ile de Ré--Phare des Baleines,FR-NAQ,22 May 2016,L955747,S154781785,,1
1519,24631,species,Iberian Chiffchaff,Phylloscopus ibericus,1,Les Jincalins,FR-NAQ,05 May 2016,L7484069,S154832602,,1
1521,21772,species,Crested Tit,Lophophanes cristatus,1,Chemin de Miqueu,FR-NAQ,14 Feb 2016,L7486781,S154802747,,1
1524,26631,species,Wallcreeper,Tichodroma muraria,1,Cirque d'Anglas,FR-NAQ,17 Jan 2016,L7486798,S154781592,,1
1526,31474,species,Richard's Pipit,Anthus richardi,1,Ile de Ré--Phare des Baleines,FR-NAQ,26 Oct 2015,L955747,S154829651,,1
1527,26315,species,Red-billed Leiothrix,Leiothrix lutea,1,Lac de l'Ayguelongue,FR-NAQ,13 Sep 2015,L7161470,S154805077,N,1
1528,11669,species,Black Woodpecker,Dryocopus martius,1,Lac de l'Ayguelongue,FR-NAQ,13 Sep 2015,L7161470,S154805077,,1
1529,31342,species,Sudan Golden Sparrow,Passer luteus,1,Ile de Ré--Phare des Baleines,FR-NAQ,25 Aug 2015,L955747,S154805184,,1
1530,29533,species,Western Black-eared Wheatear,Oenanthe hispanica,1,Bardenas Reales PNat--Area General (usar localidad más específica),ES-NC,15 Jul 2015,L3772708,S46327102,,1
1531,22541,species,Greater Short-toed Lark,Calandrella brachydactyla,10,Bardenas Reales PNat--Area General (usar localidad más específica),ES-NC,15 Jul 2015,L3772708,S46327102,,1
1532,22427,species,Thekla's Lark,Galerida theklae,1,Bardenas Reales PNat--Area General (usar localidad más específica),ES-NC,15 Jul 2015,L3772708,S46327102,,1
1533,20880,species,Iberian Gray Shrike,Lanius meridionalis,2,Bardenas Reales PNat--Area General (usar localidad más específica),ES-NC,15 Jul 2015,L3772708,S46327102,,1
1534,32429,species,Rock Bunting,Emberiza cia,2,PN Litoral Norte--Estuário do Cávado--área geral,PT-03,15 Jul 2015,L2399391,S84010651,,1
1535,7835,species,Cinereous Vulture,Aegypius monachus,1,PN Litoral Norte--Estuário do Cávado--área geral,PT-03,15 Jul 2015,L2399391,S84010651,,1
1536,32185,species,Twite,Linaria flavirostris,1,Svolvaer,NO-18,12 Jul 2015,L3154535,S46476543,,1
1537,31975,species,Eurasian Bullfinch,Pyrrhula pyrrhula,1,Svolvaer,NO-18,12 Jul 2015,L3154535,S46476543,,1
1538,29614,species,Bohemian Waxwing,Bombycilla garrulus,2,Svolvaer,NO-18,12 Jul 2015,L3154535,S46476543,,1
1539,21817,species,Willow Tit,Poecile montanus,1,Svolvaer,NO-18,12 Jul 2015,L3154535,S46476543,,1
1540,8432,species,Rough-legged Hawk,Buteo lagopus,2,Svolvaer,NO-18,12 Jul 2015,L3154535,S46476543,,1
1541,8268,species,White-tailed Eagle,Haliaeetus albicilla,1,Svolvaer,NO-18,12 Jul 2015,L3154535,S46476543,,1
1542,6293,species,Long-tailed Jaeger,Stercorarius longicaudus,1,Svolvaer,NO-18,12 Jul 2015,L3154535,S46476543,,1
1543,1400,species,Black Grouse,Lyrurus tetrix,1,Svolvaer,NO-18,12 Jul 2015,L3154535,S46476543,,1
1544,1317,species,Willow Ptarmigan,Lagopus lagopus,1,Svolvaer,NO-18,12 Jul 2015,L3154535,S46476543,,1
1545,31206,species,Alpine Accentor,Prunella collaris,3,Cabanes d'Aule,FR-NAQ,05 Jul 2015,L4309070,S154805074,,1
1546,29381,species,Rufous-tailed Rock-Thrush,Monticola saxatilis,2,Cabanes d'Aule,FR-NAQ,05 Jul 2015,L4309070,S154805074,,1
1547,21284,species,Yellow-billed Chough,Pyrrhocorax graculus,30,Cabanes d'Aule,FR-NAQ,05 Jul 2015,L4309070,S154805074,,1
1548,7751,species,Black-winged Kite,Elanus caeruleus,2,Lac d'Uzein,FR-NAQ,03 Jul 2015,L13993386,S154805046,,1
1549,23447,species,Marsh Warbler,Acrocephalus palustris,1,Roselière des Platières,FR-NAQ,01 Jul 2015,L28002703,S154804970,,1
1550,21274,species,Red-billed Chough,Pyrrhocorax pyrrhocorax,9,Grange Loustalet,FR-NAQ,02 May 2015,L7486766,S154805079,,1
1551,7852,species,Eurasian Griffon,Gyps fulvus,30,Grange Loustalet,FR-NAQ,02 May 2015,L7486766,S154805079,,1
1552,7767,species,Egyptian Vulture,Neophron percnopterus,1,Grange Loustalet,FR-NAQ,02 May 2015,L7486766,S154805079,,1
1553,6455,species,Ring-billed Gull,Larus delawarensis,1,la Repentie,FR-NAQ,08 Mar 2015,L7526927,S207998419,,1
1554,5463,species,Western Swamphen,Porphyrio porphyrio,1,Camargue--Marais de Grenouillet,FR-PAC,16 Aug 2014,L2089346,S121951438,,1
1555,7977,species,Bonelli's Eagle,Aquila fasciata,2,Maussane-les-Alpilles (ville),FR-PAC,13 Aug 2014,L20165349,S121953562,,1
1556,22570,species,Calandra Lark,Melanocorypha calandra,1,RNN des Coussouls de Crau (RNN152),FR-PAC,11 Aug 2014,L933042,S84001173,,1
1557,2822,species,Pin-tailed Sandgrouse,Pterocles alchata,19,Peyre Estève,FR-PAC,10 Aug 2014,L3223211,S121954081,,1
1558,727,species,Smew,Mergellus albellus,4,Freneuse,FR-IDF,23 Feb 2014,L8461207,S121532653,,1
1559,1434,species,Reeves's Pheasant,Syrmaticus reevesii,1,Saint-benoît,FR-IDF,22 Feb 2014,L14142249,S84001888,N,1
1560,21354,species,Hooded Crow,Corvus cornix,3,Roma (area generale),IT-62,11 Feb 2014,L1272704,S46242040,,1
1561,7469,species,Eurasian Bittern,Botaurus stellaris,1,Etangs de Saclay - Etang Vieux,FR-IDF,02 Feb 2014,L942613,S121951665,,1
1562,8810,species,Snowy Owl,Bubo scandiacus,1,Ile de Ré--La Percotte,FR-NAQ,17 Jan 2014,L3199214,S154829438,,1
1563,7513,species,Black-crowned Night Heron,Nycticorax nycticorax,17,Etang du Marais aux Oiseaux,FR-NAQ,21 Dec 2013,L7497685,S154829269,,1
1564,6465,species,Caspian Gull,Larus cachinnans,1,Ile de Ré--Les Grandes Prises (est),FR-NAQ,23 Nov 2013,L7496326,S154801122,,1
1565,29286,species,Red-breasted Flycatcher,Ficedula parva,1,Ile de Ré--Phare des Baleines,FR-NAQ,11 Nov 2013,L955747,S154829289,,1
1566,6790,species,Red-necked Grebe,Podiceps grisegena,1,Ile de Ré--Le Canot de Sauvetage,FR-NAQ,10 Nov 2013,L7496231,S154801066,,1
1567,2924,species,Little Bustard,Tetrax tetrax,10,le Mas de la Vallée,FR-NAQ,28 Sep 2013,L28002576,S154800296,,1
1568,32220,species,Red Crossbill,Loxia curvirostra,1,Ile de Ré--Phare des Baleines,FR-NAQ,22 Sep 2013,L955747,S154801241,,1
1569,5399,species,Spotted Crake,Porzana porzana,1,Bassin LPO (A),FR-NAQ,07 Sep 2013,L28002570,S154800291,,1
1570,6654,species,White-winged Tern,Chlidonias leucopterus,1,Station de Lagunage de Rochefort,FR-NAQ,07 Sep 2013,L1263956,S154800794,,1
1571,5769,species,Eurasian Dotterel,Eudromias morinellus,4,Ile de Ré--Phare des Baleines,FR-NAQ,02 Sep 2013,L955747,S154809750,,1
1572,6058,species,Red Phalarope,Phalaropus fulicarius,1,Ile de Ré--Phare des Baleines,FR-NAQ,31 Aug 2013,L955747,S154801237,,1
1574,23423,species,Icterine Warbler,Hippolais icterina,1,Ile de Ré--Phare des Baleines,FR-NAQ,19 Aug 2013,L955747,S154801227,,1
1575,23426,species,Aquatic Warbler,Acrocephalus paludicola,1,RNN de la Baie de l'Aiguillon (Vendée) (RNN130)--Digue des Prises,FR-PDL,15 Aug 2013,L4956484,S84001746,,1
1576,21400,species,Common Raven,Corvus corax,1,Liste Islande,IS-3,14 Jul 2013,L7488809,S46136371,,1
1577,11996,species,Gyrfalcon,Falco rusticolus,1,Liste Islande,IS-3,14 Jul 2013,L7488809,S46136371,,1
1578,6354,species,Thick-billed Murre,Uria lomvia,1,Liste Islande,IS-3,14 Jul 2013,L7488809,S46136371,,1
1579,6331,species,Black Guillemot,Cepphus grylle,1,Liste Islande,IS-3,14 Jul 2013,L7488809,S46136371,,1
1580,6059,species,Red-necked Phalarope,Phalaropus lobatus,1,Liste Islande,IS-3,14 Jul 2013,L7488809,S46136371,,1
1581,1340,species,Rock Ptarmigan,Lagopus muta,1,Liste Islande,IS-3,14 Jul 2013,L7488809,S46136371,,1
1582,737,species,Common Merganser,Mergus merganser,1,Liste Islande,IS-3,14 Jul 2013,L7488809,S46136371,,1
1583,702,species,Harlequin Duck,Histrionicus histrionicus,1,Liste Islande,IS-3,14 Jul 2013,L7488809,S46136371,,1
1584,690,species,Common Eider,Somateria mollissima,1,Liste Islande,IS-3,14 Jul 2013,L7488809,S46136371,,1
1585,6687,species,Roseate Tern,Sterna dougallii,1,Plage de la Redoute,FR-NAQ,03 Jul 2013,L7497650,S154809749,,1
1586,27587,species,Rosy Starling,Pastor roseus,1,la Bernardière,FR-NAQ,20 Jun 2013,L28002529,S154800054,,1
1587,7139,species,Manx Shearwater,Puffinus puffinus,17,Ile de Ré--Phare des Baleines,FR-NAQ,19 May 2013,L955747,S154800083,,1
1588,32467,species,Ortolan Bunting,Emberiza hortulana,1,Ile de Ré--Phare des Baleines,FR-NAQ,05 May 2013,L955747,S154800089,,1
1589,7011,species,Northern Fulmar,Fulmarus glacialis,2,Ile de Ré--Phare des Baleines,FR-NAQ,28 Apr 2013,L955747,S154800085,,1
1590,10894,species,Eurasian Wryneck,Jynx torquilla,1,Ile de Ré--Phare des Baleines,FR-NAQ,25 Apr 2013,L955747,S154800082,,1
1591,443,species,Mandarin Duck,Aix galericulata,1,Ile de Ré--Le Casino,FR-NAQ,23 Apr 2013,L7492511,S154800063,N,1
1592,23577,species,Common Grasshopper Warbler,Locustella naevia,1,Ile de Ré--Phare des Baleines,FR-NAQ,15 Apr 2013,L955747,S154799240,,1
1593,23571,species,Savi's Warbler,Locustella luscinioides,1,Levée des Frênes (W),FR-NAQ,07 Apr 2013,L28002511,S154800053,,1
1594,6498,species,Glaucous Gull,Larus hyperboreus,1,Ile de Ré--Phare des Baleines,FR-NAQ,25 Feb 2013,L955747,S154799243,,1
1595,6122,species,Temminck's Stint,Calidris temminckii,1,Ile de Ré--RNN de Lilleau des Niges (RNN45),FR-NAQ,24 Feb 2013,L919864,S154799232,,1
1596,26693,species,Western Rock Nuthatch,Sitta neumayer,1,Mycanae (Μυκήνες),GR-J,06 Feb 2013,L3001059,S46242581,,1
1597,12232,species,Rose-ringed Parakeet,Psittacula krameri,5,Acropolis of Athens (Ακρόπολη Αθηνών),GR-I,04 Feb 2013,L3001052,S46242499,N,1
1598,669,species,Greater Scaup,Aythya marila,4,Nieul-sur-Mer--Pas de Digolet,FR-NAQ,17 Jan 2013,L20601552,S154800047,,1
1599,6314,species,Atlantic Puffin,Fratercula arctica,1,Ile de Ré--Phare des Baleines,FR-NAQ,03 Jan 2013,L955747,S154829893,,1
1600,31598,species,Rock Pipit,Anthus petrosus,2,Ile de Ré--RNN de Lilleau des Niges (RNN45),FR-NAQ,28 Dec 2012,L919864,S154802198,,1
1601,6003,species,Jack Snipe,Lymnocryptes minimus,1,Ile de Ré--Le Batardeau (centre),FR-NAQ,22 Dec 2012,L7496217,S154810069,,1
1602,276,species,Greater White-fronted Goose,Anser albifrons,8,Port du Pavé,FR-NAQ,12 Dec 2012,L28002465,S154802197,,1
1603,21806,species,Marsh Tit,Poecile palustris,1,Marignac--bois Galante,FR-NAQ,09 Dec 2012,L21459288,S154801843,,1
1604,31358,species,Rock Sparrow,Petronia petronia,3,la Métairie du Breuillet,FR-NAQ,09 Dec 2012,L28002463,S154801480,,1
1605,299,species,Pink-footed Goose,Anser brachyrhynchus,1,Prés de Moins,FR-NAQ,05 Dec 2012,L28002458,S154801476,,1
1606,32205,species,Redpoll,Acanthis flammea,1,Ile de Ré--Pas du Chaume,FR-NAQ,03 Nov 2012,L7517372,S154801997,,1
1607,8460,species,Long-legged Buzzard,Buteo rufinus,1,Couny,FR-NAQ,01 Nov 2012,L7496349,S154810070,,1
1608,31696,species,Brambling,Fringilla montifringilla,16,Ile de Ré--Le Casino,FR-NAQ,30 Oct 2012,L7492511,S154801889,,1
1609,24571,species,Yellow-browed Warbler,Phylloscopus inornatus,1,Ile de Ré--Roselière de la Conche,FR-NAQ,30 Oct 2012,L7496309,S154801945,,1
1610,22364,species,Wood Lark,Lullula arborea,1,Ile de Ré--Golf des Portes,FR-NAQ,20 Oct 2012,L20605069,S154801821,,1
1611,6390,species,Sabine's Gull,Xema sabini,1,Bassin des Chalutiers (La Rochelle),FR-NAQ,27 Sep 2012,L7517243,S154809788,,1
1612,11945,species,Eleonora's Falcon,Falco eleonorae,1,Ile de Ré--Pas du Chaume,FR-NAQ,22 Sep 2012,L7517372,S154810186,,1
1613,6644,species,Caspian Tern,Hydroprogne caspia,1,Ile de Ré--Phare des Baleines,FR-NAQ,22 Sep 2012,L955747,S154809791,,1
1614,6967,species,European Storm-Petrel,Hydrobates pelagicus,5,Golfe de Gascogne--Plateau de Rochebonne (en mer),FR-PDL,08 Sep 2012,L3214300,S154809775,,1
1615,645,species,Common Pochard,Aythya ferina,3,Station de Lagunage de Rochefort,FR-NAQ,08 Sep 2012,L1263956,S154809768,,1
1616,6074,species,Marsh Sandpiper,Tringa stagnatilis,1,Ile de Ré--Bassin de lagunage de Ars-en-Ré,FR-NAQ,28 Aug 2012,L2308298,S154779326,,1
1617,7119,species,Cory's Shearwater,Calonectris borealis,43,Ile de Ré--Phare des Baleines,FR-NAQ,27 Aug 2012,L955747,S154779460,,1
1618,7132,species,Sooty Shearwater,Ardenna grisea,1,Ile de Ré--Phare des Baleines,FR-NAQ,19 Aug 2012,L955747,S154809790,,1
1619,3586,species,Eurasian Nightjar,Caprimulgus europaeus,1,Ile de Ré--Roselière de la Conche,FR-NAQ,17 Aug 2012,L7496309,S154809785,,1
1620,32292,species,Corsican Finch,Carduelis corsicana,2,Liste Corse,FR-COR,15 Jul 2012,L7534254,S46377257,,1
1621,31276,species,Italian Sparrow,Passer italiae,1,Liste Corse,FR-COR,15 Jul 2012,L7534254,S46377257,,1
1622,29382,species,Blue Rock-Thrush,Monticola solitarius,1,Liste Corse,FR-COR,15 Jul 2012,L7534254,S46377257,,1
1623,27584,species,Spotless Starling,Sturnus unicolor,1,Liste Corse,FR-COR,15 Jul 2012,L7534254,S46377257,,1
1624,27409,species,White-throated Dipper,Cinclus cinclus,1,Liste Corse,FR-COR,15 Jul 2012,L7534254,S46377257,,1
1625,26761,species,Eurasian Treecreeper,Certhia familiaris,1,Liste Corse,FR-COR,15 Jul 2012,L7534254,S46377257,,1
1626,26689,species,Corsican Nuthatch,Sitta whiteheadi,1,Liste Corse,FR-COR,15 Jul 2012,L7534254,S46377257,,1
1627,25136,species,Dartford Warbler,Curruca undata,1,Liste Corse,FR-COR,15 Jul 2012,L7534254,S46377257,,1
1628,25116,species,Sardinian Warbler,Curruca melanocephala,1,Liste Corse,FR-COR,15 Jul 2012,L7534254,S46377257,,1
1629,23912,species,Eurasian Crag-Martin,Ptyonoprogne rupestris,1,Liste Corse,FR-COR,15 Jul 2012,L7534254,S46377257,,1
1630,21726,species,Coal Tit,Periparus ater,1,Liste Corse,FR-COR,15 Jul 2012,L7534254,S46377257,,1
1631,20929,species,Woodchat Shrike,Lanius senator,1,Liste Corse,FR-COR,15 Jul 2012,L7534254,S46377257,,1
1632,20814,species,Red-backed Shrike,Lanius collurio,1,Liste Corse,FR-COR,15 Jul 2012,L7534254,S46377257,,1
1633,10224,species,European Roller,Coracias garrulus,1,Liste Corse,FR-COR,15 Jul 2012,L7534254,S46377257,,1
1634,9727,species,European Bee-eater,Merops apiaster,1,Liste Corse,FR-COR,15 Jul 2012,L7534254,S46377257,,1
1635,7969,species,Golden Eagle,Aquila chrysaetos,1,Liste Corse,FR-COR,15 Jul 2012,L7534254,S46377257,,1
1636,7952,species,Booted Eagle,Hieraaetus pennatus,1,Liste Corse,FR-COR,15 Jul 2012,L7534254,S46377257,,1
1637,7764,species,Bearded Vulture,Gypaetus barbatus,1,Liste Corse,FR-COR,15 Jul 2012,L7534254,S46377257,,1
1638,7142,species,Yelkouan Shearwater,Puffinus yelkouan,1,Liste Corse,FR-COR,15 Jul 2012,L7534254,S46377257,,1
1639,7120,species,Scopoli's Shearwater,Calonectris diomedea,1,Liste Corse,FR-COR,15 Jul 2012,L7534254,S46377257,,1
1640,6434,species,Audouin's Gull,Ichthyaetus audouinii,1,Liste Corse,FR-COR,15 Jul 2012,L7534254,S46377257,,1
1641,4047,species,Pallid Swift,Apus pallidus,1,Liste Corse,FR-COR,15 Jul 2012,L7534254,S46377257,,1
1642,4022,species,Alpine Swift,Tachymarptis melba,1,Liste Corse,FR-COR,15 Jul 2012,L7534254,S46377257,,1
1643,1817,species,Rock Pigeon,Columba livia,1,Ile de Ré--Le Casino,FR-NAQ,02 Jul 2012,L7492511,S154779340,,1
1644,31537,species,Tawny Pipit,Anthus campestris,2,L'Anguillette,FR-NAQ,29 Jun 2012,L7496189,S154782843,,1
1645,1702,species,Common Quail,Coturnix coturnix,1,Pas de l'Anguillette,FR-NAQ,29 Jun 2012,L7496221,S154782850,,1
1646,8651,species,Eurasian Scops-Owl,Otus scops,1,Ile de Ré--Le Casino,FR-NAQ,12 Jun 2012,L7492511,S154782790,,1
1647,7382,species,Glossy Ibis,Plegadis falcinellus,4,La Rochelle--Tour de la Lanterne,FR-NAQ,09 Jun 2012,L20572335,S154808806,,1
1648,1844,species,Stock Dove,Columba oenas,1,Nieul-sur-Mer--ville,FR-NAQ,06 Jun 2012,L20605162,S154808811,,1
1649,11558,species,Eurasian Green Woodpecker,Picus viridis,1,le Val Hureau,FR-NAQ,06 Jun 2012,L7497627,S154829761,,1
1651,7810,species,European Honey-buzzard,Pernis apivorus,1,Ile de Ré--Le Moulin Rouge,FR-NAQ,16 May 2012,L20581380,S154782634,,1
1652,22612,species,Bearded Reedling,Panurus biarmicus,1,Ile de Ré--Roselière de la Conche,FR-NAQ,16 May 2012,L7496309,S154782899,,1
1653,8188,species,Eurasian Goshawk,Astur gentilis,1,les Faux (W),FR-NAQ,16 May 2012,L28002187,S154809370,,1
1654,19411,species,Eurasian Golden Oriole,Oriolus oriolus,1,Ile de Ré--Forêt Domaniale du Lizay,FR-NAQ,07 May 2012,L926911,S154808837,,1
1655,24000,species,European Red-rumped Swallow,Cecropis rufula,1,Ile de Ré--Station d'épuration de Portes-en-Ré,FR-NAQ,07 May 2012,L926925,S154783004,,1
1656,28177,species,Mistle Thrush,Turdus viscivorus,1,Ile de Ré--Forêt Domaniale du Lizay,FR-NAQ,02 May 2012,L926911,S154782976,,1
1657,6646,species,Whiskered Tern,Chlidonias hybrida,1,Ile de Ré--Station d'épuration de Portes-en-Ré,FR-NAQ,02 May 2012,L926925,S154808838,,1
1658,25038,species,Garden Warbler,Sylvia borin,2,Ile de Ré--Le Casino,FR-NAQ,29 Apr 2012,L7492511,S154782805,,1
1659,28558,species,Spotted Flycatcher,Muscicapa striata,2,Ile de Ré--Roselière des Platières,FR-NAQ,29 Apr 2012,L7517403,S154809404,,1
1660,7898,species,Short-toed Snake-Eagle,Circaetus gallicus,1,Bois du Four,FR-NAQ,22 Apr 2012,L7496161,S154782824,,1
1661,378,species,Whooper Swan,Cygnus cygnus,1,Ile de Ré--Bois de la Tricherie,FR-NAQ,22 Apr 2012,L7526977,S154808835,,1
1662,22052,species,Eurasian Penduline-Tit,Remiz pendulinus,2,Ile de Ré--Les Grandes Prises (est),FR-NAQ,21 Apr 2012,L7496326,S154782907,,1
1663,9098,species,Tawny Owl,Strix aluco,1,les Combes (W),FR-NAQ,15 Apr 2012,L7496320,S154829756,,1
1664,29340,species,Common Redstart,Phoenicurus phoenicurus,1,Ile de Ré--Le Moulin Rouge,FR-NAQ,09 Apr 2012,L20581380,S154782642,,1
1665,9174,species,Short-eared Owl,Asio flammeus,1,le Godinant (S),FR-NAQ,09 Apr 2012,L7496234,S154782862,,1
1666,6849,species,Arctic Loon,Gavia arctica,1,Ile de Ré--Phare des Baleines,FR-NAQ,08 Apr 2012,L955747,S154808840,,1
1667,28506,species,Ring Ouzel,Turdus torquatus,2,le Pays Gagné (S),FR-NAQ,31 Mar 2012,L28002266,S154808052,,1
1668,7209,species,White Stork,Ciconia ciconia,1,Aytré--Marais Doux,FR-NAQ,03 Mar 2012,L21410561,S154808369,,1
1669,310,species,Barnacle Goose,Branta leucopsis,4,Ile de Ré--Les Grandes Prises (ouest),FR-NAQ,26 Feb 2012,L7496327,S154808641,,1
1670,32420,species,Corn Bunting,Emberiza calandra,17,RNN de la Baie de l'Aiguillon (RNN146)--Digue des Mizottes,FR-NAQ,18 Feb 2012,L11192842,S154808229,,1
1671,31593,species,Water Pipit,Anthus spinoletta,3,RNN de la Baie de l'Aiguillon (RNN146)--Digue des Mizottes,FR-NAQ,18 Feb 2012,L11192842,S154808229,,1
1672,32451,species,Yellowhammer,Emberiza citrinella,2,La Rochelle--plage de la Concurrence,FR-NAQ,12 Feb 2012,L20572340,S154808309,,1
1673,704,species,Velvet Scoter,Melanitta fusca,1,Vieux Port,FR-NAQ,10 Feb 2012,L7493374,S154808532,,1
1674,28501,species,Fieldfare,Turdus pilaris,1,le Mail,FR-NAQ,09 Feb 2012,L7493377,S154808559,,1
1675,5694,species,Eurasian Thick-knee,Burhinus oedicnemus,1,La Rochelle--Coopérative maritime,FR-NAQ,08 Feb 2012,L7517284,S154808670,,1
1676,11997,species,Peregrine Falcon,Falco peregrinus,1,Silos,FR-NAQ,08 Feb 2012,L7493384,S154808563,,1
1677,5755,species,European Golden-Plover,Pluvialis apricaria,80,La Rochelle (ville),FR-NAQ,05 Feb 2012,L7493367,S154808487,,1
1678,28211,species,Redwing,Turdus iliacus,1,Ecole Réaumur,FR-NAQ,02 Feb 2012,L28002494,S154808388,,1
1679,6536,species,Iceland Gull,Larus glaucoides,1,Port de Pêche,FR-NAQ,21 Jan 2012,L28002239,S154808027,,1
1681,6347,species,Razorbill,Alca torda,1,Ile de Ré--Phare des Baleines,FR-NAQ,25 Dec 2011,L955747,S154809554,,1
1682,718,species,Common Goldeneye,Bucephala clangula,1,Ile de Ré--Bassin de lagunage de Ars-en-Ré,FR-NAQ,24 Dec 2011,L2308298,S154807241,,1
1683,662,species,Tufted Duck,Aythya fuligula,1,Ile de Ré--Bassin de lagunage de Ars-en-Ré,FR-NAQ,21 Dec 2011,L2308298,S154807244,,1
1684,6359,species,Common Murre,Uria aalge,1,Ile de Ré--Digue de Saint-Clément-des-Baleines,FR-NAQ,19 Dec 2011,L972803,S154807959,,1
1685,6787,species,Horned Grebe,Podiceps auritus,2,Ile de Ré--Pas du Chaume,FR-NAQ,19 Dec 2011,L7517372,S154807760,,1
1686,6854,species,Common Loon,Gavia immer,7,Ile de Ré--Fier d'Ars,FR-NAQ,18 Dec 2011,L7496177,S154807604,,1
1687,6848,species,Red-throated Loon,Gavia stellata,1,Ile de Ré--Fier d'Ars,FR-NAQ,18 Dec 2011,L7496177,S154807604,,1
1688,716,species,Long-tailed Duck,Clangula hyemalis,1,Ile de Ré--Fier d'Ars,FR-NAQ,18 Dec 2011,L7496177,S154807604,,1
1689,6382,species,Little Gull,Hydrocoloeus minutus,2,Ile de Ré--Phare des Baleines,FR-NAQ,17 Dec 2011,L955747,S154809552,,1
1691,7635,species,Great Egret,Ardea alba,1,Ile de Ré--Roselière de la Conche,FR-NAQ,13 Nov 2011,L7496309,S154807669,,1
1692,5658,species,Common Crane,Grus grus,37,les Burons,FR-NAQ,13 Nov 2011,L7496316,S154807673,,1
1693,11947,species,Merlin,Falco columbarius,1,Ile de Ré--Phare des Baleines,FR-NAQ,12 Nov 2011,L955747,S154807909,,1
1694,1417,species,Gray Partridge,Perdix perdix,3,Ile de Ré--Pas du Nouleau,FR-NAQ,11 Nov 2011,L20572320,S154806965,,1
1695,32315,species,Eurasian Siskin,Spinus spinus,1,Ile de Ré--Roselière de la Conche,FR-NAQ,31 Oct 2011,L7496309,S154807668,,1
1696,31815,species,Hawfinch,Coccothraustes coccothraustes,1,Ile de Ré--Roselière de la Conche,FR-NAQ,31 Oct 2011,L7496309,S154807668,,1
1697,6659,species,Arctic Tern,Sterna paradisaea,1,Ile de Ré--Grand Vasais,FR-NAQ,27 Oct 2011,L7496171,S154807594,,1
1698,5758,species,American Golden-Plover,Pluvialis dominica,1,Ile de Ré--les Ains,FR-NAQ,27 Oct 2011,L7517238,S154807732,,1
1699,7336,species,European Shag,Gulosus aristotelis,1,Ile de Ré--Phare des Baleines,FR-NAQ,25 Oct 2011,L955747,S154807928,,1
1700,32392,species,Snow Bunting,Plectrophenax nivalis,1,Ile de Ré--Grand Vasais,FR-NAQ,23 Oct 2011,L7496171,S154807549,,1
1701,11264,species,Lesser Spotted Woodpecker,Dryobates minor,1,Parc Charruyer (La Rochelle),FR-NAQ,22 Oct 2011,L6436825,S154807305,,1
1702,6064,species,Spotted Sandpiper,Actitis macularius,1,Ile de Ré--Etang de l'usine de broyage,FR-NAQ,15 Oct 2011,L21410781,S154807181,,1
1704,8516,species,Western Barn Owl,Tyto alba,1,le Moulin Robert,FR-NAQ,14 Oct 2011,L7496291,S154807664,,1
1705,26607,species,Goldcrest,Regulus regulus,3,Parc Charruyer (La Rochelle),FR-NAQ,12 Oct 2011,L6436825,S154807313,,1
1706,6037,species,Common Snipe,Gallinago gallinago,1,Ile de Ré--Bassin de lagunage de Ars-en-Ré,FR-NAQ,09 Oct 2011,L2308298,S154807239,,1
1707,31403,species,Gray Wagtail,Motacilla cinerea,2,RNN de la Baie de l'Aiguillon (RNN146)--Pointe Saint-Clément,FR-NAQ,02 Oct 2011,L20565855,S154806939,,1
1708,22440,species,Crested Lark,Galerida cristata,2,RNN de la Baie de l'Aiguillon (RNN146)--Pointe Saint-Clément,FR-NAQ,02 Oct 2011,L20565855,S154806939,,1
1709,8246,species,Red Kite,Milvus milvus,1,RNN de la Baie de l'Aiguillon (RNN146)--Pointe Saint-Clément,FR-NAQ,02 Oct 2011,L20565855,S154806939,,1
1710,7737,species,Osprey,Pandion haliaetus,1,RNN de la Baie de l'Aiguillon (RNN146)--Pointe Saint-Clément,FR-NAQ,02 Oct 2011,L20565855,S154806939,,1
1711,6447,species,Common Gull,Larus canus,1,RNN de la Baie de l'Aiguillon (RNN146)--Pointe Saint-Clément,FR-NAQ,02 Oct 2011,L20565855,S154806939,,1
1712,31579,species,Tree Pipit,Anthus trivialis,1,Marais de Pampin (La Rochelle),FR-NAQ,01 Oct 2011,L7493401,S154807543,,1
1713,8227,species,Hen Harrier,Circus cyaneus,1,Marais de Pampin (La Rochelle),FR-NAQ,01 Oct 2011,L7493401,S154807543,,1
1714,28181,species,Song Thrush,Turdus philomelos,1,Ile de Ré--Le Casino,FR-NAQ,25 Sep 2011,L7492511,S154807416,,1
1715,29396,species,Whinchat,Saxicola rubetra,3,Ile de Ré--Les Grandes Prises (ouest),FR-NAQ,25 Sep 2011,L7496327,S154807678,,1
1716,24620,species,Common Chiffchaff,Phylloscopus collybita,1,Ile de Ré--Maison du Fier,FR-NAQ,24 Sep 2011,L7484029,S154807358,,1
1717,6163,species,Pectoral Sandpiper,Calidris melanotos,1,Ile de Ré--Bassin de lagunage de Ars-en-Ré,FR-NAQ,17 Sep 2011,L2308298,S154807232,,1
1718,6156,species,Little Stint,Calidris minuta,3,Ile de Ré--Bassin de lagunage de Ars-en-Ré,FR-NAQ,17 Sep 2011,L2308298,S154807232,,1
1719,8230,species,Pallid Harrier,Circus macrourus,1,Ile de Ré--Maison du Fier,FR-NAQ,17 Sep 2011,L7484029,S154807351,,1
1720,6115,species,Ruff,Calidris pugnax,1,Ile de Ré--RNN de Lilleau des Niges (RNN45),FR-NAQ,17 Sep 2011,L919864,S154807816,,1
1721,26795,species,Short-toed Treecreeper,Certhia brachydactyla,1,Parc Charruyer (La Rochelle),FR-NAQ,08 Sep 2011,L6436825,S154807290,,1
1723,26626,species,Common Firecrest,Regulus ignicapilla,2,Ile de Ré--Le Casino,FR-NAQ,03 Sep 2011,L7492511,S154807428,,1
1724,29289,species,European Pied Flycatcher,Ficedula hypoleuca,1,Ile de Ré--Le Casino,FR-NAQ,15 Aug 2011,L7492511,S154807426,,1
1727,6384,species,Black-legged Kittiwake,Rissa tridactyla,1,Ile de Ré--Phare des Baleines,FR-NAQ,13 Aug 2011,L955747,S154807934,,1
1728,6120,species,Curlew Sandpiper,Calidris ferruginea,1,Ile de Ré--RNN de Lilleau des Niges (RNN45),FR-NAQ,12 Aug 2011,L919864,S154807808,,1
1729,24610,species,Willow Warbler,Phylloscopus trochilus,10,Ile de Ré--Le Casino,FR-NAQ,10 Aug 2011,L7492511,S154807397,,1
1730,27008,species,Eurasian Wren,Troglodytes troglodytes,1,Ile de Ré--Phare des Baleines,FR-NAQ,10 Aug 2011,L955747,S154807913,,1
1732,6651,species,Black Tern,Chlidonias niger,2,Ile de Ré--Phare des Baleines,FR-NAQ,09 Aug 2011,L955747,S154807916,,1
1733,6075,species,Wood Sandpiper,Tringa glareola,1,Ile de Ré--Marais Neufs,FR-NAQ,08 Aug 2011,L7517316,S154807742,,1
1734,11958,species,Eurasian Hobby,Falco subbuteo,2,Ile de Ré--Phare des Baleines,FR-NAQ,06 Aug 2011,L955747,S154807923,,1
1735,6296,species,Parasitic Jaeger,Stercorarius parasiticus,1,Ile de Ré--Phare des Baleines,FR-NAQ,06 Aug 2011,L955747,S154807923,,1
1736,7143,species,Balearic Shearwater,Puffinus mauretanicus,16,Ile de Ré--Phare des Baleines,FR-NAQ,03 Aug 2011,L955747,S154807905,,1
1737,6301,species,Great Skua,Stercorarius skua,2,Ile de Ré--Phare des Baleines,FR-NAQ,03 Aug 2011,L955747,S154807905,,1
1738,6298,species,Pomarine Jaeger,Stercorarius pomarinus,1,Ile de Ré--Phare des Baleines,FR-NAQ,03 Aug 2011,L955747,S154807905,,1
1739,6609,species,Little Tern,Sternula albifrons,4,Ile de Ré--Grand Vasais,FR-NAQ,02 Aug 2011,L7496171,S154807577,,1
1740,23821,species,Bank Swallow,Riparia riparia,1,La Grange,FR-NAQ,30 Jul 2011,L7496200,S154807608,,1
1741,5729,species,Eurasian Oystercatcher,Haematopus ostralegus,7,La Grange,FR-NAQ,30 Jul 2011,L7496200,S154807608,,1
1742,28699,species,Rufous-tailed Scrub-Robin,Cercotrichas galactotes,1,Korčula -- general location,HR-19,25 Jul 2011,L3397814,S46242375,,1
1743,26717,species,Eurasian Nuthatch,Sitta europaea,1,NP Plitvice Lakes--General area around lakes,HR-09,17 Jul 2011,L2338015,S46241675,,1
1744,11219,species,White-backed Woodpecker,Dendrocopos leucotos,1,NP Plitvice Lakes--General area around lakes,HR-09,17 Jul 2011,L2338015,S46241675,,1
1745,7303,species,Pygmy Cormorant,Microcarbo pygmaeus,1,NP Plitvice Lakes--General area around lakes,HR-09,17 Jul 2011,L2338015,S46241675,,1
1746,711,species,Common Scoter,Melanitta nigra,20,Ile de Ré--Phare des Baleines,FR-NAQ,10 Jul 2011,L955747,S154807921,,1
1747,3389,species,Common Cuckoo,Cuculus canorus,1,Ile de Ré--Grand Vasais,FR-NAQ,07 Jul 2011,L7496171,S154807561,,1
1748,24873,species,Cetti's Warbler,Cettia cetti,1,Marais de Pampin (La Rochelle),FR-NAQ,05 Jul 2011,L7493401,S154807544,,1
1749,24561,species,Western Bonelli's Warbler,Phylloscopus bonelli,1,Marais de Pampin (La Rochelle),FR-NAQ,05 Jul 2011,L7493401,S154807544,,1
1750,23448,species,Common Reed Warbler,Acrocephalus scirpaceus,1,Marais de Pampin (La Rochelle),FR-NAQ,05 Jul 2011,L7493401,S154807544,,1
1751,23433,species,Sedge Warbler,Acrocephalus schoenobaenus,1,Marais de Pampin (La Rochelle),FR-NAQ,05 Jul 2011,L7493401,S154807544,,1
1752,23422,species,Melodious Warbler,Hippolais polyglotta,1,Marais de Pampin (La Rochelle),FR-NAQ,05 Jul 2011,L7493401,S154807544,,1
1753,29403,species,European Stonechat,Saxicola rubicola,2,Ile de Ré--Maison du Fier,FR-NAQ,30 Jun 2011,L7484029,S154807362,,1
1754,32060,species,European Greenfinch,Chloris chloris,1,La Rochelle (ville),FR-NAQ,28 Jun 2011,L7493367,S154807449,,1
1755,9006,species,Little Owl,Athene noctua,1,Etablissement pénitentiaire,FR-NAQ,26 Jun 2011,L28002197,S154806539,,1
1756,6066,species,Green Sandpiper,Tringa ochropus,2,Ile de Ré--Marais Neufs,FR-NAQ,25 Jun 2011,L7517316,S154807745,,1
1757,1444,species,Ring-necked Pheasant,Phasianus colchicus,2,Ile de Ré--Station d'épuration de Portes-en-Ré,FR-NAQ,25 Jun 2011,L926925,S154807879,N,1
1758,20899,species,Lesser Gray Shrike,Lanius minor,1,PP Vransko jezero--Boardwalk,HR-13,21 Jun 2011,L7301743,S46241846,,1
1759,8233,species,Montagu's Harrier,Circus pygargus,1,PP Vransko jezero--Boardwalk,HR-13,21 Jun 2011,L7301743,S46241846,,1
1760,8150,species,Eurasian Sparrowhawk,Accipiter nisus,1,PP Vransko jezero--Boardwalk,HR-13,21 Jun 2011,L7301743,S46241846,,1
1761,7671,species,Purple Heron,Ardea purpurea,1,PP Vransko jezero--Boardwalk,HR-13,21 Jun 2011,L7301743,S46241846,,1
1762,6793,species,Great Crested Grebe,Podiceps cristatus,2,PP Vransko jezero--Boardwalk,HR-13,21 Jun 2011,L7301743,S46241846,,1
1763,5893,species,Kentish Plover,Anarhynchus alexandrinus,1,Ile de Ré--Grand Vasais,FR-NAQ,02 Jun 2011,L3205272,S154807251,,1
1764,5774,species,Common Ringed Plover,Charadrius hiaticula,5,Pointe Saint-Clément,FR-NAQ,28 May 2011,L28002194,S154806536,,1
1765,29127,species,Common Nightingale,Luscinia megarhynchos,1,RNN de la Baie de l'Aiguillon (RNN146)--Port du Pavé,FR-NAQ,28 May 2011,L4922610,S154807252,,1
1766,23984,species,Western House-Martin,Delichon urbicum,2,Ile de Ré--Station d'épuration de Portes-en-Ré,FR-NAQ,14 May 2011,L926925,S154807881,,1
1767,21290,species,Eurasian Jackdaw,Coloeus monedula,4,La Rochelle (ville),FR-NAQ,04 May 2011,L7493367,S154807504,,1
1768,1978,species,European Turtle-Dove,Streptopelia turtur,1,Ile de Ré--Maison du Fier,FR-NAQ,29 Apr 2011,L7484029,S154807355,,1
1769,9151,species,Long-eared Owl,Asio otus,1,Ile de Ré--Phare des Baleines,FR-NAQ,29 Apr 2011,L955747,S154807926,,1
1770,31329,species,Eurasian Tree Sparrow,Passer montanus,2,Parc Charruyer (La Rochelle),FR-NAQ,28 Apr 2011,L6436825,S154807284,,1
1771,6063,species,Common Sandpiper,Actitis hypoleucos,1,Ile de Ré--Bassin de lagunage de Ars-en-Ré,FR-NAQ,21 Apr 2011,L2308298,S154807230,,1
1772,462,species,Garganey,Spatula querquedula,1,Ile de Ré--Bassin de lagunage de Ars-en-Ré,FR-NAQ,21 Apr 2011,L2308298,S154807230,,1
1773,23300,species,Zitting Cisticola,Cisticola juncidis,1,Ile de Ré--Clos Jourdain,FR-NAQ,21 Apr 2011,L20601496,S154807156,,1
1774,32524,species,Reed Bunting,Emberiza schoeniclus,1,Ile de Ré--Les Habitants,FR-NAQ,21 Apr 2011,L7497183,S154807697,,1
1775,31575,species,Meadow Pipit,Anthus pratensis,1,Ile de Ré--Les Habitants,FR-NAQ,21 Apr 2011,L7497183,S154807697,,1
1776,5787,species,Little Ringed Plover,Thinornis dubius,2,Ile de Ré--Les Habitants,FR-NAQ,21 Apr 2011,L7497183,S154807697,,1
1777,22389,species,Eurasian Skylark,Alauda arvensis,1,Ile de Ré--Petite Groie,FR-NAQ,21 Apr 2011,L7497190,S154807705,,1
1778,25127,species,Greater Whitethroat,Curruca communis,1,Ile de Ré--Vasais de la Groie,FR-NAQ,21 Apr 2011,L5903969,S154807257,,1
1779,5951,species,Whimbrel,Numenius phaeopus,1,Ile de Ré--Chenal du Riveau,FR-NAQ,18 Apr 2011,L21393602,S154807173,,1
1780,29513,species,Northern Wheatear,Oenanthe oenanthe,5,Ile de Ré--Marais Neufs,FR-NAQ,18 Apr 2011,L7517316,S154807738,,1
1781,6701,species,Sandwich Tern,Thalasseus sandvicensis,20,Ile de Ré--Plage de la Conche,FR-NAQ,18 Apr 2011,L21410786,S154807192,,1
1782,32293,species,European Serin,Serinus serinus,1,Ile de Ré--Roselière du Gillieux,FR-NAQ,18 Apr 2011,L7517404,S154807786,,1
1783,31407,species,Western Yellow Wagtail,Motacilla flava,1,Ile de Ré--Marais des Richards,FR-NAQ,16 Apr 2011,L20581426,S154807004,,1
1784,7251,species,Northern Gannet,Morus bassanus,1,Ile de Ré--Plage de la Conche,FR-NAQ,16 Apr 2011,L21410786,S154807196,,1
1785,9501,species,Eurasian Hoopoe,Upupa epops,1,Ile de Ré--Les Grenettes,FR-NAQ,12 Apr 2011,L21455338,S154807207,,1
1786,4039,species,Common Swift,Apus apus,3,Ars-en-Ré - centre-bourg,FR-NAQ,10 Apr 2011,L28002181,S154806526,,1
1787,32194,species,Eurasian Linnet,Linaria cannabina,20,Ile de Ré--Clos Jourdain,FR-NAQ,10 Apr 2011,L20601496,S154807155,,1
1788,31241,species,Dunnock,Prunella modularis,1,Ile de Ré--Grand Vasais,FR-NAQ,10 Apr 2011,L7496171,S154807562,,1
1789,6674,species,Common Tern,Sterna hirundo,3,Ile de Ré--La Gounette,FR-NAQ,10 Apr 2011,L7497159,S154807688,,1
1790,29137,species,Bluethroat,Luscinia svecica,1,Ile de Ré--Petite Groie,FR-NAQ,10 Apr 2011,L7497190,S154807698,,1
1791,25032,species,Eurasian Blackcap,Sylvia atricapilla,2,Ile de Ré--Petite Groie,FR-NAQ,10 Apr 2011,L7497190,S154807698,,1
1792,6494,species,Great Black-backed Gull,Larus marinus,1,Ile de Ré--RNN de Lilleau des Niges (RNN45),FR-NAQ,10 Apr 2011,L919864,S154807860,,1
1793,6090,species,Common Greenshank,Tringa nebularia,10,Ile de Ré--Vasais de la Groie,FR-NAQ,10 Apr 2011,L5903969,S154807274,,1
1794,6508,species,Lesser Black-backed Gull,Larus fuscus,1,Ile de Ré--Plage de la Conche,FR-NAQ,09 Apr 2011,L21410786,S154807189,,1
1795,6485,species,Yellow-legged Gull,Larus michahellis,1,Ile de Ré--Plage de la Conche,FR-NAQ,09 Apr 2011,L21410786,S154807189,,1
1796,6478,species,European Herring Gull,Larus argentatus,1,Ile de Ré--Plage de la Conche,FR-NAQ,09 Apr 2011,L21410786,S154807189,,1
1797,8249,species,Black Kite,Milvus migrans,1,La Rochelle (ville),FR-NAQ,05 Apr 2011,L7493367,S154807502,,1
1798,5405,species,Eurasian Moorhen,Gallinula chloropus,1,Ile de Ré--Grand Vasais,FR-NAQ,03 Apr 2011,L7496171,S154807555,,1
1799,5706,species,Black-winged Stilt,Himantopus himantopus,10,Ile de Ré--Poizac,FR-NAQ,02 Apr 2011,L7517179,S154807721,,1
1800,31670,species,Common Chaffinch,Fringilla coelebs,3,La Rochelle (ville),FR-NAQ,31 Mar 2011,L7493367,S154807493,,1
1801,32449,species,Cirl Bunting,Emberiza cirlus,2,Ile de Ré--Saint-Clément des Baleines--ville,FR-NAQ,27 Mar 2011,L20565954,S154806947,,1
1802,29348,species,Black Redstart,Phoenicurus ochruros,1,Ile de Ré--Saint-Clément des Baleines--ville,FR-NAQ,27 Mar 2011,L20565954,S154806947,,1
1803,21890,species,Eurasian Blue Tit,Cyanistes caeruleus,1,La Rochelle--jardin des Plantes,FR-NAQ,25 Mar 2011,L20591763,S154807069,,1
1804,32273,species,European Goldfinch,Carduelis carduelis,3,Parc Charruyer (La Rochelle),FR-NAQ,25 Mar 2011,L6436825,S154807308,,1
1805,24975,species,Long-tailed Tit,Aegithalos caudatus,1,Parc Charruyer (La Rochelle),FR-NAQ,25 Mar 2011,L6436825,S154807308,,1
1806,23957,species,Barn Swallow,Hirundo rustica,2,La Rochelle--parc d'Orbigny,FR-NAQ,22 Mar 2011,L20581390,S154806990,,1
1807,28986,species,European Robin,Erithacus rubecula,1,La Rochelle (ville),FR-NAQ,10 Mar 2011,L7493367,S154807441,,1
1808,8447,species,Common Buzzard,Buteo buteo,1,La Rochelle (ville),FR-NAQ,09 Mar 2011,L7493367,S154807507,,1
1809,31261,species,House Sparrow,Passer domesticus,2,La Rochelle (ville),FR-NAQ,08 Mar 2011,L7493367,S154807461,,1
1810,21243,species,Eurasian Magpie,Pica pica,1,La Rochelle (ville),FR-NAQ,08 Mar 2011,L7493367,S154807461,,1
1811,6409,species,Black-headed Gull,Chroicocephalus ridibundus,2,La Rochelle (ville),FR-NAQ,08 Mar 2011,L7493367,S154807461,,1
1812,1849,species,Common Wood-Pigeon,Columba palumbus,1,La Rochelle (ville),FR-NAQ,08 Mar 2011,L7493367,S154807461,,1
1813,28232,species,Eurasian Blackbird,Turdus merula,1,Muséum (parc),FR-NAQ,08 Mar 2011,L28002177,S154806522,,1
1814,27571,species,European Starling,Sturnus vulgaris,1,Parc Charruyer (La Rochelle),FR-NAQ,08 Mar 2011,L6436825,S154807306,,1
1815,21951,species,Great Tit,Parus major,1,Parc Charruyer (La Rochelle),FR-NAQ,08 Mar 2011,L6436825,S154807306,,1
1816,21330,species,Rook,Corvus frugilegus,6,Parc Charruyer (La Rochelle),FR-NAQ,08 Mar 2011,L6436825,S154807306,,1
1817,1994,species,Eurasian Collared-Dove,Streptopelia decaocto,1,Parc Charruyer (La Rochelle),FR-NAQ,08 Mar 2011,L6436825,S154807306,,1
1818,31445,species,White Wagtail,Motacilla alba,2,La Rochelle (ville),FR-NAQ,07 Mar 2011,L7493367,S154807525,,1
1819,21351,species,Carrion Crow,Corvus corone,1,La Rochelle (ville),FR-NAQ,07 Mar 2011,L7493367,S154807525,,1
1820,21115,species,Eurasian Jay,Garrulus glandarius,2,Forêt domaniale du Lizay,FR-NAQ,05 Mar 2011,L28002175,S154806521,,1
1821,11236,species,Great Spotted Woodpecker,Dendrocopos major,4,Forêt domaniale du Lizay,FR-NAQ,05 Mar 2011,L28002175,S154806521,,1
1822,5251,species,Water Rail,Rallus aquaticus,1,Ile de Ré--Marais de la Rivière,FR-NAQ,05 Mar 2011,L14608012,S154806937,,1
1823,6797,species,Eared Grebe,Podiceps nigricollis,1,Chenal du Vieux Port,FR-NAQ,04 Mar 2011,L28002172,S154806518,,1
1824,264,species,Graylag Goose,Anser anser,26,Chenal du Vieux Port,FR-NAQ,04 Mar 2011,L28002172,S154806518,,1
1825,7651,species,Gray Heron,Ardea cinerea,1,Ile de Ré--Prise de la Groie,FR-NAQ,04 Mar 2011,L20591774,S154807097,,1
1826,5795,species,Northern Lapwing,Vanellus vanellus,1,Ile de Ré--Prise de la Groie,FR-NAQ,04 Mar 2011,L20591774,S154807097,,1
1827,6104,species,Red Knot,Calidris canutus,1,Ile de Ré--RNN de Lilleau des Niges (RNN45),FR-NAQ,04 Mar 2011,L919864,S154807865,,1
1828,9809,species,Common Kingfisher,Alcedo atthis,1,Marais de La Rivière (N),FR-NAQ,04 Mar 2011,L28002173,S154806519,,1
1829,483,species,Northern Shoveler,Spatula clypeata,50,Ile de Ré--Grand Vasais,FR-NAQ,03 Mar 2011,L7496171,S154807546,,1
1830,1725,species,Red-legged Partridge,Alectoris rufa,2,Ile de Ré--La Cricq,FR-NAQ,03 Mar 2011,L20581404,S154807003,,1
1831,413,species,Common Shelduck,Tadorna tadorna,2,Ile de Ré--La Cricq,FR-NAQ,03 Mar 2011,L20581404,S154807003,,1
1832,8211,species,Western Marsh Harrier,Circus aeruginosus,1,Ile de Ré--Prise de la Groie,FR-NAQ,03 Mar 2011,L20591774,S154807102,,1
1833,6749,species,Little Grebe,Tachybaptus ruficollis,1,Le Pont,FR-NAQ,03 Mar 2011,L28002171,S154806517,,1
1834,5430,species,Eurasian Coot,Fulica atra,3,Le Pont,FR-NAQ,03 Mar 2011,L28002171,S154806517,,1
1835,365,species,Mute Swan,Cygnus olor,1,Ile de Ré--Grand Vasais,FR-NAQ,02 Mar 2011,L7496171,S154807564,,1
1836,11878,species,Eurasian Kestrel,Falco tinnunculus,2,Ile de Ré--Plage de la Conche,FR-NAQ,01 Mar 2011,L21410786,S154807194,,1
1837,7562,species,Little Egret,Egretta garzetta,1,Ile de Ré--Grand Vasais,FR-NAQ,28 Feb 2011,L7496171,S154807575,,1
1838,6435,species,Mediterranean Gull,Ichthyaetus melanocephalus,3,Ile de Ré--Plage de la Conche,FR-NAQ,28 Feb 2011,L21410786,S154807190,,1
1839,5720,species,Pied Avocet,Recurvirostra avosetta,350,Ile de Ré--Chenal des Villages,FR-NAQ,18 Feb 2011,L7497173,S154807692,,1
1840,5973,species,Bar-tailed Godwit,Limosa lapponica,12,Ile de Ré--Chenal du Riveau,FR-NAQ,18 Feb 2011,L21393602,S154807170,,1
1841,745,species,Red-breasted Merganser,Mergus serrator,2,Ile de Ré--Chenal du Riveau,FR-NAQ,18 Feb 2011,L21393602,S154807170,,1
1842,302,species,Brant,Branta bernicla,50,Ile de Ré--Chenal du Riveau,FR-NAQ,18 Feb 2011,L21393602,S154807170,,1
1843,7313,species,Great Cormorant,Phalacrocorax carbo,25,Ile de Ré--RNN de Lilleau des Niges (RNN45),FR-NAQ,18 Feb 2011,L919864,S154807824,,1
1844,6130,species,Dunlin,Calidris alpina,8322,Ile de Ré--RNN de Lilleau des Niges (RNN45),FR-NAQ,18 Feb 2011,L919864,S154807824,,1
1845,6127,species,Sanderling,Calidris alba,2,Ile de Ré--RNN de Lilleau des Niges (RNN45),FR-NAQ,18 Feb 2011,L919864,S154807824,,1
1846,6099,species,Ruddy Turnstone,Arenaria interpres,51,Ile de Ré--RNN de Lilleau des Niges (RNN45),FR-NAQ,18 Feb 2011,L919864,S154807824,,1
1847,6088,species,Spotted Redshank,Tringa erythropus,7,Ile de Ré--RNN de Lilleau des Niges (RNN45),FR-NAQ,18 Feb 2011,L919864,S154807824,,1
1848,6076,species,Common Redshank,Tringa totanus,75,Ile de Ré--RNN de Lilleau des Niges (RNN45),FR-NAQ,18 Feb 2011,L919864,S154807824,,1
1849,5982,species,Black-tailed Godwit,Limosa limosa,932,Ile de Ré--RNN de Lilleau des Niges (RNN45),FR-NAQ,18 Feb 2011,L919864,S154807824,,1
1850,5966,species,Eurasian Curlew,Numenius arquata,458,Ile de Ré--RNN de Lilleau des Niges (RNN45),FR-NAQ,18 Feb 2011,L919864,S154807824,,1
1851,5754,species,Black-bellied Plover,Pluvialis squatarola,1470,Ile de Ré--RNN de Lilleau des Niges (RNN45),FR-NAQ,18 Feb 2011,L919864,S154807824,,1
1852,571,species,Northern Pintail,Anas acuta,195,Ile de Ré--RNN de Lilleau des Niges (RNN45),FR-NAQ,18 Feb 2011,L919864,S154807824,,1
1853,525,species,Mallard,Anas platyrhynchos,92,Ile de Ré--RNN de Lilleau des Niges (RNN45),FR-NAQ,18 Feb 2011,L919864,S154807824,,1
1854,494,species,Eurasian Wigeon,Mareca penelope,20,Ile de Ré--RNN de Lilleau des Niges (RNN45),FR-NAQ,18 Feb 2011,L919864,S154807824,,1
1855,487,species,Gadwall,Mareca strepera,4,Ile de Ré--RNN de Lilleau des Niges (RNN45),FR-NAQ,18 Feb 2011,L919864,S154807824,,1
1856,588,species,Green-winged Teal,Anas crecca,1550,Ile de Ré--Chenal du Riveau,FR-NAQ,16 Feb 2011,L21393602,S154807169,,1
1857,7437,species,Eurasian Spoonbill,Platalea leucorodia,1,Ile de Ré--La Cricq,FR-NAQ,16 Feb 2011,L20581404,S154806995,,1
1858,6145,species,Purple Sandpiper,Calidris maritima,3,Hull,GB-ENG,15 Feb 2011,L7508190,S46242969,,1
1859,6005,species,Eurasian Woodcock,Scolopax rusticola,1,Marais du Pontreau,FR-NAQ,01 Jan 2011,L12705804,S154806931,,1
1860,7697,species,Brown Pelican,Pelecanus occidentalis,2,Liste Guadeloupe,GP-,25 Dec 2006,L7508019,S46242179,,1
1861,7631,species,Western Cattle-Egret,Ardea ibis,2,Liste Guadeloupe,GP-,25 Dec 2006,L7508019,S46242179,,1
1862,7233,species,Magnificent Frigatebird,Fregata magnificens,30,Liste Guadeloupe,GP-,25 Dec 2006,L7508019,S46242179,,1
368,30842,species,Chestnut Munia,Lonchura atricapilla,1,By Pass 2 Sector Churute,EC-G,08 Jul 2023,L4685701,S143942562,X,0
1523,758,species,White-headed Duck,Oxyura leucocephala,1,Rochefort--Lagunage STEPRO,FR-NAQ,23 Jan 2016,L21393431,S154802674,X,0
1525,12051,species,Cockatiel,Nymphicus hollandicus,1,Quartier breton,FR-NAQ,09 Jan 2016,L7486793,S154833191,X,0
1690,12440,species,Budgerigar,Melopsittacus undulatus,1,La Rochelle (ville),FR-NAQ,22 Nov 2011,L7493367,S154807521,X,0
1074,7570,hybrid,Little Egret x Western Reef-Heron (hybrid),Egretta garzetta x gularis,1,Grau de Piémanson,FR-PAC,12 Aug 2022,L28003069,S154781127,,0
1096,6505,hybrid,European Herring x Glaucous Gull (hybrid),Larus argentatus x hyperboreus,1,"Hraunhóll, Mýrdalshreppur IS-Suðurland 63.41880, -19.01932",IS-8,11 Jul 2021,L15730532,S91608784,,0
1119,654,hybrid,Common Pochard x Ferruginous Duck (hybrid),Aythya ferina x nyroca,1,Durance--Barrage de Curbans / Lac de Curbans (Alpes-de-Haute-Provence),FR-PAC,17 Jan 2021,L1115189,S154804042,,0
1197,21360,hybrid,Carrion x Hooded Crow (hybrid),Corvus corone x cornix,1,Gibb’s Island,GB-NIR,19 Oct 2019,L10050859,S60746684,,0
1301,7946,hybrid,Lesser x Greater Spotted Eagle (hybrid),Clanga pomarina x clanga,2,marais de coute,FR-OCC,10 Nov 2018,L10031043,S154836439,,0
9,16653,spuh,Zimmerius sp.,Zimmerius sp.,1,Alto Anchicayá - El Descanso (Doña Dora),CO-VAC,31 Oct 2024,L4375590,S200990190,,0
19,17328,spuh,Tyrannus sp.,Tyrannus sp.,1,Ecolodge La Minga (acceso restringido),CO-VAC,31 Oct 2024,L5573619,S200994557,,0
57,31649,spuh,pipit sp.,Anthus sp.,1,"Swellendam Rural, Barrydale/Swellendam ZA-WC -34.37733, 20.41956",ZA-WC,05 Aug 2024,L35563738,S190576208,,0
67,23543,spuh,Acrocephalus sp.,Acrocephalus sp.,1,St Lucia--iMfolozi River mouth,ZA-NL,01 Aug 2024,L4209873,S189802510,,0
86,19682,spuh,batis sp.,Batis sp.,1,Tembe Elephant Park,ZA-NL,30 Jul 2024,L1756570,S189504796,,0
94,19879,spuh,tchagra sp.,Tchagra sp.,1,Tembe Elephant Park,ZA-NL,29 Jul 2024,L1756570,S189446532,,0
120,7858,spuh,old world vulture sp.,Accipitridae sp. (old world vulture sp.),1,Marloth Park,ZA-MP,26 Jul 2024,L2634488,S188934554,,0
129,31166,spuh,firefinch sp.,Lagonosticta sp.,3,Kruger NP--Ntandanyathi Hide,ZA-MP,25 Jul 2024,L4047690,S188786974,,0
193,30320,spuh,sunbird sp.,Nectariniidae sp. (sunbird sp.),10,Blyde River Canyon Resort,ZA-MP,23 Jul 2024,L950185,S188348474,,0
205,11819,spuh,woodpecker sp.,Picidae sp.,1,Blyde River Canyon Resort,ZA-MP,23 Jul 2024,L950185,S188348474,,0
210,24810,spuh,Phylloscopus sp.,Phylloscopus sp.,1,Ile de Ré--Pas du Nouleau,FR-NAQ,25 May 2024,L20572320,S176953388,,0
211,6548,spuh,gull sp.,Larinae sp.,15,Ile de Ré--Phare des Baleines,FR-NAQ,14 May 2024,L955747,S174399772,,0
212,6291,spuh,shorebird sp.,Charadriiformes sp. (shorebird sp.),8,Ile de Ré--Phare des Baleines,FR-NAQ,07 May 2024,L955747,S172545804,,0
213,7181,spuh,shearwater sp.,Procellariidae sp. (shearwater sp.),1,Ile de Ré--Phare des Baleines,FR-NAQ,28 Apr 2024,L955747,S170667351,,0
214,6682,slash,Common/Arctic Tern,Sterna hirundo/paradisaea,2,Ile de Ré--Phare des Baleines,FR-NAQ,28 Apr 2024,L955747,S170667351,,0
219,22610,spuh,lark sp.,Alaudidae sp.,1,"Rhino Drive NA-Oshikoto (-19.0726,16.3122)",NA-OT,16 Mar 2024,L30025780,S165687875,,0
237,3690,spuh,nightjar sp.,Caprimulgidae sp.,3,Etosha NP--Halali Camp (use game drive hotspot for drives),NA-OT,15 Mar 2024,L1070037,S164939531,,0
322,2986,slash,Smooth-billed/Groove-billed Ani,Crotophaga ani/sulcirostris,1,Salinas,EC-SE,12 Jul 2023,L25888025,S144362512,,0
342,8328,slash,Common/Great Black Hawk,Buteogallus anthracinus/urubitinga,1,Puerto López--Vía hacia la comunidad El Pital,EC-M,11 Jul 2023,L9840819,S144275901,,0
352,7005,spuh,storm-petrel sp. (white-rumped),Oceanitidae/Hydrobatidae sp. (white-rumped),2,PN Machalilla--Pelágico hacia la Isla de la Plata,EC-M,10 Jul 2023,L860850,S144185972,,0
453,15682,spuh,manakin sp.,Pipridae sp.,1,Séptimo Paraiso,EC-P,30 Jun 2023,L859792,S143295145,,0
529,17329,spuh,new world flycatcher sp.,Tyrannidae sp.,10,Forêt de Montmorency,CA-QC,10 Jun 2023,L25087826,S141118142,,0
572,26750,spuh,nuthatch sp.,Sitta sp.,1,Poncha Springs (town),US-CO,05 Apr 2023,L1133761,S132911440,,0
606,6378,spuh,murrelet sp.,Brachyramphus/Synthliboramphus sp.,5,Ferry - Tsawwassen to Active Pass,CA-BC,09 Feb 2023,L306824,S127975779,,0
608,7375,spuh,cormorant sp.,Phalacrocoracidae sp.,1,Tsawwassen Ferry Terminal Jetty,CA-BC,09 Feb 2023,L282714,S127939525,,0
639,16772,spuh,pewee sp. (Contopus sp.),Contopus sp.,1,Refugio mixto Caño Negro,CR-A,15 Jan 2023,L691866,S126207560,,0
760,31792,spuh,euphonia sp.,Euphonia sp.,1,Restaurante Mirador Valle Encantado,CR-SJ,30 Dec 2022,L4007442,S124970297,,0
824,16830,spuh,Empidonax sp.,Empidonax sp.,1,Finca Agropecuaria Queveri,CR-C,23 Dec 2022,L5851490,S124475670,,0
827,8480,spuh,hawk sp.,Accipitridae sp. (hawk sp.),1,Finca Agropecuaria Queveri,CR-C,23 Dec 2022,L5851490,S124465217,,0
862,35561,spuh,saltator sp.,Saltator sp.,2,Playa Grande Lodge,CR-L,21 Dec 2022,L21861446,S124352347,,0
865,34106,spuh,new world warbler sp.,Parulidae sp.,2,Playa Grande Lodge,CR-L,20 Dec 2022,L21861446,S124335094,,0
866,24075,spuh,swallow sp.,Hirundinidae sp.,1,Playa Grande Lodge,CR-L,20 Dec 2022,L21861446,S124335094,,0
883,13092,spuh,parrot sp.,Psittaciformes sp. (parrot sp.),4,Parque Nacional Tortuguero - Caño Chiquero,CR-L,18 Dec 2022,L17548949,S124183737,,0
890,12024,spuh,falcon sp.,Falco sp.,1,Río La Suerte,CR-L,17 Dec 2022,L2391409,S124151153,,0
953,4144,spuh,swift sp.,Apodidae sp.,10,Tirimbina Rainforest Center,CR-H,14 Dec 2022,L470684,S123989347,,0
1014,13091,spuh,parakeet sp.,Psittaciformes sp. (parakeet sp.),10,Los Gallitos,CR-A,13 Dec 2022,L21791137,S123932990,,0
1073,21410,spuh,crow/raven sp.,Corvus sp.,2,Václav Havel Airport Prague,CZ-PR,19 Aug 2022,L5169947,S117192303,,0
1079,11893,slash,Lesser/Eurasian Kestrel,Falco naumanni/tinnunculus,17,Dunes de Prunete (site de migration),FR-COR,17 Apr 2022,L8991168,S121926149,,0
1084,25143,spuh,old world warbler sp.,Passeriformes sp. (Old World warbler sp.),1,mas d'angoulême,FR-OCC,09 Apr 2022,L28003046,S154803899,,0
1094,726,slash,Common/Barrow's Goldeneye,Bucephala clangula/islandica,4,Mývatn--Álftavogur,IS-6,15 Jul 2021,L1156304,S91803149,,0
1097,8209,spuh,Accipitrine hawk sp. (former Accipiter sp.),Aerospiza/Tachyspiza/Accipiter/Astur sp.,1,Col de l'Homme (N),FR-ARA,29 May 2021,L16140747,S154805753,,0
1107,11263,spuh,Dendrocopos sp.,Dendrocopos sp.,1,"Петър Ангелов, Madzharovo BG-Kaskovo 41.63606, 25.85765",BG-26,11 May 2021,L14883063,S87836500,,0
1114,12023,spuh,small falcon sp.,Falco sp. (small falcon sp.),2,"Auto selected 41.82998, 23.61562",BG-01,05 May 2021,L14752457,S87149062,,0
1140,7194,spuh,diving-petrel sp.,Pelecanoides sp.,,CRO-KER J2,TF-,22 Nov 2019,L14145460,S84021296,,0
1142,6906,spuh,large albatross sp.,Diomedea sp.,,CRO-KER J2,TF-,22 Nov 2019,L14145460,S84021296,,0
1145,6700,spuh,Sterna sp.,Sterna sp.,1,Iles des Pingouins pélagique général--3 km au large,TF-,20 Nov 2019,L3105764,S64184364,,0
1159,7085,slash,Salvin's/MacGillivray's Prion,Pachyptila salvini/macgillivrayi,,MD J7,TF-,14 Nov 2019,L10663048,S64013365,,0
1162,7010,slash,Southern/Northern Giant-Petrel,Macronectes giganteus/halli,1,MD J7,TF-,14 Nov 2019,L10663048,S64013365,,0
1163,7006,spuh,storm-petrel sp.,Oceanitidae/Hydrobatidae sp.,1,MD J7,TF-,14 Nov 2019,L10663048,S64013365,,0
1165,6932,spuh,albatross sp.,Diomedeidae sp.,1,MD J7,TF-,14 Nov 2019,L10663048,S64013365,,0
1167,7097,spuh,prion sp.,Pachyptila sp.,,MD J6,XX-,13 Nov 2019,L10575223,S63791954,,0
1171,6903,slash,Snowy/Tristan/Antipodean Albatross,Diomedea exulans/dabbenena/antipodensis,2,MD J5,XX-,12 Nov 2019,L10458707,S63201112,,0
1172,7076,spuh,Cookilaria petrel sp.,Pterodroma sp. (Cookilaria sp.),6,Marion J4,XX-,11 Nov 2019,L10458673,S63200940,,0
1175,6300,slash,Parasitic/Pomarine Jaeger,Stercorarius parasiticus/pomarinus,2,Réunion pélagique général (nord)--3 km au large,RE-,10 Nov 2019,L4543853,S63200699,,0
1294,6367,spuh,large alcid sp.,Alca/Uria sp.,,"Ile de Ré (secteur général, merci d'utiliser de préférence des sites plus précis)",FR-NAQ,04 May 2019,L964125,S56122855,,0
1317,6916,slash,Atlantic/Indian Yellow-nosed Albatross,Thalassarche chlororhynchos/carteri,1,Cape Town Pelagic--Cape Pt. to trawling grounds (Do not log harbour/coastal birds here),ZA-WC,21 Jul 2018,L920013,S47400499,,0
1354,23384,spuh,cisticola sp.,Cisticola sp.,8,Rondebosch Common,ZA-WC,28 Jun 2018,L7647188,S46889896,,0
1364,7121,slash,Cory's/Scopoli's Shearwater,Calonectris borealis/diomedea,1,Cape Town Pelagic--Cape Pt. to trawling grounds (Do not log harbour/coastal birds here),ZA-WC,10 Jun 2018,L920013,S46448052,,0
1399,9340,spuh,mousebird sp.,Coliidae sp.,10,West Coast NP--Geelbek hides vicinity,ZA-WC,27 May 2018,L920423,S46065480,,0
1491,28520,spuh,thrush sp.,Turdidae sp.,1,NW Coast,IE-C,22 Oct 2017,L7498222,S46190043,,0
1504,8235,slash,Hen/Montagu's Harrier,Circus cyaneus/pygargus,1,Chemin de Miqueu,FR-NAQ,11 Mar 2017,L7486781,S154802751,,0
1520,20898,slash,Iberian Gray/Great Gray Shrike,Lanius meridionalis/excubitor,1,Porte Neuve,FR-NAQ,17 Feb 2016,L7486802,S154833194,,0
1522,630,spuh,dabbling duck sp.,Anatidae sp. (dabbling duck sp.),1,Pompage Acetex,FR-NAQ,14 Feb 2016,L7486801,S154833193,,0
1573,6605,slash,Sooty/Bridled Tern,Onychoprion fuscatus/anaethetus,2,Ile de Ré--Phare des Baleines,FR-NAQ,22 Aug 2013,L955747,S154801228,,0
1650,12022,spuh,large falcon sp.,Falco sp. (large falcon sp.),1,Ile de Ré--Station d'épuration de Portes-en-Ré,FR-NAQ,23 May 2012,L926925,S154782979,,0
1680,6858,spuh,loon sp.,Gavia sp.,1,Ile de Ré--Phare des Baleines,FR-NAQ,28 Dec 2011,L955747,S154807914,,0
1703,35563,spuh,passerine sp.,Passeriformes sp.,1,La Rochelle (ville),FR-NAQ,14 Oct 2011,L7493367,S154807481,,0
1722,6728,spuh,tern sp.,Sterninae sp.,1,Ile de Ré--Phare des Baleines,FR-NAQ,04 Sep 2011,L955747,S154807922,,0
1725,6379,spuh,alcid sp.,Alcidae sp.,1,Ile de Ré--Phare des Baleines,FR-NAQ,15 Aug 2011,L955747,S154807932,,0
1726,6310,spuh,jaeger/skua sp.,Stercorarius sp.,2,Ile de Ré--Phare des Baleines,FR-NAQ,15 Aug 2011,L955747,S154807932,,0
1731,7195,spuh,procellariid sp.,Procellariidae sp.,1,Ile de Ré--Phare des Baleines,FR-NAQ,09 Aug 2011,L955747,S154807916,,0
