Row #,Taxon Order,Category,Common Name,Scientific Name,Count,Location,S/P,Date,LocID,SubID,Exotic,Countable
1,34153,species,Pine Warbler,Setophaga pinus,2,Boisé Beaupré,CA-QC,20 Jun 2026,L4642483,S360235146,,1
2,16924,species,Eastern Wood-Pewee,Contopus virens,2,Boisé Beaupré,CA-QC,20 Jun 2026,L4642483,S360235146,,1
3,6147,species,Willet,Tringa semipalmata,1,Parc de l'Ancien-Quai,CA-QC,19 Jun 2026,L3048781,S359910897,,1
4,28037,species,Brown Thrasher,Toxostoma rufum,3,Parc de l'Ancien-Quai,CA-QC,17 Jun 2026,L3048781,S358902943,,1
5,33232,species,Nelson's Sparrow,Ammospiza nelsoni,1,"111–147 Rte 132 O, Saint-André-de-Kamouraska CA-QC (47.6526,-69.7461)",CA-QC,15 Jun 2026,L70270723,S358020630,,1
6,28333,species,Hermit Thrush,Catharus guttatus,3,"Tourbière Oualette, côté crête",CA-QC,12 Jun 2026,L69892163,S356416414,,1
7,21181,species,Canada Jay,Perisoreus canadensis,2,Sentiers de Pointe-au-Père--secteur ouest,CA-QC,06 Jun 2026,L7857839,S353340078,,1
8,33217,species,Vesper Sparrow,Pooecetes gramineus,1,"St-Anaclet-de-Lessard, St-Anaclet-de-Lessard CA-QC (48.4787,-68.4400)",CA-QC,06 Jun 2026,L69163331,S353223799,,1
9,5297,species,Virginia Rail,Rallus limicola,2,"St-Anaclet-de-Lessard, St-Anaclet-de-Lessard CA-QC (48.4787,-68.4400)",CA-QC,06 Jun 2026,L69163331,S353223799,,1
10,33833,species,Brown-headed Cowbird,Molothrus ater,1,"506 Rue Principale O, St-Anaclet-de-Lessard CA-QC (48.4685,-68.4411)",CA-QC,06 Jun 2026,L69189731,S353340371,,1
11,3492,species,Common Nighthawk,Chordeiles minor,3,Rimouski Ouest,CA-QC,05 Jun 2026,L68258630,S353035395,,1
12,16951,species,Alder Flycatcher,Empidonax alnorum,4,Sentier du littoral et marais de Sacré-Cœur,CA-QC,02 Jun 2026,L8010925,S351379241,,1
17,31883,species,American Pipit,Anthus rubescens,1,Port de Matane,CA-QC,31 May 2026,L2738431,S350601022,,1
18,16890,species,Olive-sided Flycatcher,Contopus cooperi,1,Etang Dollard,CA-QC,31 May 2026,L2830324,S350601211,,1
19,34346,species,Wilson's Warbler,Cardellina pusilla,4,Forêt de la rue St Pierre,CA-QC,29 May 2026,L68199277,S348777289,,1
20,16949,species,Yellow-bellied Flycatcher,Empidonax flaviventris,1,Parc Beauséjour,CA-QC,28 May 2026,L2290070,S348482816,,1
21,6232,species,Semipalmated Sandpiper,Calidris pusilla,1,Parc Gonzague-Drapeau,CA-QC,25 May 2026,L1299077,S346247987,,1
22,8506,species,Red-tailed Hawk,Buteo jamaicensis,1,"Station d'épuration, Rimouski",CA-QC,23 May 2026,L3595741,S344719563,,1
23,6119,species,Wilson's Phalarope,Phalaropus tricolor,1,"Station d'épuration, Rimouski",CA-QC,23 May 2026,L3595741,S344719563,,1
24,5697,species,Sandhill Crane,Antigone canadensis,1,"Station d'épuration, Rimouski",CA-QC,23 May 2026,L3595741,S344719563,,1
25,730,species,White-winged Scoter,Melanitta deglandi,9,"Quai, Pointe-au-Père",CA-QC,23 May 2026,L2751569,S344725675,,1
26,6183,species,Stilt Sandpiper,Calidris himantopus,1,Parc Pointe-à-Pouliot,CA-QC,22 May 2026,L3675955,S344252318,,1
27,9219,species,Barred Owl,Strix varia,1,"Rimouski, Rimouski CA-QC (48.3644,-68.4242)",CA-QC,21 May 2026,L67269026,S344253167,,1
28,34557,species,Rose-breasted Grosbeak,Pheucticus ludovicianus,1,Etang Dollard,CA-QC,19 May 2026,L2830324,S342542249,,1
29,33973,species,Orange-crowned Warbler,Leiothlypis celata,1,Etang Dollard,CA-QC,19 May 2026,L2830324,S342542249,,1
30,5455,species,Sora,Porzana carolina,3,Parc du centre communautaire St-Pie-X,CA-QC,18 May 2026,L19225217,S341940951,,1
31,6048,species,Hudsonian Godwit,Limosa haemastica,1,Parc Pointe-à-Pouliot,CA-QC,18 May 2026,L3675955,S342066707,,1
32,27026,species,Brown Creeper,Certhia americana,1,Etang Dollard,CA-QC,17 May 2026,L2830324,S341424821,,1
33,28114,species,Northern Mockingbird,Mimus polyglottos,2,Parc Gonzague-Drapeau,CA-QC,17 May 2026,L1299077,S340948556,,1
34,742,species,Bufflehead,Bucephala albeola,1,Parc Gonzague-Drapeau,CA-QC,17 May 2026,L1299077,S340948556,,1
35,485,species,Blue-winged Teal,Spatula discors,3,Parc Gonzague-Drapeau,CA-QC,17 May 2026,L1299077,S340948556,,1
36,34057,species,Hooded Warbler,Setophaga citrina,1,Cimetières Mont-Royal et Notre-Dame-des-Neiges,CA-QC,16 May 2026,L806691,S340079600,,1
37,33770,species,Baltimore Oriole,Icterus galbula,1,Cimetières Mont-Royal et Notre-Dame-des-Neiges,CA-QC,16 May 2026,L806691,S340079600,,1
38,33187,species,White-crowned Sparrow,Zonotrichia leucophrys,1,Cimetières Mont-Royal et Notre-Dame-des-Neiges,CA-QC,16 May 2026,L806691,S340079600,,1
39,19245,species,Eastern Warbling Vireo,Vireo gilvus,2,Cimetières Mont-Royal et Notre-Dame-des-Neiges,CA-QC,16 May 2026,L806691,S340079600,,1
40,17334,species,Great Crested Flycatcher,Myiarchus crinitus,5,Cimetières Mont-Royal et Notre-Dame-des-Neiges,CA-QC,16 May 2026,L806691,S340079600,,1
41,8278,species,Cooper's Hawk,Astur cooperii,1,Cimetières Mont-Royal et Notre-Dame-des-Neiges,CA-QC,16 May 2026,L806691,S340079600,,1
42,34148,species,Palm Warbler,Setophaga palmarum,1,Parc La Fontaine,CA-QC,15 May 2026,L1333093,S339610608,,1
43,33981,species,Nashville Warbler,Leiothlypis ruficapilla,3,Parc La Fontaine,CA-QC,15 May 2026,L1333093,S339610608,,1
44,8487,species,Red-shouldered Hawk,Buteo lineatus,1,Parc La Fontaine,CA-QC,15 May 2026,L1333093,S339610608,,1
45,9820,species,Blue-cheeked Bee-eater,Merops persicus,1,"D 37E5, Capestang FR-Occitanie 43.28968, 3.08069",FR-OCC,01 May 2026,L64569305,S330588202,,1
46,22613,species,White-winged Lark,Alauda leucoptera,1,"Parc Naturel Régional de Camargue, Arles FR-Provence-Alpes-Côte d'Azur (43.3690,4.6283)",FR-PAC,19 Apr 2026,L63238861,S323903419,,1
51,31870,species,Red-throated Pipit,Anthus cervinus,1,Ile-de-re-Boucle_Passereaux_Saint-clément,FR-NAQ,20 Oct 2025,L40505308,S280531632,,1
54,31707,species,Citrine Wagtail,Motacilla citreola,1,Etang de Vic--Le Maupas,FR-OCC,13 Sep 2025,L5534243,S273346547,,1
55,6490,species,Laughing Gull,Leucophaeus atricilla,1,Puits de l’auture,FR-NAQ,27 Jun 2025,L48354349,S254445973,,1
56,4153,species,White-rumped Swift,Apus caffer,1,Pont Petit (Minerve),FR-OCC,23 Jun 2025,L11952310,S253624027,,1
59,6178,species,Broad-billed Sandpiper,Calidris falcinellus,1,Camargue--petit lac (nord de Saintes-Maries-de-La-Mer),FR-PAC,03 May 2025,L1143612,S232654027,,1
61,7655,species,Western Reef-Heron,Egretta gularis,1,Plage des Aresquiers,FR-OCC,23 Apr 2025,L11193620,S228452389,,1
62,6351,species,Black-winged Pratincole,Glareola nordmanni,1,"Petite Camargue, Aigues-Mortes FR-Occitanie (43.5832,4.1094)",FR-OCC,17 Apr 2025,L42818842,S226460476,,1
67,32263,species,Crimson-winged Finch,Rhodopechys sanguineus,3,"40000, Ighrem N Ougdal MA-Drâa-Tafilalet (31.1275,-7.3245)",MA-13,01 Mar 2025,L40748249,S216103575,,1
68,3651,species,Egyptian Nightjar,Caprimulgus aegyptius,2,"30070, Er-Rissani MA-Drâa-Tafilalet (31.2957,-3.9786)",MA-06,27 Feb 2025,L40672362,S215726553,,1
69,25339,species,African Desert Warbler,Curruca deserti,10,"30070, Er-Rissani MA-Drâa-Tafilalet 31.31704, -4.01621",MA-06,27 Feb 2025,L40672732,S215728327,,1
70,26640,species,Fulvous Chatterer,Argya fulva,6,عرق الشيبي-- منطقة التخييم | Erg Chebbi--Camping area,MA-06,27 Feb 2025,L30438809,S215727956,,1
71,2883,species,Crowned Sandgrouse,Pterocles coronatus,30,"Dunes de Merzouga, Er-Rissani MA-Drâa-Tafilalet 31.21030, -3.94875",MA-06,27 Feb 2025,L40672749,S215728403,,1
72,2876,species,Spotted Sandgrouse,Pterocles senegallus,100,"Dunes de Merzouga, Er-Rissani MA-Drâa-Tafilalet 31.21030, -3.94875",MA-06,27 Feb 2025,L40672749,S215728403,,1
73,31599,species,Desert Sparrow,Passer simplex,1,"30070, Er-Rissani MA-Drâa-Tafilalet (31.2159,-3.9759)",MA-06,27 Feb 2025,L40675191,S215740715,,1
74,21617,species,Brown-necked Raven,Corvus ruficollis,2,عرق الشيبي --الجزئ الشمالي | Erg Chebbi--nord,MA-06,26 Feb 2025,L1492356,S215577391,,1
75,25065,species,Scrub Warbler,Scotocerca inquieta,6,"25020, Ferkla Es-Soufla MA-Drâa-Tafilalet (31.5875,-4.9859)",MA-06,26 Feb 2025,L40645217,S215577625,,1
76,22375,species,Bar-tailed Lark,Ammomanes cinctura,2,"25020, Ferkla Es-Soufla MA-Drâa-Tafilalet (31.5875,-4.9859)",MA-06,26 Feb 2025,L40645217,S215577625,,1
77,25341,species,Tristram's Warbler,Curruca deserticola,1,أجراف تودرا (أيت باها ) | Gorges du Todra,MA-13,26 Feb 2025,L1053999,S215577718,,1
78,22374,species,Thick-billed Lark,Ramphocoris clotbey,2,بومالن دادس -- وادي الطيور | Vallée des Oiseaux (Tagdilt Track)--ancienne piste,MA-13,25 Feb 2025,L5153264,S215414434,,1
79,22337,species,Greater Hoopoe-Lark,Alaemon alaudipes,1,بومالن دادس -- وادي الطيور | Vallée des Oiseaux (Tagdilt Track)--ancienne piste,MA-13,25 Feb 2025,L5153264,S215414434,,1
80,29872,species,Mourning Wheatear,Oenanthe lugens,2,Falcon Nest Escarpment,MA-13,25 Feb 2025,L24651410,S215414489,,1
81,8941,species,Pharaoh Eagle-Owl,Bubo ascalaphus,1,Falcon Nest Escarpment,MA-13,25 Feb 2025,L24651410,S215414489,,1
82,29820,species,Red-rumped Wheatear,Oenanthe moesta,2,مطرح نفايات بومالن | Décharge de Boumalne,MA-13,25 Feb 2025,L4373527,S215414625,,1
83,22759,species,Temminck's Lark,Eremophila bilopha,3,مطرح نفايات بومالن | Décharge de Boumalne,MA-13,25 Feb 2025,L4373527,S215414625,,1
84,31965,species,African Chaffinch,Fringilla spodiogenys,15,"RN10, Hart MA-Drâa-Tafilalet 31.29887, -6.03889",MA-13,25 Feb 2025,L40615620,S215414559,,1
85,29858,species,White-crowned Wheatear,Oenanthe leucopyga,3,"Barrage Al Mansour Ad Dahbi, Tarmigt MA-Drâa-Tafilalet (30.9442,-6.8131)",MA-13,24 Feb 2025,L40583635,S215247865,,1
86,29799,species,Desert Wheatear,Oenanthe deserti,3,"Barrage Al Mansour Ad Dahbi, Tarmigt MA-Drâa-Tafilalet (30.9442,-6.8131)",MA-13,24 Feb 2025,L40583635,S215247865,,1
87,22382,species,Desert Lark,Ammomanes deserti,3,"Barrage Al Mansour Ad Dahbi, Tarmigt MA-Drâa-Tafilalet (30.9442,-6.8131)",MA-13,24 Feb 2025,L40583635,S215247865,,1
88,11672,species,Levaillant's Woodpecker,Picus vaillantii,1,"RN9, Ighrem N Ougdal MA-Drâa-Tafilalet 31.27970, -7.37800",MA-13,24 Feb 2025,L40584158,S215250397,,1
89,21463,species,Maghreb Magpie,Pica mauritanica,1,"Route de l'Ourika, Tassoultante MA-Marrakech-Safi 31.51421, -7.94677",MA-11,24 Feb 2025,L40583691,S215248010,,1
90,32788,species,House Bunting,Emberiza sahari,3,Dasofinya lodge,MA-11,24 Feb 2025,L40569496,S215168450,,1
91,31065,species,Indian Silverbill,Euodice malabarica,3,"2 Rue des Frênes, Montpellier FR-Occitanie 43.62592, 3.84828",FR-OCC,31 Jan 2025,L39840990,S211343776,N,1
92,32737,species,Pine Bunting,Emberiza leucocephalos,2,Camargue--Mas de Guinot,FR-PAC,11 Jan 2025,L39206892,S209003063,,1
93,8040,species,Greater Spotted Eagle,Clanga clanga,1,Petite Camargue--Les Cargattes,FR-OCC,11 Jan 2025,L3170465,S209003094,,1
94,29608,species,Moussier's Redstart,Phoenicurus moussieri,1,Cabane Raymond,FR-OCC,06 Jan 2025,L39222207,S208250960,,1
95,22710,species,Horned Lark,Eremophila alpestris,2,Île Madame,FR-NAQ,30 Dec 2024,L20871778,S207233965,,1
96,7342,species,Brown Booby,Sula leucogaster,1,Etang du Prévost,FR-OCC,07 Dec 2024,L13251486,S204680718,,1
97,12343,species,Alexandrine Parakeet,Psittacula eupatria,1,Λόφος Φιλοπάππου (Filopappou hill),GR-I,10 Nov 2024,L1801094,S202068378,N,1
99,21521,species,House Crow,Corvus splendens,2,Cape Town--Road Lodge at Airport,ZA-WC,08 Aug 2024,L20612264,S190629333,N,1
100,24229,species,Greater Striped Swallow,Cecropis cucullata,1,"Auto selected -33.61476, 19.50877",ZA-WC,08 Aug 2024,L36194149,S193359309,,1
101,29773,species,Mountain Chat,Myrmecocichla monticola,2,"R355, Ceres ZA-WC -33.21064, 19.72575",ZA-WC,07 Aug 2024,L35565205,S190581911,,1
102,30442,species,Dusky Sunbird,Cinnyris fuscus,1,R355--R356 turnoff to Eierkop,ZA-WC,07 Aug 2024,L2609438,S190585441,,1
103,29741,species,Karoo Chat,Emarginata schlegelii,5,R355--R356 turnoff to Eierkop,ZA-WC,07 Aug 2024,L2609438,S190585441,,1
104,29737,species,Sickle-winged Chat,Emarginata sinuata,5,R355--R356 turnoff to Eierkop,ZA-WC,07 Aug 2024,L2609438,S190585441,,1
105,25299,species,Chestnut-vented Warbler,Curruca subcoerulea,2,R355--R356 turnoff to Eierkop,ZA-WC,07 Aug 2024,L2609438,S190585441,,1
106,23344,species,Rufous-eared Warbler,Malcorus pectoralis,20,R355--R356 turnoff to Eierkop,ZA-WC,07 Aug 2024,L2609438,S190585441,,1
107,22958,species,Karoo Eremomela,Eremomela gregalis,6,R355--R356 turnoff to Eierkop,ZA-WC,07 Aug 2024,L2609438,S190585441,,1
108,22461,species,Karoo Lark,Calendulauda albescens,8,R355--R356 turnoff to Eierkop,ZA-WC,07 Aug 2024,L2609438,S190585441,,1
109,21905,species,Fairy Flycatcher,Stenostira scita,2,R355--R356 turnoff to Eierkop,ZA-WC,07 Aug 2024,L2609438,S190585441,,1
110,9425,species,White-backed Mousebird,Colius colius,3,R355--R356 turnoff to Eierkop,ZA-WC,07 Aug 2024,L2609438,S190585441,,1
111,8111,species,Pale Chanting-Goshawk,Melierax canorus,3,R355--R356 turnoff to Eierkop,ZA-WC,07 Aug 2024,L2609438,S190585441,,1
112,2953,species,Black Bustard,Afrotis afra,1,R355--R356 turnoff to Eierkop,ZA-WC,07 Aug 2024,L2609438,S190585441,,1
114,28945,species,Karoo Scrub-Robin,Tychaedon coryphoeus,2,De Hoop Nature Reserve,ZA-WC,06 Aug 2024,L941566,S190579369,,1
115,22364,species,Cape Long-billed Lark,Certhilauda curvirostris,2,De Hoop Nature Reserve,ZA-WC,06 Aug 2024,L941566,S190579369,,1
116,22648,species,Large-billed Lark,Galerida magnirostris,2,"Auto selected -34.45399, 20.40466",ZA-WC,06 Aug 2024,L35564065,S190577495,,1
117,32423,species,White-throated Canary,Crithagra albogularis,2,De Hoop NR--Lakeside Walking Trail,ZA-WC,06 Aug 2024,L4150022,S190410296,,1
118,20096,species,Southern Tchagra,Tchagra tchagra,2,De Hoop NR--Lakeside Walking Trail,ZA-WC,06 Aug 2024,L4150022,S190410296,,1
119,10979,species,Lesser Honeyguide,Indicator minor,2,De Hoop NR--Lakeside Walking Trail,ZA-WC,06 Aug 2024,L4150022,S190410296,,1
120,7800,species,Great White Pelican,Pelecanus onocrotalus,8,De Hoop NR--Lakeside Walking Trail,ZA-WC,06 Aug 2024,L4150022,S190410296,,1
121,1681,species,Gray-winged Francolin,Scleroptila afra,2,De Hoop NR--Lakeside Walking Trail,ZA-WC,06 Aug 2024,L4150022,S190410296,,1
122,8321,species,Black Harrier,Circus maurus,1,De Hoop NR--Koppie Alleen,ZA-WC,05 Aug 2024,L4150348,S190576514,,1
123,4108,species,African Swift,Apus barbatus,100,De Hoop NR--Koppie Alleen,ZA-WC,05 Aug 2024,L4150348,S190576514,,1
124,11732,species,Knysna Woodpecker,Campethera notata,1,De Hoop NR--Campground,ZA-WC,05 Aug 2024,L4150023,S190467154,,1
125,20153,species,Bokmakierie,Telophorus zeylonus,1,R319 to De Hoop NR,ZA-WC,05 Aug 2024,L8251252,S190410212,,1
126,5742,species,Spotted Thick-knee,Burhinus capensis,1,R319 to De Hoop NR,ZA-WC,05 Aug 2024,L8251252,S190410212,,1
127,2928,species,Denham's Bustard,Neotis denhami,1,"Auto selected -34.42224, 20.22917",ZA-WC,05 Aug 2024,L35524773,S190409909,,1
128,32418,species,Yellow Canary,Crithagra flaviventris,10,"Auto selected -34.42795, 20.21692",ZA-WC,05 Aug 2024,L35524755,S190409846,,1
129,2943,species,Karoo Bustard,Heterotetrax vigorsii,2,Farm Pond - deHoop/Malgas/Infanta Road,ZA-WC,05 Aug 2024,L10310465,S190409811,,1
130,11702,species,Ground Woodpecker,Geocolaptes olivaceus,2,Fernkloof Nature Reserve,ZA-WC,05 Aug 2024,L1366464,S190409394,,1
131,23050,species,Bar-throated Apalis,Apalis thoracica,1,Hermanus (town),ZA-WC,04 Aug 2024,L17447826,S190190246,,1
132,7395,species,Bank Cormorant,Phalacrocorax neglectus,5,Stony Point--Penguin Colony,ZA-WC,04 Aug 2024,L988998,S190228704,,1
133,1823,species,Cape Spurfowl,Pternistis capensis,2,Stony Point--Penguin Colony,ZA-WC,04 Aug 2024,L988998,S190228704,,1
134,30957,species,Yellow Bishop,Euplectes capensis,1,Rooi-Els,ZA-WC,04 Aug 2024,L930832,S190227991,,1
135,23500,species,Piping Cisticola,Cisticola fulvicapilla,4,Rooi-Els,ZA-WC,04 Aug 2024,L930832,S190227991,,1
136,21886,species,Cape Rockjumper,Chaetops frenatus,3,Rooi-Els,ZA-WC,04 Aug 2024,L930832,S190227991,,1
137,29924,species,Cape Sugarbird,Promerops cafer,1,Boulders Beach,ZA-WC,03 Aug 2024,L936100,S190066759,,1
138,32762,species,Cape Bunting,Emberiza capensis,1,"34 Jan Smuts Drive, Simon's Town ZA-WC (-34.2001,18.4485)",ZA-WC,03 Aug 2024,L35438798,S190067200,,1
139,30357,species,Southern Double-collared Sunbird,Cinnyris chalybeus,2,"34 Jan Smuts Drive, Simon's Town ZA-WC (-34.2001,18.4485)",ZA-WC,03 Aug 2024,L35438798,S190067200,,1
140,30334,species,Malachite Sunbird,Nectarinia famosa,5,"34 Jan Smuts Drive, Simon's Town ZA-WC (-34.2001,18.4485)",ZA-WC,03 Aug 2024,L35438798,S190067200,,1
141,30214,species,Orange-breasted Sunbird,Anthobaphes violacea,3,"34 Jan Smuts Drive, Simon's Town ZA-WC (-34.2001,18.4485)",ZA-WC,03 Aug 2024,L35438798,S190067200,,1
142,29212,species,Cape Robin-Chat,Dessonornis caffer,1,"34 Jan Smuts Drive, Simon's Town ZA-WC (-34.2001,18.4485)",ZA-WC,03 Aug 2024,L35438798,S190067200,,1
143,24786,species,Cape Bulbul,Pycnonotus capensis,2,"34 Jan Smuts Drive, Simon's Town ZA-WC (-34.2001,18.4485)",ZA-WC,03 Aug 2024,L35438798,S190067200,,1
144,22898,species,Cape Grassbird,Sphenoeacus afer,10,"34 Jan Smuts Drive, Simon's Town ZA-WC (-34.2001,18.4485)",ZA-WC,03 Aug 2024,L35438798,S190067200,,1
145,7396,species,Cape Cormorant,Phalacrocorax capensis,50,"34 Jan Smuts Drive, Simon's Town ZA-WC (-34.2001,18.4485)",ZA-WC,03 Aug 2024,L35438798,S190067200,,1
146,7384,species,Crowned Cormorant,Microcarbo coronatus,1,"34 Jan Smuts Drive, Simon's Town ZA-WC (-34.2001,18.4485)",ZA-WC,03 Aug 2024,L35438798,S190067200,,1
147,7192,species,White-chinned Petrel,Procellaria aequinoctialis,500,"ZA (-34,358, 18,501)",ZA-WC,03 Aug 2024,L35437334,S190630274,,1
148,7123,species,Soft-plumaged Petrel,Pterodroma mollis,3,"ZA (-34,358, 18,501)",ZA-WC,03 Aug 2024,L35437334,S190630274,,1
149,7097,species,Pintado Petrel,Daption capense,50,"ZA (-34,358, 18,501)",ZA-WC,03 Aug 2024,L35437334,S190630274,,1
150,7095,species,Southern Fulmar,Fulmarus glacialoides,1,"ZA (-34,358, 18,501)",ZA-WC,03 Aug 2024,L35437334,S190630274,,1
151,7088,species,Northern Giant-Petrel,Macronectes halli,4,"ZA (-34,358, 18,501)",ZA-WC,03 Aug 2024,L35437334,S190630274,,1
152,7087,species,Southern Giant-Petrel,Macronectes giganteus,2,"ZA (-34,358, 18,501)",ZA-WC,03 Aug 2024,L35437334,S190630274,,1
153,7006,species,Black-browed Albatross,Thalassarche melanophris,300,"ZA (-34,358, 18,501)",ZA-WC,03 Aug 2024,L35437334,S190630274,,1
154,7000,species,White-capped Albatross,Thalassarche cauta,200,"ZA (-34,358, 18,501)",ZA-WC,03 Aug 2024,L35437334,S190630274,,1
155,6994,species,Indian Yellow-nosed Albatross,Thalassarche carteri,5,"ZA (-34,358, 18,501)",ZA-WC,03 Aug 2024,L35437334,S190630274,,1
156,6993,species,Atlantic Yellow-nosed Albatross,Thalassarche chlororhynchos,1,"ZA (-34,358, 18,501)",ZA-WC,03 Aug 2024,L35437334,S190630274,,1
157,6974,species,Southern Royal Albatross,Diomedea epomophora,1,"ZA (-34,358, 18,501)",ZA-WC,03 Aug 2024,L35437334,S190630274,,1
158,6973,species,Northern Royal Albatross,Diomedea sanfordi,1,"ZA (-34,358, 18,501)",ZA-WC,03 Aug 2024,L35437334,S190630274,,1
159,6368,species,Brown Skua,Stercorarius antarcticus,20,"ZA (-34,358, 18,501)",ZA-WC,03 Aug 2024,L35437334,S190630274,,1
160,32584,species,Cape Canary,Serinus canicollis,1,Boulders Beach,ZA-WC,02 Aug 2024,L936100,S189926855,,1
161,6956,species,African Penguin,Spheniscus demersus,12,Boulders Beach,ZA-WC,02 Aug 2024,L936100,S189926855,,1
162,5802,species,African Oystercatcher,Haematopus moquini,4,Boulders Beach,ZA-WC,02 Aug 2024,L936100,S189926855,,1
163,23941,species,Little Rush Warbler,Bradypterus baboecala,3,Strandfontein WTP,ZA-WC,02 Aug 2024,L920374,S190065342,,1
164,23435,species,Gray-backed Cisticola,Cisticola subruficapilla,4,Strandfontein WTP,ZA-WC,02 Aug 2024,L920374,S190065342,,1
165,23311,species,Karoo Prinia,Prinia maculosa,1,Strandfontein WTP,ZA-WC,02 Aug 2024,L920374,S190065342,,1
166,6484,species,Hartlaub's Gull,Chroicocephalus hartlaubii,100,Strandfontein WTP,ZA-WC,02 Aug 2024,L920374,S190065342,,1
167,785,species,Maccoa Duck,Oxyura maccoa,10,Strandfontein WTP,ZA-WC,02 Aug 2024,L920374,S190065342,,1
168,584,species,Cape Teal,Anas capensis,,Strandfontein WTP,ZA-WC,02 Aug 2024,L920374,S190065342,,1
169,5663,species,African Finfoot,Podica senegalensis,1,St. Lucia--Sunset Jetty,ZA-NL,01 Aug 2024,L9932685,S189822339,,1
170,31054,species,Black-and-white Mannikin,Spermestes bicolor,5,Monzi--Stay Lodge,ZA-NL,01 Aug 2024,L23137737,S189822108,,1
171,23471,species,Rufous-winged Cisticola,Cisticola galactotes,1,St Lucia--iGwalagwala Trail,ZA-NL,01 Aug 2024,L2903807,S189821913,,1
172,3014,species,Livingstone's Turaco,Tauraco livingstonii,3,St Lucia--iGwalagwala Trail,ZA-NL,01 Aug 2024,L2903807,S189821913,,1
173,31226,species,Green-backed Twinspot,Mandingoa nitidula,10,St Lucia--iMfolozi River mouth,ZA-NL,01 Aug 2024,L4209873,S189802511,,1
175,10095,species,Mangrove Kingfisher,Halcyon senegaloides,1,St Lucia--iMfolozi River mouth,ZA-NL,01 Aug 2024,L4209873,S189802511,,1
176,8034,species,Long-crested Eagle,Lophaetus occipitalis,1,iSimangaliso WP--Eastern Shores,ZA-NL,31 Jul 2024,L2397400,S189704420,,1
177,7802,species,Pink-backed Pelican,Pelecanus rufescens,4,iSimangaliso WP--Eastern Shores,ZA-NL,31 Jul 2024,L2397400,S189704420,,1
178,5522,species,African Swamphen,Porphyrio madagascariensis,1,iSimangaliso WP--Eastern Shores,ZA-NL,31 Jul 2024,L2397400,S189704420,,1
179,3701,species,Swamp Nightjar,Caprimulgus natalensis,1,iSimangaliso WP--Eastern Shores,ZA-NL,31 Jul 2024,L2397400,S189704420,,1
180,30237,species,Olive Sunbird,Cyanomitra olivacea,1,St Lucia--iMfolozi River mouth,ZA-NL,31 Jul 2024,L4209873,S189699957,,1
181,23690,species,Lesser Swamp Warbler,Acrocephalus gracilirostris,1,St Lucia--iMfolozi River mouth,ZA-NL,31 Jul 2024,L4209873,S189699957,,1
182,7334,species,Cape Gannet,Morus capensis,3,St Lucia--iMfolozi River mouth,ZA-NL,31 Jul 2024,L4209873,S189699957,,1
183,6792,species,Great Crested Tern,Thalasseus bergii,300,St Lucia--iMfolozi River mouth,ZA-NL,31 Jul 2024,L4209873,S189699957,,1
184,20172,species,Olive Bushshrike,Chlorophoneus olivaceus,1,St Lucia--iGwalagwala Trail,ZA-NL,31 Jul 2024,L2903807,S189697627,,1
185,19842,species,Black-throated Wattle-eye,Platysteira peltata,1,St Lucia--iGwalagwala Trail,ZA-NL,31 Jul 2024,L2903807,S189697627,,1
186,1933,species,Lemon Dove,Aplopelia larvata,2,St Lucia--iGwalagwala Trail,ZA-NL,31 Jul 2024,L2903807,S189697627,,1
187,30798,species,African Golden-Weaver,Ploceus subaureus,5,Monzi--Stay Lodge,ZA-NL,31 Jul 2024,L23137737,S189696534,,1
188,10567,species,White-eared Barbet,Stactolaema leucotis,3,Monzi--Stay Lodge,ZA-NL,31 Jul 2024,L23137737,S189696534,,1
189,3165,species,Green Malkoha,Ceuthmochares australis,1,Monzi--Stay Lodge,ZA-NL,31 Jul 2024,L23137737,S189696534,,1
190,31050,species,Bronze Mannikin,Spermestes cucullata,5,iSimangaliso WP--Grassland Loop,ZA-NL,30 Jul 2024,L7275127,S189549136,,1
191,24262,species,Rufous-chested Swallow,Cecropis semirufa,6,iSimangaliso WP--Grassland Loop,ZA-NL,30 Jul 2024,L7275127,S189549136,,1
192,24208,species,White-throated Swallow,Hirundo albigularis,10,iSimangaliso WP--Grassland Loop,ZA-NL,30 Jul 2024,L7275127,S189549136,,1
193,10108,species,Striped Kingfisher,Halcyon chelicuti,1,iSimangaliso WP--Grassland Loop,ZA-NL,30 Jul 2024,L7275127,S189549136,,1
194,7370,species,African Darter,Anhinga rufa,2,iSimangaliso WP--Grassland Loop,ZA-NL,30 Jul 2024,L7275127,S189549136,,1
195,453,species,African Pygmy-Goose,Nettapus auritus,8,iSimangaliso WP--Grassland Loop,ZA-NL,30 Jul 2024,L7275127,S189549136,,1
196,29229,species,Red-capped Robin-Chat,Cossypha natalensis,2,Monzi--Stay Lodge,ZA-NL,30 Jul 2024,L23137737,S189523107,,1
197,7858,species,Palm-nut Vulture,Gypohierax angolensis,1,Monzi--Stay Lodge,ZA-NL,30 Jul 2024,L23137737,S189523107,,1
198,30267,species,Scarlet-chested Sunbird,Chalcomitra senegalensis,2,Tembe Elephant Park,ZA-NL,30 Jul 2024,L1756570,S189504798,,1
200,28907,species,Ashy Flycatcher,Fraseria caerulescens,2,Tembe Elephant Park,ZA-NL,29 Jul 2024,L1756570,S189448558,,1
201,23098,species,Rudd's Apalis,Apalis ruddi,2,Tembe Elephant Park,ZA-NL,29 Jul 2024,L1756570,S189448558,,1
202,19920,species,Retz's Helmetshrike,Prionops retzii,6,Tembe Elephant Park,ZA-NL,29 Jul 2024,L1756570,S189448558,,1
203,31298,species,Common Waxbill,Estrilda astrild,20,Tembe Elephant Park,ZA-NL,29 Jul 2024,L1756570,S189447722,,1
204,22844,species,Eastern Nicator,Nicator gularis,1,Tembe Elephant Park,ZA-NL,29 Jul 2024,L1756570,S189447722,,1
205,30877,species,Dark-backed Weaver,Ploceus bicolor,2,Tembe Elephant Park,ZA-NL,29 Jul 2024,L1756570,S189446943,,1
206,31407,species,Pink-throated Twinspot,Hypargos margaritatus,2,Tembe Elephant Park,ZA-NL,29 Jul 2024,L1756570,S189446534,,1
207,22558,species,Rufous-naped Lark,Corypha africana,3,Tembe Elephant Park,ZA-NL,29 Jul 2024,L1756570,S189446534,,1
209,8134,species,Little Sparrowhawk,Tachyspiza minulla,1,Tembe Elephant Park,ZA-NL,29 Jul 2024,L1756570,S189446534,,1
210,8115,species,Lizard Buzzard,Kaupifalco monogrammicus,1,Tembe Elephant Park,ZA-NL,29 Jul 2024,L1756570,S189446534,,1
211,9246,species,African Wood-Owl,Strix woodfordii,1,Tembe Elephant Park,ZA-NL,28 Jul 2024,L1756570,S189414751,,1
212,8932,species,Spotted Eagle-Owl,Bubo africanus,1,Tembe Elephant Park,ZA-NL,28 Jul 2024,L1756570,S189414751,,1
213,28923,species,Southern Black-Flycatcher,Melaenornis pammelaina,1,Tembe Elephant Park,ZA-NL,28 Jul 2024,L1756570,S189310111,,1
214,27941,species,Black-bellied Starling,Notopholia corusca,30,Tembe Elephant Park,ZA-NL,28 Jul 2024,L1756570,S189310111,,1
215,24008,species,Black Sawwing,Psalidoprocne pristoptera,2,Tembe Elephant Park,ZA-NL,28 Jul 2024,L1756570,S189310111,,1
216,20408,species,Square-tailed Drongo,Dicrurus ludwigii,3,Tembe Elephant Park,ZA-NL,28 Jul 2024,L1756570,S189310111,,1
217,9704,species,Trumpeter Hornbill,Bycanistes bucinator,4,Tembe Elephant Park,ZA-NL,28 Jul 2024,L1756570,S189310111,,1
218,9658,species,Crowned Hornbill,Lophoceros alboterminatus,3,Tembe Elephant Park,ZA-NL,28 Jul 2024,L1756570,S189310111,,1
219,8300,species,Black Goshawk,Astur melanoleucus,1,Tembe Elephant Park,ZA-NL,28 Jul 2024,L1756570,S189310111,,1
220,7998,species,Crowned Eagle,Stephanoaetus coronatus,1,Tembe Elephant Park,ZA-NL,28 Jul 2024,L1756570,S189310111,,1
221,7992,species,Black-chested Snake-Eagle,Circaetus pectoralis,1,Tembe Elephant Park,ZA-NL,28 Jul 2024,L1756570,S189310111,,1
222,7734,species,Yellow-billed Egret,Ardea brachyrhyncha,1,Tembe Elephant Park,ZA-NL,28 Jul 2024,L1756570,S189310111,,1
223,5876,species,Wattled Lapwing,Vanellus senegallus,1,Tembe Elephant Park,ZA-NL,28 Jul 2024,L1756570,S189310111,,1
224,2985,species,Purple-crested Turaco,Gallirex porphyreolophus,4,Tembe Elephant Park,ZA-NL,28 Jul 2024,L1756570,S189310111,,1
225,2958,species,Black-bellied Bustard,Lissotis melanogaster,1,Tembe Elephant Park,ZA-NL,28 Jul 2024,L1756570,S189310111,,1
226,2154,species,Tambourine Dove,Turtur tympanistria,2,Tembe Elephant Park,ZA-NL,28 Jul 2024,L1756570,S189310111,,1
227,480,species,Blue-billed Teal,Spatula hottentota,15,Tembe Elephant Park,ZA-NL,28 Jul 2024,L1756570,S189310111,,1
228,429,species,Spur-winged Goose,Plectropterus gambensis,3,Tembe Elephant Park,ZA-NL,28 Jul 2024,L1756570,S189310111,,1
229,262,species,White-backed Duck,Thalassornis leuconotus,8,Tembe Elephant Park,ZA-NL,28 Jul 2024,L1756570,S189310111,,1
230,32405,species,Lemon-breasted Seedeater,Crithagra citrinipectus,1,Tembe Elephant Park,ZA-NL,28 Jul 2024,L1756570,S189309354,,1
231,31275,species,Black-tailed Waxbill,Glaucestrilda perreini,1,Tembe Elephant Park,ZA-NL,28 Jul 2024,L1756570,S189309354,,1
232,30405,species,Purple-banded Sunbird,Cinnyris bifasciatus,1,Tembe Elephant Park,ZA-NL,28 Jul 2024,L1756570,S189309354,,1
233,25708,species,Southern Yellow White-eye,Zosterops anderssoni,2,Tembe Elephant Park,ZA-NL,28 Jul 2024,L1756570,S189309354,,1
234,1000,species,Southern Crested Guineafowl,Guttera edouardi,10,Tembe Elephant Park,ZA-NL,28 Jul 2024,L1756570,S189309354,,1
235,30944,species,Southern Red Bishop,Euplectes orix,200,Wetlands Game Lodge,ZA-MP,28 Jul 2024,L35235757,S189695537,,1
236,527,species,African Black Duck,Anas sparsa,2,Wetlands Game Lodge,ZA-MP,28 Jul 2024,L35235757,S189189346,,1
237,30980,species,Fan-tailed Widowbird,Euplectes axillaris,10,Wakkerstroom area (please consider more specific locations when appropriate),ZA-MP,27 Jul 2024,L930824,S189308377,,1
238,29643,species,Sentinel Rock-Thrush,Monticola explorator,2,Wakkerstroom area (please consider more specific locations when appropriate),ZA-MP,27 Jul 2024,L930824,S189308377,,1
239,27967,species,African Pied Starling,Lamprotornis bicolor,8,Wakkerstroom area (please consider more specific locations when appropriate),ZA-MP,27 Jul 2024,L930824,S189308377,,1
240,23475,species,Levaillant's Cisticola,Cisticola tinniens,3,Wakkerstroom area (please consider more specific locations when appropriate),ZA-MP,27 Jul 2024,L930824,S189308377,,1
241,11010,species,Red-throated Wryneck,Jynx ruficollis,1,Wakkerstroom area (please consider more specific locations when appropriate),ZA-MP,27 Jul 2024,L930824,S189308377,,1
242,8309,species,African Marsh Harrier,Circus ranivorus,1,Wakkerstroom area (please consider more specific locations when appropriate),ZA-MP,27 Jul 2024,L930824,S189308377,,1
243,5870,species,Black-winged Lapwing,Vanellus melanopterus,4,Wakkerstroom area (please consider more specific locations when appropriate),ZA-MP,27 Jul 2024,L930824,S189308377,,1
244,5714,species,Blue Crane,Grus paradiseus,2,Wakkerstroom area (please consider more specific locations when appropriate),ZA-MP,27 Jul 2024,L930824,S189308377,,1
245,22325,species,Spike-heeled Lark,Chersomanes albofasciata,2,"Dr Pixley Ka Isaka Seme Rural, Volksrust ZA-MP -27.09799, 30.03830",ZA-MP,27 Jul 2024,L35263213,S189307183,,1
246,31931,species,Orange-throated Longclaw,Macronyx capensis,1,"Dr Pixley Ka Isaka Seme Rural, Volksrust ZA-MP -27.05680, 30.00602",ZA-MP,27 Jul 2024,L35235669,S189188903,,1
247,29790,species,Capped Wheatear,Oenanthe pileata,1,"Dr Pixley Ka Isaka Seme Rural, Volksrust ZA-MP -27.03209, 29.91169",ZA-MP,27 Jul 2024,L35235683,S189188987,,1
248,29771,species,Southern Anteater-Chat,Myrmecocichla formicivora,4,"Dr Pixley Ka Isaka Seme Rural, Volksrust ZA-MP -27.03209, 29.91169",ZA-MP,27 Jul 2024,L35235683,S189188987,,1
249,22775,species,Red-capped Lark,Calandrella cinerea,1,"Dr Pixley Ka Isaka Seme Rural, Volksrust ZA-MP -27.03209, 29.91169",ZA-MP,27 Jul 2024,L35235683,S189188987,,1
250,7779,species,Black-headed Heron,Ardea melanocephala,1,"Dr Pixley Ka Isaka Seme Rural, Volksrust ZA-MP -27.03209, 29.91169",ZA-MP,27 Jul 2024,L35235683,S189188987,,1
251,662,species,Southern Pochard,Netta erythrophthalma,4,"Dr Pixley Ka Isaka Seme Rural, Volksrust ZA-MP -27.03209, 29.91169",ZA-MP,27 Jul 2024,L35235683,S189188987,,1
252,530,species,Yellow-billed Duck,Anas undulata,18,"Dr Pixley Ka Isaka Seme Rural, Volksrust ZA-MP -27.03209, 29.91169",ZA-MP,27 Jul 2024,L35235683,S189188987,,1
253,497,species,Cape Shoveler,Spatula smithii,4,"Dr Pixley Ka Isaka Seme Rural, Volksrust ZA-MP -27.03209, 29.91169",ZA-MP,27 Jul 2024,L35235683,S189188987,,1
254,423,species,South African Shelduck,Tadorna cana,2,"Dr Pixley Ka Isaka Seme Rural, Volksrust ZA-MP -27.03209, 29.91169",ZA-MP,27 Jul 2024,L35235683,S189188987,,1
255,31582,species,Cape Sparrow,Passer melanurus,4,Chrissiesmeer,ZA-MP,27 Jul 2024,L11115142,S189188763,,1
256,6095,species,African Snipe,Gallinago nigripennis,1,Chrissiesmeer,ZA-MP,27 Jul 2024,L11115142,S189188763,,1
257,30393,species,Marico Sunbird,Cinnyris mariquensis,1,Marloth Park,ZA-MP,27 Jul 2024,L2634488,S189307103,,1
258,28448,species,Kurrichane Thrush,Turdus libonyana,1,Marloth Park,ZA-MP,27 Jul 2024,L2634488,S189307103,,1
259,11733,species,Golden-tailed Woodpecker,Campethera abingoni,1,Marloth Park,ZA-MP,27 Jul 2024,L2634488,S189307103,,1
260,28957,species,Bearded Scrub-Robin,Tychaedon quadrivirgata,1,Marloth Park,ZA-MP,26 Jul 2024,L2634488,S188934555,,1
261,9436,species,Red-faced Mousebird,Urocolius indicus,5,Marloth Park,ZA-MP,26 Jul 2024,L2634488,S188934555,,1
263,5948,species,White-fronted Plover,Anarhynchus marginatus,1,Marloth Park,ZA-MP,26 Jul 2024,L2634488,S188934555,,1
264,3304,species,Klaas's Cuckoo,Chrysococcyx klaas,1,Marloth Park,ZA-MP,26 Jul 2024,L2634488,S188934555,,1
265,2050,species,Red-eyed Dove,Streptopelia semitorquata,3,Marloth Park,ZA-MP,26 Jul 2024,L2634488,S188934555,,1
266,24023,species,Gray-rumped Swallow,Pseudhirundo griseopyga,5,Kruger NP--Crocodile Bridge Camp,ZA-MP,26 Jul 2024,L1084264,S189306982,,1
267,10336,species,Purple Roller,Coracias naevius,1,"Nhlowa Road, Nkomazi ZA-MP -25.32790, 31.90566",ZA-MP,26 Jul 2024,L35171689,S188934642,,1
268,30997,species,Grosbeak Weaver,Amblyospiza albifrons,1,Kruger NP--Lower Sabie Rest Camp,ZA-MP,26 Jul 2024,L2054682,S189306671,,1
269,24423,species,Terrestrial Brownbul,Phyllastrephus terrestris,1,Kruger NP--Lower Sabie Rest Camp,ZA-MP,26 Jul 2024,L2054682,S189306671,,1
270,23017,species,Green-backed Camaroptera,Camaroptera brachyura,1,Kruger NP--Lower Sabie Rest Camp,ZA-MP,26 Jul 2024,L2054682,S189306671,,1
271,2151,species,Emerald-spotted Wood-Dove,Turtur chalcospilos,2,"Gomondwane Loop, Nkomazi ZA-MP -25.27696, 31.88180",ZA-MP,26 Jul 2024,L35235469,S189187949,,1
272,20034,species,Brubru,Nilaus afer,1,"Gomondwane Loop, Nkomazi ZA-MP -25.25811, 31.88390",ZA-MP,26 Jul 2024,L35235461,S189187890,,1
273,9618,species,Green Woodhoopoe,Phoeniculus purpureus,4,"Gomondwane Loop, Nkomazi ZA-MP -25.25811, 31.88390",ZA-MP,26 Jul 2024,L35235461,S189187890,,1
274,8758,species,African Scops-Owl,Otus senegalensis,2,Kruger NP--Crocodile River Rd (between Crocodile Bridge and S108),ZA-MP,25 Jul 2024,L14146954,S188794577,,1
275,3682,species,Fiery-necked Nightjar,Caprimulgus pectoralis,2,Kruger NP--Crocodile River Rd (between Crocodile Bridge and S108),ZA-MP,25 Jul 2024,L14146954,S188794577,,1
276,32780,species,Cinnamon-breasted Bunting,Emberiza tahapisi,1,Kruger NP--S28,ZA-MP,25 Jul 2024,L6873944,S188787024,,1
278,30786,species,Spectacled Weaver,Ploceus ocularis,1,Kruger NP--Ntandanyathi Hide,ZA-MP,25 Jul 2024,L4047690,S188786975,,1
279,20781,species,African Paradise-Flycatcher,Terpsiphone viridis,1,Kruger NP--Ntandanyathi Hide,ZA-MP,25 Jul 2024,L4047690,S188786975,,1
280,30817,species,Lesser Masked-Weaver,Ploceus intermedius,1,Kruger NP--Lower Sabie Rest Camp,ZA-MP,25 Jul 2024,L2054682,S188786903,,1
281,29225,species,White-browed Robin-Chat,Cossypha heuglini,1,Kruger NP--Lower Sabie Rest Camp,ZA-MP,25 Jul 2024,L2054682,S188786903,,1
282,24307,species,Sombre Greenbul,Andropadus importunus,2,Kruger NP--Lower Sabie Rest Camp,ZA-MP,25 Jul 2024,L2054682,S188786903,,1
283,591,species,Red-billed Duck,Anas erythrorhyncha,1,Kruger NP--Lower Sabie Rest Camp,ZA-MP,25 Jul 2024,L2054682,S188786903,,1
284,24037,species,Plain Martin,Riparia paludicola,4,Kruger NP--Sunset Dam,ZA-MP,25 Jul 2024,L1363300,S188782933,,1
285,7529,species,African Spoonbill,Platalea alba,2,Kruger NP--Sunset Dam,ZA-MP,25 Jul 2024,L1363300,S188782933,,1
286,4178,species,African Palm Swift,Cypsiurus parvus,5,Kruger NP--Sunset Dam,ZA-MP,25 Jul 2024,L1363300,S188782933,,1
287,7780,species,Goliath Heron,Ardea goliath,1,"Sabie River Road, Nkomazi ZA-MP -24.98861, 31.76692",ZA-MP,25 Jul 2024,L35138700,S188782994,,1
288,7935,species,Hooded Vulture,Necrosyrtes monachus,5,"Sabie River Road, Nkomazi ZA-MP -24.96523, 31.74331",ZA-MP,25 Jul 2024,L35137498,S188777981,,1
289,7996,species,Brown Snake-Eagle,Circaetus cinereus,1,Kruger NP--Tshokwane Road,ZA-MP,25 Jul 2024,L951316,S188777882,,1
290,24209,species,Wire-tailed Swallow,Hirundo smithii,2,Kruger NP--Orpen Dam,ZA-MP,25 Jul 2024,L951311,S188783059,,1
291,9997,species,Malachite Kingfisher,Corythornis cristatus,1,Kruger NP--Orpen Dam,ZA-MP,25 Jul 2024,L951311,S188783059,,1
292,27978,species,Greater Blue-eared Starling,Lamprotornis chalybaeus,20,Kruger NP--Tshokwane,ZA-MP,25 Jul 2024,L951299,S188782884,,1
293,2043,species,Mourning Collared-Dove,Streptopelia decipiens,1,Kruger NP--Tshokwane,ZA-MP,25 Jul 2024,L951299,S188782884,,1
294,24265,species,Mosque Swallow,Cecropis senegalensis,5,Kruger NP--Kumana Dam,ZA-MP,25 Jul 2024,L2058014,S188783035,,1
295,30754,species,Red-headed Weaver,Anaplectes rubriceps,1,Kruger NP--Satara Camp,ZA-MP,25 Jul 2024,L949367,S188777210,,1
296,30706,species,Red-billed Buffalo-Weaver,Bubalornis niger,2,Kruger NP--Satara Camp,ZA-MP,25 Jul 2024,L949367,S188777210,,1
297,27828,species,Wattled Starling,Creatophora cinerea,2,Kruger NP--Satara Camp,ZA-MP,25 Jul 2024,L949367,S188777210,,1
298,22240,species,Southern Black-Tit,Melaniparus niger,2,Kruger NP--Satara Camp,ZA-MP,25 Jul 2024,L949367,S188777210,,1
299,20169,species,Sulphur-breasted Bushshrike,Chlorophoneus sulfureopectus,1,Kruger NP--Satara Camp,ZA-MP,25 Jul 2024,L949367,S188777210,,1
300,9647,species,Common Scimitarbill,Rhinopomastus cyanomelas,1,Kruger NP--Satara Camp,ZA-MP,25 Jul 2024,L949367,S188777210,,1
301,9403,species,Speckled Mousebird,Colius striatus,5,Kruger NP--Satara Camp,ZA-MP,25 Jul 2024,L949367,S188777210,,1
302,8966,species,Verreaux's Eagle-Owl,Ketupa lactea,1,"S127, Bushbuckridge ZA-MP -24.26130, 31.72436",ZA-MP,24 Jul 2024,L35089256,S188589138,,1
303,31416,species,African Firefinch,Lagonosticta rubricata,1,Kruger NP--S39 (H1-4 to Timbavati),ZA-MP,24 Jul 2024,L2978713,S188595427,,1
304,31383,species,Green-winged Pytilia,Pytilia melba,2,Kruger NP--S39 (H1-4 to Timbavati),ZA-MP,24 Jul 2024,L2978713,S188595427,,1
305,28916,species,Fiscal Flycatcher,Sigelus silens,1,Kruger NP--S39 (H1-4 to Timbavati),ZA-MP,24 Jul 2024,L2978713,S188595427,,1
306,28848,species,Marico Flycatcher,Bradornis mariquensis,1,Kruger NP--S39 (H1-4 to Timbavati),ZA-MP,24 Jul 2024,L2978713,S188595427,,1
307,20192,species,Gray-headed Bushshrike,Malaconotus blanchoti,1,Kruger NP--S39 (H1-4 to Timbavati),ZA-MP,24 Jul 2024,L2978713,S188595427,,1
308,20071,species,Black-crowned Tchagra,Tchagra senegalus,2,Kruger NP--S39 (H1-4 to Timbavati),ZA-MP,24 Jul 2024,L2978713,S188595427,,1
309,24339,species,Yellow-bellied Greenbul,Chlorocichla flaviventris,1,Kruger NP--Olifants Camp (Camp only),ZA-LP,24 Jul 2024,L27669800,S188593950,,1
310,24254,species,Lesser Striped Swallow,Cecropis abyssinica,1,Kruger NP--Olifants Camp (Camp only),ZA-LP,24 Jul 2024,L27669800,S188593950,,1
311,5867,species,White-crowned Lapwing,Vanellus albiceps,1,Kruger NP--Olifants Camp (Camp only),ZA-LP,24 Jul 2024,L27669800,S188593950,,1
312,22880,species,Long-billed Crombec,Sylvietta rufescens,1,Kruger NP--Olifants to Balule/S92,ZA-LP,24 Jul 2024,L6970418,S188593383,,1
313,9780,species,White-fronted Bee-eater,Merops bullockoides,1,Kruger NP--Olifants to Balule/S92,ZA-LP,24 Jul 2024,L6970418,S188593383,,1
314,8098,species,Gabar Goshawk,Micronisus gabar,2,Kruger NP--Olifants to Balule/S92,ZA-LP,24 Jul 2024,L6970418,S188593383,,1
315,7285,species,African Woolly-necked Stork,Ciconia microscelis,1,Kruger NP--Olifants River Bridge near Balule,ZA-MP,24 Jul 2024,L11258764,S188593179,,1
316,31816,species,Plain-backed Pipit,Anthus leucophrys,1,Kruger NP--S90 (S41 to S89),ZA-MP,24 Jul 2024,L6135514,S188592872,,1
317,31766,species,African Pipit,Anthus cinnamomeus,1,Kruger NP--S90 (S41 to S89),ZA-MP,24 Jul 2024,L6135514,S188592872,,1
319,22408,species,Chestnut-backed Sparrow-Lark,Eremopterix leucotis,20,Kruger NP--S90 (S41 to S89),ZA-MP,24 Jul 2024,L6135514,S188592872,,1
320,31409,species,Red-billed Firefinch,Lagonosticta senegala,4,Kruger NP--S41/Gudzani Rd,ZA-MP,24 Jul 2024,L3972904,S188592094,,1
321,27988,species,Cape Starling,Lamprotornis nitens,2,Kruger NP--S41/Gudzani Rd,ZA-MP,24 Jul 2024,L3972904,S188592094,,1
322,23405,species,Rattling Cisticola,Cisticola chiniana,1,Kruger NP--S41/Gudzani Rd,ZA-MP,24 Jul 2024,L3972904,S188592094,,1
323,22434,species,Sabota Lark,Calendulauda sabota,1,Kruger NP--S41/Gudzani Rd,ZA-MP,24 Jul 2024,L3972904,S188592094,,1
324,20083,species,Brown-crowned Tchagra,Tchagra australis,1,Kruger NP--S41/Gudzani Rd,ZA-MP,24 Jul 2024,L3972904,S188592094,,1
325,7931,species,Lappet-faced Vulture,Torgos tracheliotos,1,Kruger NP--S41/Gudzani Rd,ZA-MP,24 Jul 2024,L3972904,S188592094,,1
326,7929,species,White-headed Vulture,Trigonoceps occipitalis,4,Kruger NP--S41/Gudzani Rd,ZA-MP,24 Jul 2024,L3972904,S188592094,,1
327,7308,species,Yellow-billed Stork,Mycteria ibis,1,Kruger NP--S41/Gudzani Rd,ZA-MP,24 Jul 2024,L3972904,S188592094,,1
328,2918,species,Kori Bustard,Ardeotis kori,3,Kruger NP--S41/Gudzani Rd,ZA-MP,24 Jul 2024,L3972904,S188592094,,1
329,2159,species,Namaqua Dove,Oena capensis,1,Kruger NP--S41/Gudzani Rd,ZA-MP,24 Jul 2024,L3972904,S188592094,,1
330,31717,species,African Pied Wagtail,Motacilla aguimp,3,Kruger NP--Gudzani Dam,ZA-MP,24 Jul 2024,L12057711,S188591061,,1
331,10307,species,Pied Kingfisher,Ceryle rudis,1,Kruger NP--Gudzani Dam,ZA-MP,24 Jul 2024,L12057711,S188591061,,1
332,7673,species,Little Heron,Butorides atricapilla,1,Kruger NP--Gudzani Dam,ZA-MP,24 Jul 2024,L12057711,S188591061,,1
333,7280,species,African Openbill,Anastomus lamelligerus,2,Kruger NP--Gudzani Dam,ZA-MP,24 Jul 2024,L12057711,S188591061,,1
334,5587,species,Black Crake,Zapornia flavirostra,2,Kruger NP--Gudzani Dam,ZA-MP,24 Jul 2024,L12057711,S188591061,,1
335,240,species,White-faced Whistling-Duck,Dendrocygna viduata,8,Kruger NP--Gudzani Dam,ZA-MP,24 Jul 2024,L12057711,S188591061,,1
336,31935,species,Yellow-throated Longclaw,Macronyx croceus,1,Kruger NP--S100,ZA-MP,24 Jul 2024,L3143582,S188590280,,1
337,27681,species,Yellow-billed Oxpecker,Buphagus africanus,2,Kruger NP--S100,ZA-MP,24 Jul 2024,L3143582,S188590280,,1
338,26680,species,Arrow-marked Babbler,Turdoides jardineii,4,Kruger NP--S100,ZA-MP,24 Jul 2024,L3143582,S188590280,,1
339,19905,species,White-crested Helmetshrike,Prionops plumatus,3,Kruger NP--S100,ZA-MP,24 Jul 2024,L3143582,S188590280,,1
340,12781,species,Brown-headed Parrot,Poicephalus cryptoxanthus,1,Kruger NP--S100,ZA-MP,24 Jul 2024,L3143582,S188590280,,1
341,10293,species,Giant Kingfisher,Megaceryle maxima,1,Kruger NP--S100,ZA-MP,24 Jul 2024,L3143582,S188590280,,1
342,9664,species,African Gray Hornbill,Lophoceros nasutus,2,Kruger NP--S100,ZA-MP,24 Jul 2024,L3143582,S188590280,,1
343,8374,species,African Fish-Eagle,Icthyophaga vocifer,1,Kruger NP--S100,ZA-MP,24 Jul 2024,L3143582,S188590280,,1
344,8033,species,Martial Eagle,Polemaetus bellicosus,1,Kruger NP--S100,ZA-MP,24 Jul 2024,L3143582,S188590280,,1
345,7941,species,Cape Griffon,Gyps coprotheres,1,Kruger NP--S100,ZA-MP,24 Jul 2024,L3143582,S188590280,,1
346,7300,species,Saddle-billed Stork,Ephippiorhynchus senegalensis,1,Kruger NP--S100,ZA-MP,24 Jul 2024,L3143582,S188590280,,1
347,3114,species,Burchell's Coucal,Centropus burchellii,1,Kruger NP--S100,ZA-MP,24 Jul 2024,L3143582,S188590280,,1
348,2548,species,African Green-Pigeon,Treron calvus,3,Kruger NP--S100,ZA-MP,24 Jul 2024,L3143582,S188590280,,1
349,1632,species,Crested Francolin,Ortygornis sephaena,2,Kruger NP--S100,ZA-MP,24 Jul 2024,L3143582,S188590280,,1
350,7303,species,Marabou Stork,Leptoptilos crumenifer,14,"Orpen Satara Road, Bushbuckridge ZA-MP -24.39342, 31.71540",ZA-MP,23 Jul 2024,L35063281,S188420041,,1
351,6005,species,African Jacana,Actophilornis africanus,1,"Orpen Satara Road, Bushbuckridge ZA-MP -24.39342, 31.71540",ZA-MP,23 Jul 2024,L35063281,S188420041,,1
352,5845,species,Three-banded Plover,Thinornis tricollaris,5,"Orpen Satara Road, Bushbuckridge ZA-MP -24.39342, 31.71540",ZA-MP,23 Jul 2024,L35063281,S188420041,,1
353,5747,species,Water Thick-knee,Burhinus vermiculatus,8,"Orpen Satara Road, Bushbuckridge ZA-MP -24.39342, 31.71540",ZA-MP,23 Jul 2024,L35063281,S188420041,,1
354,4136,species,Little Swift,Apus affinis,200,"Orpen Satara Road, Bushbuckridge ZA-MP -24.39342, 31.71540",ZA-MP,23 Jul 2024,L35063281,S188420041,,1
355,396,species,Knob-billed Duck,Sarkidiornis melanotos,2,"Orpen Satara Road, Bushbuckridge ZA-MP -24.39342, 31.71540",ZA-MP,23 Jul 2024,L35063281,S188420041,,1
356,32756,species,Golden-breasted Bunting,Emberiza flaviventris,3,Kruger NP--H7/Orpen-Satara Road,ZA-MP,23 Jul 2024,L950653,S188419227,,1
357,32368,species,Yellow-fronted Canary,Crithagra mozambica,2,Kruger NP--H7/Orpen-Satara Road,ZA-MP,23 Jul 2024,L950653,S188419227,,1
358,31359,species,Southern Cordonbleu,Uraeginthus angolensis,2,Kruger NP--H7/Orpen-Satara Road,ZA-MP,23 Jul 2024,L950653,S188419227,,1
359,23492,species,Croaking Cisticola,Cisticola natalensis,1,Kruger NP--H7/Orpen-Satara Road,ZA-MP,23 Jul 2024,L950653,S188419227,,1
360,21168,species,White-crowned Shrike,Eurocephalus anguitimens,5,Kruger NP--H7/Orpen-Satara Road,ZA-MP,23 Jul 2024,L950653,S188419227,,1
361,10632,species,Pied Barbet,Tricholaema leucomelas,1,Kruger NP--H7/Orpen-Satara Road,ZA-MP,23 Jul 2024,L950653,S188419227,,1
362,10535,species,Crested Barbet,Trachyphonus vaillantii,1,Kruger NP--H7/Orpen-Satara Road,ZA-MP,23 Jul 2024,L950653,S188419227,,1
363,9007,species,Pearl-spotted Owlet,Glaucidium perlatum,4,Kruger NP--H7/Orpen-Satara Road,ZA-MP,23 Jul 2024,L950653,S188419227,,1
364,8075,species,African Hawk-Eagle,Aquila spilogaster,1,Kruger NP--H7/Orpen-Satara Road,ZA-MP,23 Jul 2024,L950653,S188419227,,1
365,8054,species,Tawny Eagle,Aquila rapax,1,Kruger NP--H7/Orpen-Satara Road,ZA-MP,23 Jul 2024,L950653,S188419227,,1
366,8044,species,Wahlberg's Eagle,Hieraaetus wahlbergi,1,Kruger NP--H7/Orpen-Satara Road,ZA-MP,23 Jul 2024,L950653,S188419227,,1
367,7985,species,Bateleur,Terathopius ecaudatus,3,Kruger NP--H7/Orpen-Satara Road,ZA-MP,23 Jul 2024,L950653,S188419227,,1
368,7785,species,Hamerkop,Scopus umbretta,1,Kruger NP--H7/Orpen-Satara Road,ZA-MP,23 Jul 2024,L950653,S188419227,,1
369,5873,species,Crowned Lapwing,Vanellus coronatus,2,Kruger NP--H7/Orpen-Satara Road,ZA-MP,23 Jul 2024,L950653,S188419227,,1
370,2970,species,Gray Go-away-bird,Crinifer concolor,18,Kruger NP--H7/Orpen-Satara Road,ZA-MP,23 Jul 2024,L950653,S188419227,,1
371,2952,species,Red-crested Bustard,Lophotis ruficrista,1,Kruger NP--H7/Orpen-Satara Road,ZA-MP,23 Jul 2024,L950653,S188419227,,1
372,2901,species,Double-banded Sandgrouse,Pterocles bicinctus,2,Kruger NP--H7/Orpen-Satara Road,ZA-MP,23 Jul 2024,L950653,S188419227,,1
373,1836,species,Swainson's Spurfowl,Pternistis swainsonii,20,Kruger NP--H7/Orpen-Satara Road,ZA-MP,23 Jul 2024,L950653,S188419227,,1
374,1824,species,Natal Spurfowl,Pternistis natalensis,2,Kruger NP--H7/Orpen-Satara Road,ZA-MP,23 Jul 2024,L950653,S188419227,,1
375,977,species,Helmeted Guineafowl,Numida meleagris,30,Kruger NP--H7/Orpen-Satara Road,ZA-MP,23 Jul 2024,L950653,S188419227,,1
376,27948,species,Burchell's Starling,Lamprotornis australis,2,Kruger NP--Orpen Rest Camp,ZA-LP,23 Jul 2024,L950638,S188417750,,1
377,27680,species,Red-billed Oxpecker,Buphagus erythroryncha,6,Kruger NP--Orpen Rest Camp,ZA-LP,23 Jul 2024,L950638,S188417750,,1
378,9783,species,Little Bee-eater,Merops pusillus,1,Kruger NP--Orpen Rest Camp,ZA-LP,23 Jul 2024,L950638,S188417750,,1
379,9678,species,Southern Red-billed Hornbill,Tockus rufirostris,1,Kruger NP--Orpen Rest Camp,ZA-LP,23 Jul 2024,L950638,S188417750,,1
380,21037,species,Magpie Shrike,Urolestes melanoleucus,2,"R531, Bushbuckridge ZA-MP -24.54882, 31.35122",ZA-MP,23 Jul 2024,L35062394,S188416770,,1
381,24170,species,Pearl-breasted Swallow,Hirundo dimidiata,3,"403–407 Python Street, Hoedspruit ZA-LP (-24.3524,30.9564)",ZA-LP,23 Jul 2024,L35062295,S188416379,,1
382,7938,species,White-backed Vulture,Gyps africanus,2,"403–407 Python Street, Hoedspruit ZA-LP (-24.3524,30.9564)",ZA-LP,23 Jul 2024,L35062295,S188416379,,1
383,9672,species,Southern Yellow-billed Hornbill,Tockus leucomelas,1,"R36, Hoedspruit ZA-LP -24.39112, 30.66302",ZA-LP,23 Jul 2024,L35062145,S188415783,,1
384,28425,species,Groundscraper Thrush,Turdus litsitsirupa,1,"Blyde River Canyon Nature Reserve, Sabie ZA-MP -24.58192, 30.77146",ZA-MP,23 Jul 2024,L35062113,S188415632,,1
385,23278,species,Tawny-flanked Prinia,Prinia subflava,2,"Blyde River Canyon Nature Reserve, Sabie ZA-MP -24.58192, 30.77146",ZA-MP,23 Jul 2024,L35062113,S188415632,,1
386,10103,species,Brown-hooded Kingfisher,Halcyon albiventris,1,"Blyde River Canyon Nature Reserve, Sabie ZA-MP -24.58192, 30.77146",ZA-MP,23 Jul 2024,L35062113,S188415632,,1
387,32449,species,Streaky-headed Seedeater,Crithagra gularis,2,Blyde River Canyon Resort,ZA-MP,23 Jul 2024,L950185,S188348478,,1
388,31844,species,Striped Pipit,Anthus lineiventris,3,Blyde River Canyon Resort,ZA-MP,23 Jul 2024,L950185,S188348478,,1
389,31593,species,Southern Gray-headed Sparrow,Passer diffusus,2,Blyde River Canyon Resort,ZA-MP,23 Jul 2024,L950185,S188348478,,1
390,31225,species,Swee Waxbill,Coccopygia melanotis,3,Blyde River Canyon Resort,ZA-MP,23 Jul 2024,L950185,S188348478,,1
391,30796,species,Cape Weaver,Ploceus capensis,7,Blyde River Canyon Resort,ZA-MP,23 Jul 2024,L950185,S188348478,,1
393,30434,species,White-bellied Sunbird,Cinnyris talatala,1,Blyde River Canyon Resort,ZA-MP,23 Jul 2024,L950185,S188348478,,1
394,30376,species,Greater Double-collared Sunbird,Cinnyris afer,10,Blyde River Canyon Resort,ZA-MP,23 Jul 2024,L950185,S188348478,,1
395,30263,species,Amethyst Sunbird,Chalcomitra amethystina,4,Blyde River Canyon Resort,ZA-MP,23 Jul 2024,L950185,S188348478,,1
396,30197,species,Collared Sunbird,Hedydipna collaris,2,Blyde River Canyon Resort,ZA-MP,23 Jul 2024,L950185,S188348478,,1
397,29830,species,Familiar Chat,Oenanthe familiaris,7,Blyde River Canyon Resort,ZA-MP,23 Jul 2024,L950185,S188348478,,1
398,29757,species,Mocking Cliff-Chat,Thamnolaea cinnamomeiventris,3,Blyde River Canyon Resort,ZA-MP,23 Jul 2024,L950185,S188348478,,1
399,29663,species,Cape Rock-Thrush,Monticola rupestris,2,Blyde River Canyon Resort,ZA-MP,23 Jul 2024,L950185,S188348478,,1
400,29217,species,White-throated Robin-Chat,Dessonornis humeralis,1,Blyde River Canyon Resort,ZA-MP,23 Jul 2024,L950185,S188348478,,1
401,28978,species,White-browed Scrub-Robin,Cercotrichas leucophrys,1,Blyde River Canyon Resort,ZA-MP,23 Jul 2024,L950185,S188348478,,1
402,28896,species,Gray Tit-Flycatcher,Fraseria plumbea,2,Blyde River Canyon Resort,ZA-MP,23 Jul 2024,L950185,S188348478,,1
403,28804,species,African Dusky Flycatcher,Muscicapa adusta,1,Blyde River Canyon Resort,ZA-MP,23 Jul 2024,L950185,S188348478,,1
404,28453,species,Olive Thrush,Turdus olivaceus,5,Blyde River Canyon Resort,ZA-MP,23 Jul 2024,L950185,S188348478,,1
405,27911,species,Red-winged Starling,Onychognathus morio,6,Blyde River Canyon Resort,ZA-MP,23 Jul 2024,L950185,S188348478,,1
406,25703,species,Cape White-eye,Zosterops virens,15,Blyde River Canyon Resort,ZA-MP,23 Jul 2024,L950185,S188348478,,1
407,24720,species,Common Bulbul,Pycnonotus barbatus,12,Blyde River Canyon Resort,ZA-MP,23 Jul 2024,L950185,S188348478,,1
408,24157,species,Southern Crag-Martin,Ptyonoprogne fuligula,2,Blyde River Canyon Resort,ZA-MP,23 Jul 2024,L950185,S188348478,,1
409,23391,species,Rock-loving Cisticola,Cisticola aberrans,1,Blyde River Canyon Resort,ZA-MP,23 Jul 2024,L950185,S188348478,,1
410,23086,species,Yellow-breasted Apalis,Apalis flavida,5,Blyde River Canyon Resort,ZA-MP,23 Jul 2024,L950185,S188348478,,1
411,20122,species,Southern Boubou,Laniarius ferrugineus,4,Blyde River Canyon Resort,ZA-MP,23 Jul 2024,L950185,S188348478,,1
412,20050,species,Black-backed Puffback,Dryoscopus cubla,2,Blyde River Canyon Resort,ZA-MP,23 Jul 2024,L950185,S188348478,,1
413,19875,species,Chinspot Batis,Batis molitor,1,Blyde River Canyon Resort,ZA-MP,23 Jul 2024,L950185,S188348478,,1
414,19864,species,Cape Batis,Batis capensis,1,Blyde River Canyon Resort,ZA-MP,23 Jul 2024,L950185,S188348478,,1
415,19676,species,African Black-headed Oriole,Oriolus larvatus,2,Blyde River Canyon Resort,ZA-MP,23 Jul 2024,L950185,S188348478,,1
416,12101,species,Lanner Falcon,Falco biarmicus,1,Blyde River Canyon Resort,ZA-MP,23 Jul 2024,L950185,S188348478,,1
417,11289,species,Cardinal Woodpecker,Dendropicos fuscescens,1,Blyde River Canyon Resort,ZA-MP,23 Jul 2024,L950185,S188348478,,1
418,10666,species,Black-collared Barbet,Lybius torquatus,8,Blyde River Canyon Resort,ZA-MP,23 Jul 2024,L950185,S188348478,,1
419,10600,species,Yellow-rumped Tinkerbird,Pogoniulus bilineatus,1,Blyde River Canyon Resort,ZA-MP,23 Jul 2024,L950185,S188348478,,1
420,7854,species,African Harrier-Hawk,Polyboroides typus,1,Blyde River Canyon Resort,ZA-MP,23 Jul 2024,L950185,S188348478,,1
421,7507,species,Southern Bald Ibis,Geronticus calvus,20,Blyde River Canyon Resort,ZA-MP,23 Jul 2024,L950185,S188348478,,1
422,21622,species,White-necked Raven,Corvus albicollis,1,"Emakhazeni, Belfast ZA-MP (-25.3622,29.8099)",ZA-MP,22 Jul 2024,L35029131,S188278025,,1
423,10332,species,Lilac-breasted Roller,Coracias caudatus,1,"Emakhazeni, Belfast ZA-MP (-25.3456,29.8881)",ZA-MP,22 Jul 2024,L35029093,S188277881,,1
424,29690,species,African Stonechat,Saxicola torquatus,1,"Emakhazeni, Belfast ZA-MP (-25.3589,29.8201)",ZA-MP,22 Jul 2024,L35029060,S188277786,,1
425,20415,species,Fork-tailed Drongo,Dicrurus adsimilis,1,"Emakhazeni, Belfast ZA-MP (-25.3589,29.8201)",ZA-MP,22 Jul 2024,L35029060,S188277786,,1
426,30716,species,White-browed Sparrow-Weaver,Plocepasser mahali,4,"Elias Motsoaledi Rural, Groblersdal ZA-LP (-25.2668,30.0042)",ZA-LP,22 Jul 2024,L35029032,S188277636,,1
427,27859,species,Common Myna,Acridotheres tristis,2,"Emakhazeni, Belfast ZA-MP (-25.3794,29.8555)",ZA-MP,22 Jul 2024,L35029003,S188277522,N,1
428,21551,species,Cape Crow,Corvus capensis,4,"Fetakgomo-Greater Tubatse Rural, Fetakgomo Tubatse ZA-LP (-24.9233,30.4633)",ZA-LP,22 Jul 2024,L35028947,S188277292,,1
429,8541,species,Jackal Buzzard,Buteo rufofuscus,1,"R36, Sabie ZA-MP (-25.4155,30.3402)",ZA-MP,22 Jul 2024,L35028905,S188277134,,1
430,7830,species,Secretarybird,Sagittarius serpentarius,1,"N4, Belfast ZA-MP (-25.6217,30.2630)",ZA-MP,22 Jul 2024,L35028877,S188277026,,1
431,31668,species,Cape Wagtail,Motacilla capensis,3,Alzu Rest Stop,ZA-MP,22 Jul 2024,L2345747,S188278393,,1
432,30923,species,Red-billed Quelea,Quelea quelea,30,Alzu Rest Stop,ZA-MP,22 Jul 2024,L2345747,S188278393,,1
433,30821,species,Southern Masked-Weaver,Ploceus velatus,6,Alzu Rest Stop,ZA-MP,22 Jul 2024,L2345747,S188278393,,1
434,12009,species,Rock Kestrel,Falco rupicolus,1,Alzu Rest Stop,ZA-MP,22 Jul 2024,L2345747,S188278393,,1
435,7381,species,Reed Cormorant,Microcarbo africanus,1,Alzu Rest Stop,ZA-MP,22 Jul 2024,L2345747,S188278393,,1
436,417,species,Egyptian Goose,Alopochen aegyptiaca,1,Alzu Rest Stop,ZA-MP,22 Jul 2024,L2345747,S188278393,,1
437,21146,species,Southern Fiscal,Lanius collaris,2,"N4 ZA-MP (-25.8319,29.6832)",ZA-MP,22 Jul 2024,L35024905,S188262529,,1
438,2,species,Common Ostrich,Struthio camelus,15,"N4 ZA-MP (-25.8319,29.6832)",ZA-MP,22 Jul 2024,L35024905,S188262529,,1
439,7516,species,Hadada Ibis,Bostrychia hagedash,5,"N4 ZA-MP (-25.8286,29.5410)",ZA-MP,22 Jul 2024,L35024817,S188262150,,1
440,2051,species,Ring-necked Dove,Streptopelia capicola,15,"N4 ZA-MP (-25.8286,29.5410)",ZA-MP,22 Jul 2024,L35024817,S188262150,,1
441,1876,species,Speckled Pigeon,Columba guinea,100,"N4 ZA-MP (-25.8286,29.5410)",ZA-MP,22 Jul 2024,L35024817,S188262150,,1
442,21616,species,Pied Crow,Corvus albus,1,"N12, Delmas ZA-MP (-26.0705,28.7554)",ZA-MP,22 Jul 2024,L35024712,S188261771,,1
443,7491,species,African Sacred Ibis,Threskiornis aethiopicus,1,"N12, Delmas ZA-MP (-26.0705,28.7554)",ZA-MP,22 Jul 2024,L35024712,S188261771,,1
444,5860,species,Blacksmith Lapwing,Vanellus armatus,1,"N12, Delmas ZA-MP (-26.0705,28.7554)",ZA-MP,22 Jul 2024,L35024712,S188261771,,1
445,752,species,Smew,Mergellus albellus,1,Station d'épuration (N),FR-NAQ,20 May 2024,L40499850,S214845774,,1
446,32831,species,Rustic Bunting,Emberiza rustica,1,Île d’ouessant,FR-BRE,23 Oct 2023,L27644744,S152922789,,1
447,21054,species,Brown Shrike,Lanius cristatus,1,Ouessant--Lampaul,FR-BRE,22 Oct 2023,L3224606,S152853752,,1
448,5826,species,Eurasian Dotterel,Eudromias morinellus,1,Ile de Ré--Phare des Baleines,FR-NAQ,04 Sep 2023,L955747,S148938582,,1
449,6665,species,Sooty Tern,Onychoprion fuscatus,1,Port de la Palmyre,FR-NAQ,29 Jul 2023,L31344305,S172365952,,1
451,33594,species,Red-breasted Meadowlark,Leistes militaris,2,Tocumen International Airport,PA-8,13 Jul 2023,L1531826,S144539723,,1
452,8633,species,American Barn Owl,Tyto furcata,1,Tocumen International Airport,PA-8,13 Jul 2023,L1531826,S144539723,,1
453,5896,species,Southern Lapwing,Vanellus chilensis,2,Tocumen International Airport,PA-8,13 Jul 2023,L1531826,S144539723,,1
454,11962,species,Crested Caracara,Caracara plancus,1,"Auto selected -2.24039, -80.77380",EC-SE,12 Jul 2023,L25888411,S144364154,,1
455,6806,species,Chilean Flamingo,Phoenicopterus chilensis,8,Pacoa--Salt Ponds (humedales) and vicinity,EC-SE,12 Jul 2023,L2120653,S144363368,,1
456,6735,species,South American Tern,Sterna hirundinacea,30,Pacoa--Salt Ponds (humedales) and vicinity,EC-SE,12 Jul 2023,L2120653,S144363368,,1
457,6217,species,Baird's Sandpiper,Calidris bairdii,1,Pacoa--Salt Ponds (humedales) and vicinity,EC-SE,12 Jul 2023,L2120653,S144363368,,1
458,5799,species,American Oystercatcher,Haematopus palliatus,5,Pacoa--Salt Ponds (humedales) and vicinity,EC-SE,12 Jul 2023,L2120653,S144363368,,1
459,6533,species,Kelp Gull,Larus dominicanus,40,Salinas,EC-SE,12 Jul 2023,L25888025,S144362513,,1
460,6480,species,Gray-hooded Gull,Chroicocephalus cirrocephalus,200,Salinas,EC-SE,12 Jul 2023,L25888025,S144362513,,1
462,35819,species,Streaked Saltator,Saltator striatipectus,1,Puerto López--Vía hacia la comunidad El Pital,EC-M,12 Jul 2023,L9840819,S144362018,,1
463,35731,species,Dull-colored Grassquit,Asemospiza obscura,1,Puerto López--Vía hacia la comunidad El Pital,EC-M,12 Jul 2023,L9840819,S144362018,,1
464,35583,species,Yellow-bellied Seedeater,Sporophila nigricollis,8,Puerto López--Vía hacia la comunidad El Pital,EC-M,12 Jul 2023,L9840819,S144362018,,1
465,27498,species,Speckle-breasted Wren,Pheugopedius sclateri,1,Puerto López--Vía hacia la comunidad El Pital,EC-M,12 Jul 2023,L9840819,S144362018,,1
466,11496,species,Scarlet-backed Woodpecker,Veniliornis callonotus,1,Puerto López--Vía hacia la comunidad El Pital,EC-M,12 Jul 2023,L9840819,S144362018,,1
467,34331,species,Gray-and-gold Warbler,Myiothlypis fraseri,1,P.N. Machalilla--Río Blanco,EC-M,12 Jul 2023,L7367367,S144326194,,1
468,34308,species,Buff-rumped Warbler,Myiothlypis fulvicauda,3,P.N. Machalilla--Río Blanco,EC-M,12 Jul 2023,L7367367,S144326194,,1
469,33051,species,Orange-billed Sparrow,Arremon aurantiirostris,2,P.N. Machalilla--Río Blanco,EC-M,12 Jul 2023,L7367367,S144326194,,1
470,13740,species,Slaty Antwren,Myrmotherula schisticolor,5,P.N. Machalilla--Río Blanco,EC-M,12 Jul 2023,L7367367,S144326194,,1
471,11566,species,Guayaquil Woodpecker,Campephilus gayaquilensis,1,P.N. Machalilla--Río Blanco,EC-M,12 Jul 2023,L7367367,S144326194,,1
472,19051,species,Rufous-browed Peppershrike,Cyclarhis gujanensis,2,P.N. Machalilla--Agua Blanca,EC-M,11 Jul 2023,L999130,S144276606,,1
473,15586,species,Necklaced Spinetail,Synallaxis stictothorax,10,P.N. Machalilla--Agua Blanca,EC-M,11 Jul 2023,L999130,S144276606,,1
474,14921,species,Streak-headed Woodcreeper,Lepidocolaptes souleyetii,1,P.N. Machalilla--Agua Blanca,EC-M,11 Jul 2023,L999130,S144276606,,1
475,13627,species,Plain Antvireo,Dysithamnus mentalis,2,P.N. Machalilla--Agua Blanca,EC-M,11 Jul 2023,L999130,S144276606,,1
476,8445,species,Harris's Hawk,Parabuteo unicinctus,2,P.N. Machalilla--Agua Blanca,EC-M,11 Jul 2023,L999130,S144276606,,1
477,8391,species,Crane Hawk,Geranospiza caerulescens,2,P.N. Machalilla--Agua Blanca,EC-M,11 Jul 2023,L999130,S144276606,,1
478,3027,species,Groove-billed Ani,Crotophaga sulcirostris,8,P.N. Machalilla--Agua Blanca,EC-M,11 Jul 2023,L999130,S144276606,,1
479,955,species,Rufous-headed Chachalaca,Ortalis erythroptera,2,P.N. Machalilla--Agua Blanca,EC-M,11 Jul 2023,L999130,S144276606,,1
480,34546,species,Golden Grosbeak,Pheucticus chrysogaster,2,Puerto López--Vía hacia la comunidad El Pital,EC-M,11 Jul 2023,L9840819,S144275903,,1
481,32652,species,Saffron Siskin,Spinus siemiradzkii,8,Puerto López--Vía hacia la comunidad El Pital,EC-M,11 Jul 2023,L9840819,S144275903,,1
482,24116,species,Southern Rough-winged Swallow,Stelgidopteryx ruficollis,3,Puerto López--Vía hacia la comunidad El Pital,EC-M,11 Jul 2023,L9840819,S144275903,,1
483,17379,species,Boat-billed Flycatcher,Megarynchus pitangua,1,Puerto López--Vía hacia la comunidad El Pital,EC-M,11 Jul 2023,L9840819,S144275903,,1
484,17317,species,Sooty-crowned Flycatcher,Myiarchus phaeocephalus,1,Puerto López--Vía hacia la comunidad El Pital,EC-M,11 Jul 2023,L9840819,S144275903,,1
485,16904,species,Tumbes Pewee,Contopus punensis,1,Puerto López--Vía hacia la comunidad El Pital,EC-M,11 Jul 2023,L9840819,S144275903,,1
486,16821,species,Fulvous-faced Scrub-Tyrant,Euscarthmus fulviceps,8,Puerto López--Vía hacia la comunidad El Pital,EC-M,11 Jul 2023,L9840819,S144275903,,1
487,16669,species,Pacific Elaenia,Myiopagis subplacens,1,Puerto López--Vía hacia la comunidad El Pital,EC-M,11 Jul 2023,L9840819,S144275903,,1
488,16429,species,Common Tody-Flycatcher,Todirostrum cinereum,1,Puerto López--Vía hacia la comunidad El Pital,EC-M,11 Jul 2023,L9840819,S144275903,,1
489,13532,species,Collared Antshrike,Thamnophilus bernardi,1,Puerto López--Vía hacia la comunidad El Pital,EC-M,11 Jul 2023,L9840819,S144275903,,1
491,4169,species,Lesser Swallow-tailed Swift,Panyptila cayennensis,4,Puerto López--Vía hacia la comunidad El Pital,EC-M,11 Jul 2023,L9840819,S144275903,,1
492,2388,species,West Peruvian Dove,Zenaida meloda,3,Puerto López--Vía hacia la comunidad El Pital,EC-M,11 Jul 2023,L9840819,S144275903,,1
493,2368,species,Pallid Dove,Leptotila pallida,5,Puerto López--Vía hacia la comunidad El Pital,EC-M,11 Jul 2023,L9840819,S144275903,,1
494,7071,species,Wedge-rumped Storm-Petrel,Hydrobates tethys,2,PN Machalilla--Pelágico hacia la Isla de la Plata,EC-M,10 Jul 2023,L860850,S144185450,,1
495,6446,species,Swallow-tailed Gull,Creagrus furcatus,1,PN Machalilla--Pelágico hacia la Isla de la Plata,EC-M,10 Jul 2023,L860850,S144185450,,1
496,35525,species,Parrot-billed Seedeater,Sporophila peruviana,2,PN Machalilla--Isla de la Plata,EC-M,10 Jul 2023,L11369966,S144193458,,1
497,17450,species,Snowy-throated Kingbird,Tyrannus niveigularis,1,PN Machalilla--Isla de la Plata,EC-M,10 Jul 2023,L11369966,S144193458,,1
498,7338,species,Red-footed Booby,Sula sula,3,PN Machalilla--Isla de la Plata,EC-M,10 Jul 2023,L11369966,S144193458,,1
499,7362,species,Peruvian Booby,Sula variegata,1,PN Machalilla--Pelágico hacia la Isla de la Plata,EC-M,10 Jul 2023,L860850,S144185973,,1
500,7355,species,Nazca Booby,Sula granti,3,PN Machalilla--Pelágico hacia la Isla de la Plata,EC-M,10 Jul 2023,L860850,S144185973,,1
501,7345,species,Cocos Booby,Sula brewsteri,1,PN Machalilla--Pelágico hacia la Isla de la Plata,EC-M,10 Jul 2023,L860850,S144185973,,1
502,7137,species,Galapagos Petrel,Pterodroma phaeopygia,1,PN Machalilla--Pelágico hacia la Isla de la Plata,EC-M,10 Jul 2023,L860850,S144185973,,1
504,33649,species,Yellow-rumped Cacique,Cacicus cela,1,Puerto López--Vía hacia la comunidad El Pital,EC-M,09 Jul 2023,L9840819,S144078845,,1
505,17428,species,Baird's Flycatcher,Myiodynastes bairdii,1,Puerto López--Vía hacia la comunidad El Pital,EC-M,09 Jul 2023,L9840819,S144078845,,1
506,8474,species,Gray-lined Hawk,Buteo nitidus,1,Puerto López--Vía hacia la comunidad El Pital,EC-M,09 Jul 2023,L9840819,S144078845,,1
507,6789,species,Royal Tern,Thalasseus maximus,30,Whale Watching Tour,EC-M,09 Jul 2023,L25819223,S144080916,,1
508,7799,species,Peruvian Pelican,Pelecanus thagus,5,"Puerto López--Playa, muelle y malecón (Waterfront)",EC-M,09 Jul 2023,L8157607,S144080452,,1
509,7792,species,Brown Pelican,Pelecanus occidentalis,5,"Puerto López--Playa, muelle y malecón (Waterfront)",EC-M,09 Jul 2023,L8157607,S144080452,,1
510,7437,species,Guanay Cormorant,Leucocarbo bougainvilliorum,10,"Puerto López--Playa, muelle y malecón (Waterfront)",EC-M,09 Jul 2023,L8157607,S144080452,,1
511,7358,species,Blue-footed Booby,Sula nebouxii,20,"Puerto López--Playa, muelle y malecón (Waterfront)",EC-M,09 Jul 2023,L8157607,S144080452,,1
512,6719,species,Inca Tern,Larosterna inca,5,"Puerto López--Playa, muelle y malecón (Waterfront)",EC-M,09 Jul 2023,L8157607,S144080452,,1
513,28095,species,Long-tailed Mockingbird,Mimus longicaudatus,1,"E483, Jipijapa EC-Province de Manabí -1.36632, -80.64343",EC-M,08 Jul 2023,L25786930,S143960160,,1
514,7462,species,White Ibis,Eudocimus albus,7,"Auto selected -2.43847, -79.65204",EC-G,08 Jul 2023,L25776341,S143921677,,1
515,7315,species,Magnificent Frigatebird,Fregata magnificens,1,"Auto selected -2.43847, -79.65204",EC-G,08 Jul 2023,L25776341,S143921677,,1
516,5933,species,Collared Plover,Anarhynchus collaris,4,"Auto selected -2.43847, -79.65204",EC-G,08 Jul 2023,L25776341,S143921677,,1
517,33061,species,Black-capped Sparrow,Arremon abeillei,1,Manglares Churute--Sendero Aulladores,EC-G,08 Jul 2023,L6536326,S143943940,,1
518,27117,species,White-browed Gnatcatcher,Polioptila bilineata,2,Manglares Churute--Sendero Aulladores,EC-G,08 Jul 2023,L6536326,S143943940,,1
519,19273,species,Chivi Vireo,Vireo chivi,2,Manglares Churute--Sendero Aulladores,EC-G,08 Jul 2023,L6536326,S143943940,,1
520,16101,species,Tropical Royal Flycatcher,Onychorhynchus coronatus,1,Manglares Churute--Sendero Aulladores,EC-G,08 Jul 2023,L6536326,S143943940,,1
521,15772,species,White-bearded Manakin,Manacus manacus,1,Manglares Churute--Sendero Aulladores,EC-G,08 Jul 2023,L6536326,S143943940,,1
522,14613,species,Olivaceous Woodcreeper,Sittasomus griseicapillus,1,Manglares Churute--Sendero Aulladores,EC-G,08 Jul 2023,L6536326,S143943940,,1
523,35560,species,Variable Seedeater,Sporophila corvina,2,"Via a Reserva Ecológica Manglares Churute, Naranjal EC-Province de Guayas -2.42412, -79.63027",EC-G,08 Jul 2023,L25776171,S143921088,,1
524,13203,species,Red-masked Parakeet,Psittacara erythrogenys,21,"Churute Mangroves Ecological Reserve, Naranjal EC-Province de Guayas -2.45414, -79.62769",EC-G,08 Jul 2023,L25782585,S143944225,,1
525,4725,species,Long-billed Starthroat,Heliomaster longirostris,1,"Churute Mangroves Ecological Reserve, Naranjal EC-Province de Guayas -2.45414, -79.62769",EC-G,08 Jul 2023,L25782585,S143944225,,1
526,35528,species,Chestnut-throated Seedeater,Sporophila telasco,4,By Pass 2 Sector Churute,EC-G,08 Jul 2023,L4685701,S143942563,,1
527,33596,species,Peruvian Meadowlark,Leistes bellicosus,2,By Pass 2 Sector Churute,EC-G,08 Jul 2023,L4685701,S143942563,,1
529,24102,species,Brown-chested Martin,Progne tapera,1,By Pass 2 Sector Churute,EC-G,08 Jul 2023,L4685701,S143942563,,1
530,17162,species,Masked Water-Tyrant,Fluvicola nengeta,1,By Pass 2 Sector Churute,EC-G,08 Jul 2023,L4685701,S143942563,,1
531,16554,species,Southern Beardless-Tyrannulet,Camptostoma obsoletum,5,By Pass 2 Sector Churute,EC-G,08 Jul 2023,L4685701,S143942563,,1
532,7591,species,Yellow-crowned Night Heron,Nyctanassa violacea,3,By Pass 2 Sector Churute,EC-G,08 Jul 2023,L4685701,S143942563,,1
533,7367,species,Anhinga,Anhinga anhinga,3,By Pass 2 Sector Churute,EC-G,08 Jul 2023,L4685701,S143942563,,1
534,5123,species,Amazilia Hummingbird,Amazilis amazilia,1,By Pass 2 Sector Churute,EC-G,08 Jul 2023,L4685701,S143942563,,1
535,2285,species,Croaking Ground Dove,Columbina cruziana,1,By Pass 2 Sector Churute,EC-G,08 Jul 2023,L4685701,S143942563,,1
536,585,species,White-cheeked Pintail,Anas bahamensis,5,By Pass 2 Sector Churute,EC-G,08 Jul 2023,L4685701,S143942563,,1
537,445,species,Muscovy Duck,Cairina moschata,5,By Pass 2 Sector Churute,EC-G,08 Jul 2023,L4685701,S143942563,,1
538,243,species,Black-bellied Whistling-Duck,Dendrocygna autumnalis,150,By Pass 2 Sector Churute,EC-G,08 Jul 2023,L4685701,S143942563,,1
539,232,species,Horned Screamer,Anhima cornuta,6,By Pass 2 Sector Churute,EC-G,08 Jul 2023,L4685701,S143942563,,1
540,35477,species,Saffron Finch,Sicalis flaveola,2,Hacienda Cacao y Mango,EC-G,07 Jul 2023,L25781575,S143940576,,1
541,27426,species,Fasciated Wren,Campylorhynchus fasciatus,2,Hacienda Cacao y Mango,EC-G,07 Jul 2023,L25781575,S143940576,,1
542,24093,species,Gray-breasted Martin,Progne chalybea,1,Hacienda Cacao y Mango,EC-G,07 Jul 2023,L25781575,S143940576,,1
543,15036,species,Pacific Hornero,Furnarius cinnamomeus,2,Hacienda Cacao y Mango,EC-G,07 Jul 2023,L25781575,S143940576,,1
544,13000,species,Pacific Parrotlet,Forpus coelestis,2,Hacienda Cacao y Mango,EC-G,07 Jul 2023,L25781575,S143940576,,1
545,11852,species,Golden-olive Woodpecker,Colaptes rubiginosus,1,Hacienda Cacao y Mango,EC-G,07 Jul 2023,L25781575,S143940576,,1
546,10316,species,Green Kingfisher,Chloroceryle americana,1,Hacienda Cacao y Mango,EC-G,07 Jul 2023,L25781575,S143940576,,1
547,9055,species,Peruvian Pygmy-Owl,Glaucidium peruanum,2,Hacienda Cacao y Mango,EC-G,07 Jul 2023,L25781575,S143940576,,1
548,5515,species,Purple Gallinule,Porphyrio martinica,1,Hacienda Cacao y Mango,EC-G,07 Jul 2023,L25781575,S143940576,,1
549,3026,species,Smooth-billed Ani,Crotophaga ani,3,Hacienda Cacao y Mango,EC-G,07 Jul 2023,L25781575,S143940576,,1
550,8430,species,Roadside Hawk,Rupornis magnirostris,1,"Auto selected -2.38839, -79.61486",EC-G,07 Jul 2023,L25759162,S143852752,,1
551,2275,species,Ecuadorian Ground Dove,Columbina buckleyi,1,"E25, Yaguachi EC-Province de Guayas -2.18223, -79.61812",EC-G,07 Jul 2023,L25781435,S143940018,,1
552,33844,species,Scrub Blackbird,Dives warczewiczi,2,"E25, San Francisco de Milagro EC-Province de Guayas -2.16007, -79.61987",EC-G,07 Jul 2023,L25781396,S143939920,,1
553,8419,species,Savanna Hawk,Buteogallus meridionalis,2,"E25, San Francisco de Milagro EC-Province de Guayas -2.08502, -79.63660",EC-G,07 Jul 2023,L25781374,S143939862,,1
554,7306,species,Wood Stork,Mycteria americana,17,"Troncal de la Costa, Alfredo Baqueriz EC-Province de Guayas -1.91910, -79.56947",EC-G,07 Jul 2023,L25759183,S143852807,,1
555,33864,species,Great-tailed Grackle,Quiscalus mexicanus,1,Santuario Baquerizo Moreno,EC-G,07 Jul 2023,L6780499,S143939789,,1
556,10301,species,Ringed Kingfisher,Megaceryle torquata,1,Santuario Baquerizo Moreno,EC-G,07 Jul 2023,L6780499,S143939789,,1
557,8403,species,Snail Kite,Rostrhamus sociabilis,3,Santuario Baquerizo Moreno,EC-G,07 Jul 2023,L6780499,S143939789,,1
558,7669,species,Striated Heron,Butorides striata,1,Santuario Baquerizo Moreno,EC-G,07 Jul 2023,L6780499,S143939789,,1
559,5671,species,Limpkin,Aramus guarauna,6,Santuario Baquerizo Moreno,EC-G,07 Jul 2023,L6780499,S143939789,,1
560,7629,species,Little Blue Heron,Egretta caerulea,1,"Vía a Montalvo, Babahoyo EC-Province de Los Ríos -1.81586, -79.46920",EC-R,07 Jul 2023,L25781291,S143939514,,1
561,249,species,Fulvous Whistling-Duck,Dendrocygna bicolor,2,"Vía a Montalvo, Babahoyo EC-Province de Los Ríos -1.81586, -79.46920",EC-R,07 Jul 2023,L25781291,S143939514,,1
562,7533,species,Roseate Spoonbill,Platalea ajaja,2,"Vía a Montalvo, Babahoyo EC-Province de Los Ríos -1.82266, -79.45984",EC-R,07 Jul 2023,L25781205,S143939203,,1
563,5989,species,Wattled Jacana,Jacana jacana,1,"Vía a Montalvo, Babahoyo EC-Province de Los Ríos -1.83561, -79.43929",EC-R,07 Jul 2023,L25781159,S143939038,,1
564,7762,species,Cocoi Heron,Ardea cocoi,1,"Vía a Montalvo, Montalvo EC-Province de Los Ríos -1.85026, -79.40084",EC-R,07 Jul 2023,L25781111,S143938865,,1
565,7645,species,Snowy Egret,Egretta thula,1,"Vía a Montalvo, Montalvo EC-Province de Los Ríos -1.85026, -79.40084",EC-R,07 Jul 2023,L25781111,S143938865,,1
566,5770,species,Black-necked Stilt,Himantopus mexicanus,1,"Vía a Montalvo, Montalvo EC-Province de Los Ríos -1.85026, -79.40084",EC-R,07 Jul 2023,L25781111,S143938865,,1
567,15336,species,Andean Tit-Spinetail,Leptasthenura andicola,2,Chimborazo Lodge,EC-H,07 Jul 2023,L25780780,S143938455,,1
568,15403,species,Streak-backed Canastero,Asthenes wyatti,5,Chimborazo Lodge,EC-H,06 Jul 2023,L25780780,S143937642,,1
569,8910,species,Great Horned Owl,Bubo virginianus,1,Chimborazo Lodge,EC-H,06 Jul 2023,L25780780,S143937642,,1
570,7843,species,White-tailed Kite,Elanus leucurus,1,"Auto selected -1.52039, -78.74543",EC-H,06 Jul 2023,L25759197,S143852848,,1
571,9133,species,Burrowing Owl,Athene cunicularia,1,"Auto selected -0.86853, -78.63948",EC-X,06 Jul 2023,L25759700,S143854881,,1
572,17029,species,Vermilion Flycatcher,Pyrocephalus rubinus,3,"9 de Octubre, Saquisilí EC-Province de Cotopaxi -0.84791, -78.66643",EC-X,06 Jul 2023,L25759250,S143853078,,1
573,15108,species,Stout-billed Cinclodes,Cinclodes excelsior,2,PN Cotopaxi--Laguna Limpiopungo y alrededores,EC-P,05 Jul 2023,L1856443,S143680576,,1
574,17130,species,Black-billed Shrike-Tyrant,Agriornis montanus,1,PN Cotopaxi--área general (favor de usar una localidad más específica cuando sea posible),EC-X,05 Jul 2023,L471631,S143680440,,1
575,16609,species,Tufted Tit-Tyrant,Anairetes parulus,5,Hacienda Los Mortinos,EC-P,04 Jul 2023,L18092679,S143681833,,1
576,34387,species,Spectacled Redstart,Myioborus melanocephalus,10,Cascadas Rumibosque,EC-P,04 Jul 2023,L10111625,S143680260,,1
577,33041,species,Gray-browed Brushfinch,Arremon assimilis,2,Cascadas Rumibosque,EC-P,04 Jul 2023,L10111625,S143680260,,1
578,27674,species,White-capped Dipper,Cinclus leucocephalus,2,Cascadas Rumibosque,EC-P,04 Jul 2023,L10111625,S143680260,,1
579,17194,species,Rufous-breasted Chat-Tyrant,Ochthoeca rufipectoralis,3,Cascadas Rumibosque,EC-P,04 Jul 2023,L10111625,S143680260,,1
580,17148,species,Streak-throated Bush-Tyrant,Myiotheretes striaticollis,3,Cascadas Rumibosque,EC-P,04 Jul 2023,L10111625,S143680260,,1
581,15893,species,Red-crested Cotinga,Ampelion rubrocristatus,2,Cascadas Rumibosque,EC-P,04 Jul 2023,L10111625,S143680260,,1
582,15304,species,Pearled Treerunner,Margarornis squamiger,1,Cascadas Rumibosque,EC-P,04 Jul 2023,L10111625,S143680260,,1
583,11874,species,Crimson-mantled Woodpecker,Colaptes rivolii,1,Cascadas Rumibosque,EC-P,04 Jul 2023,L10111625,S143680260,,1
584,1966,species,Band-tailed Pigeon,Patagioenas fasciata,4,Cascadas Rumibosque,EC-P,04 Jul 2023,L10111625,S143680260,,1
585,35265,species,Cinereous Conebill,Conirostrum cinereum,1,Tambo Cóndor Bird Lodge,EC-P,04 Jul 2023,L3166153,S143526254,,1
586,3549,species,Band-winged Nightjar,Systellura longirostris,1,Tambo Cóndor Bird Lodge,EC-P,03 Jul 2023,L3166153,S143497814,,1
587,7431,species,Neotropic Cormorant,Nannopterum brasilianum,1,"PN Antisana--Micacocha, control y alrededores",EC-N,03 Jul 2023,L635406,S143470291,,1
588,6882,species,Silvery Grebe,Podiceps occipitalis,10,"PN Antisana--Micacocha, control y alrededores",EC-N,03 Jul 2023,L635406,S143470291,,1
589,5506,species,Slate-colored Coot,Fulica ardesiaca,3,"PN Antisana--Micacocha, control y alrededores",EC-N,03 Jul 2023,L635406,S143470291,,1
590,35620,species,Plain-colored Seedeater,Catamenia inornata,3,PN Antisana--pradera de los ibis y alrededores,EC-N,03 Jul 2023,L2761741,S143470199,,1
591,35376,species,Plumbeous Sierra Finch,Geospizopsis unicolor,20,PN Antisana--pradera de los ibis y alrededores,EC-N,03 Jul 2023,L2761741,S143470199,,1
592,31911,species,Paramo Pipit,Anthus bogotensis,5,PN Antisana--pradera de los ibis y alrededores,EC-N,03 Jul 2023,L2761741,S143470199,,1
593,17202,species,Brown-backed Chat-Tyrant,Ochthoeca fumicolor,1,PN Antisana--pradera de los ibis y alrededores,EC-N,03 Jul 2023,L2761741,S143470199,,1
594,17103,species,Plain-capped Ground-Tyrant,Muscisaxicola alpinus,1,PN Antisana--pradera de los ibis y alrededores,EC-N,03 Jul 2023,L2761741,S143470199,,1
595,15395,species,Many-striped Canastero,Asthenes flammulata,1,PN Antisana--pradera de los ibis y alrededores,EC-N,03 Jul 2023,L2761741,S143470199,,1
596,15092,species,Chestnut-winged Cinclodes,Cinclodes albidiventris,7,PN Antisana--pradera de los ibis y alrededores,EC-N,03 Jul 2023,L2761741,S143470199,,1
597,7488,species,Andean Ibis,Theristicus branickii,3,PN Antisana--pradera de los ibis y alrededores,EC-N,03 Jul 2023,L2761741,S143470199,,1
598,5902,species,Andean Lapwing,Vanellus resplendens,8,PN Antisana--pradera de los ibis y alrededores,EC-N,03 Jul 2023,L2761741,S143470199,,1
599,4487,species,Ecuadorian Hillstar,Oreotrochilus chimborazo,3,PN Antisana--pradera de los ibis y alrededores,EC-N,03 Jul 2023,L2761741,S143470199,,1
600,2302,species,Black-winged Ground Dove,Metriopelia melanoptera,3,PN Antisana--pradera de los ibis y alrededores,EC-N,03 Jul 2023,L2761741,S143470199,,1
601,14286,species,Tawny Antpitta,Grallaria quitensis,1,"Auto selected -0.46822, -78.31534",EC-P,03 Jul 2023,L25666843,S143470421,,1
602,4502,species,Black-tailed Trainbearer,Lesbia victoriae,1,"Auto selected -0.46822, -78.31534",EC-P,03 Jul 2023,L25666843,S143470421,,1
603,35281,species,Black Flowerpiercer,Diglossa humeralis,2,Tambo Cóndor Bird Lodge,EC-P,02 Jul 2023,L3166153,S143427197,,1
604,32638,species,Hooded Siskin,Spinus magellanicus,1,Tambo Cóndor Bird Lodge,EC-P,02 Jul 2023,L3166153,S143427197,,1
605,8322,species,Cinereous Harrier,Circus cinereus,1,Tambo Cóndor Bird Lodge,EC-P,02 Jul 2023,L3166153,S143427197,,1
606,6470,species,Andean Gull,Chroicocephalus serranus,10,Tambo Cóndor Bird Lodge,EC-P,02 Jul 2023,L3166153,S143427197,,1
607,4668,species,Great Sapphirewing,Pterophanes cyanopterus,1,Tambo Cóndor Bird Lodge,EC-P,02 Jul 2023,L3166153,S143427197,,1
608,4604,species,Shining Sunbeam,Aglaeactis cupripennis,4,Tambo Cóndor Bird Lodge,EC-P,02 Jul 2023,L3166153,S143427197,,1
609,780,species,Andean Duck,Oxyura ferruginea,10,Tambo Cóndor Bird Lodge,EC-P,02 Jul 2023,L3166153,S143427197,,1
610,626,species,Andean Teal,Anas andium,2,Tambo Cóndor Bird Lodge,EC-P,02 Jul 2023,L3166153,S143427197,,1
611,606,species,Yellow-billed Pintail,Anas georgica,25,Tambo Cóndor Bird Lodge,EC-P,02 Jul 2023,L3166153,S143427197,,1
612,27304,species,Grass Wren,Cistothorus platensis,1,Tambo Cóndor Bird Lodge,EC-P,02 Jul 2023,L3166153,S143427262,,1
613,11973,species,Carunculated Caracara,Daptrius carunculatus,2,Tambo Cóndor Bird Lodge,EC-P,02 Jul 2023,L3166153,S143427262,,1
614,8458,species,Black-chested Buzzard-Eagle,Geranoaetus melanoleucus,1,Tambo Cóndor Bird Lodge,EC-P,02 Jul 2023,L3166153,S143427262,,1
615,7810,species,Andean Condor,Vultur gryphus,1,Tambo Cóndor Bird Lodge,EC-P,02 Jul 2023,L3166153,S143427262,,1
616,4718,species,Giant Hummingbird,Patagona gigas,1,Tambo Cóndor Bird Lodge,EC-P,02 Jul 2023,L3166153,S143427262,,1
617,28101,species,Tropical Mockingbird,Mimus gilvus,1,Mitad del Mundo,EC-P,02 Jul 2023,L792537,S143427330,,1
618,2400,species,Eared Dove,Zenaida auriculata,3,Mitad del Mundo,EC-P,02 Jul 2023,L792537,S143427330,,1
619,2325,species,White-tipped Dove,Leptotila verreauxi,2,Mitad del Mundo,EC-P,02 Jul 2023,L792537,S143427330,,1
620,33081,species,Chestnut-capped Brushfinch,Arremon brunneinucha,2,Séptimo Paraiso,EC-P,02 Jul 2023,L859792,S143429306,,1
621,14055,species,Zeledon's Antbird,Hafferia zeledoni,2,Séptimo Paraiso,EC-P,02 Jul 2023,L859792,S143429306,,1
623,9157,species,Mottled Owl,Strix virgata,1,Séptimo Paraiso,EC-P,01 Jul 2023,L859792,S143297260,,1
624,4976,species,Crowned Woodnymph,Thalurania colombica,1,Mindo--Biohostal,EC-P,01 Jul 2023,L5807140,S143271193,,1
625,33817,species,Shiny Cowbird,Molothrus bonariensis,1,San Tadeo Birdwatching (Feeders),EC-P,01 Jul 2023,L9410437,S143681972,,1
626,5205,species,Violet-bellied Hummingbird,Chlorestes julie,1,San Tadeo Birdwatching (Feeders),EC-P,01 Jul 2023,L9410437,S143681972,,1
627,34999,species,Black-capped Tanager,Stilpnia heinei,1,Mindo Loma,EC-P,01 Jul 2023,L889462,S143296759,,1
628,28186,species,Andean Solitaire,Myadestes ralloides,2,Mindo Loma,EC-P,01 Jul 2023,L889462,S143296759,,1
629,27576,species,Sharpe's Wren,Cinnycerthia olivascens,1,Mindo Loma,EC-P,01 Jul 2023,L889462,S143296759,,1
630,14494,species,Rufous-breasted Antthrush,Formicarius rufipectus,1,Mindo Loma,EC-P,01 Jul 2023,L889462,S143296759,,1
631,14209,species,Moustached Antpitta,Grallaria alleni,1,Mindo Loma,EC-P,01 Jul 2023,L889462,S143296759,,1
632,862,species,Wattled Guan,Aburria aburri,1,Mindo Loma,EC-P,01 Jul 2023,L889462,S143296759,,1
633,4795,species,Purple-throated Woodstar,Philodice mitchellii,3,San Tadeo Birdwatching (Feeders),EC-P,30 Jun 2023,L9410437,S143296338,,1
634,4710,species,Empress Brilliant,Heliodoxa imperatrix,2,San Tadeo Birdwatching (Feeders),EC-P,30 Jun 2023,L9410437,S143296338,,1
635,4676,species,Velvet-purple Coronet,Boissonneaua jardini,10,San Tadeo Birdwatching (Feeders),EC-P,30 Jun 2023,L9410437,S143296338,,1
636,4357,species,Brown Violetear,Colibri delphinae,2,San Tadeo Birdwatching (Feeders),EC-P,30 Jun 2023,L9410437,S143296338,,1
637,10926,species,Yellow-throated Toucan,Ramphastos ambiguus,1,Mindo--El Viejo Roble,EC-P,30 Jun 2023,L12937466,S143295716,,1
638,1940,species,Pale-vented Pigeon,Patagioenas cayennensis,2,Mindo--El Viejo Roble,EC-P,30 Jun 2023,L12937466,S143295716,,1
639,35644,species,Bananaquit,Coereba flaveola,1,Mindo--La Casa de Cecilia,EC-P,30 Jun 2023,L8616758,S143295591,,1
640,35027,species,Blue-necked Tanager,Stilpnia cyanicollis,2,Mindo--La Casa de Cecilia,EC-P,30 Jun 2023,L8616758,S143295591,,1
641,34777,species,White-lined Tanager,Tachyphonus rufus,1,Mindo--La Casa de Cecilia,EC-P,30 Jun 2023,L8616758,S143295591,,1
642,13723,species,Pacific Antwren,Myrmotherula pacifica,1,Mindo--La Casa de Cecilia,EC-P,30 Jun 2023,L8616758,S143295591,,1
643,12874,species,Red-billed Parrot,Pionus sordidus,3,Mindo--La Casa de Cecilia,EC-P,30 Jun 2023,L8616758,S143295591,,1
644,35088,species,Bay-headed Tanager,Tangara gyrola,1,Séptimo Paraiso,EC-P,30 Jun 2023,L859792,S143295146,,1
645,32033,species,Thick-billed Euphonia,Euphonia laniirostris,1,Séptimo Paraiso,EC-P,30 Jun 2023,L859792,S143295146,,1
646,17392,species,Social Flycatcher,Myiozetetes similis,1,Séptimo Paraiso,EC-P,30 Jun 2023,L859792,S143295146,,1
648,10889,species,Pale-mandibled Aracari,Pteroglossus erythropygius,2,Séptimo Paraiso,EC-P,30 Jun 2023,L859792,S143295146,,1
649,35041,species,Beryl-spangled Tanager,Tangara nigroviridis,1,Séptimo Paraiso,EC-P,30 Jun 2023,L859792,S143283505,,1
650,34965,species,Rufous-throated Tanager,Ixothraupis rufigula,4,Séptimo Paraiso,EC-P,30 Jun 2023,L859792,S143283505,,1
651,34926,species,Glistening-green Tanager,Chlorochrysa phoenicotis,1,Séptimo Paraiso,EC-P,30 Jun 2023,L859792,S143283505,,1
652,32901,species,Dusky Chlorospingus,Chlorospingus semifuscus,2,Séptimo Paraiso,EC-P,30 Jun 2023,L859792,S143283505,,1
653,32847,species,Yellow-throated Chlorospingus,Chlorospingus flavigularis,10,Séptimo Paraiso,EC-P,30 Jun 2023,L859792,S143283505,,1
654,27612,species,Gray-breasted Wood-Wren,Henicorhina leucophrys,1,Séptimo Paraiso,EC-P,30 Jun 2023,L859792,S143283505,,1
655,16793,species,Ashy-headed Tyrannulet,Tyranniscus cinereiceps,1,Séptimo Paraiso,EC-P,30 Jun 2023,L859792,S143283505,,1
656,15712,species,Golden-winged Manakin,Masius chrysopterus,1,Séptimo Paraiso,EC-P,30 Jun 2023,L859792,S143283505,,1
657,15147,species,Scaly-throated Foliage-gleaner,Anabacerthia variegaticeps,2,Séptimo Paraiso,EC-P,30 Jun 2023,L859792,S143283505,,1
658,12895,species,Bronze-winged Parrot,Pionus chalcopterus,2,Séptimo Paraiso,EC-P,30 Jun 2023,L859792,S143283505,,1
659,10939,species,Choco Toucan,Ramphastos brevis,1,Séptimo Paraiso,EC-P,30 Jun 2023,L859792,S143283505,,1
660,9883,species,Rufous Motmot,Baryphthengus martii,1,Séptimo Paraiso,EC-P,30 Jun 2023,L859792,S143283505,,1
661,9579,species,Collared Trogon,Trogon collaris,1,Séptimo Paraiso,EC-P,30 Jun 2023,L859792,S143283505,,1
662,7921,species,Swallow-tailed Kite,Elanoides forficatus,4,Séptimo Paraiso,EC-P,30 Jun 2023,L859792,S143283505,,1
663,4702,species,Fawn-breasted Brilliant,Heliodoxa rubinoides,1,Séptimo Paraiso,EC-P,30 Jun 2023,L859792,S143283505,,1
664,4678,species,White-booted Racket-tail,Ocreatus underwoodii,1,Séptimo Paraiso,EC-P,30 Jun 2023,L859792,S143283505,,1
665,4478,species,Violet-tailed Sylph,Aglaiocercus coelestis,2,Séptimo Paraiso,EC-P,30 Jun 2023,L859792,S143283505,,1
666,884,species,Crested Guan,Penelope purpurascens,2,Séptimo Paraiso,EC-P,30 Jun 2023,L859792,S143283505,,1
667,35783,species,Buff-throated Saltator,Saltator maximus,2,Séptimo Paraiso,EC-P,30 Jun 2023,L859792,S143278712,,1
668,35137,species,Swallow Tanager,Tersina viridis,4,Séptimo Paraiso,EC-P,30 Jun 2023,L859792,S143278712,,1
669,35130,species,Silver-throated Tanager,Tangara icterocephala,1,Séptimo Paraiso,EC-P,30 Jun 2023,L859792,S143278712,,1
670,34957,species,Palm Tanager,Thraupis palmarum,2,Séptimo Paraiso,EC-P,30 Jun 2023,L859792,S143278712,,1
671,34933,species,Blue-gray Tanager,Thraupis episcopus,2,Séptimo Paraiso,EC-P,30 Jun 2023,L859792,S143278712,,1
672,28766,species,Ecuadorian Thrush,Turdus maculirostris,1,Séptimo Paraiso,EC-P,30 Jun 2023,L859792,S143278712,,1
673,27209,species,Southern House Wren,Troglodytes musculus,1,Séptimo Paraiso,EC-P,30 Jun 2023,L859792,S143278712,,1
674,17423,species,Golden-bellied Flycatcher,Myiodynastes hemichrysus,2,Séptimo Paraiso,EC-P,30 Jun 2023,L859792,S143278712,,1
675,17284,species,Dusky-capped Flycatcher,Myiarchus tuberculifer,1,Séptimo Paraiso,EC-P,30 Jun 2023,L859792,S143278712,,1
676,16802,species,Choco Tyrannulet,Zimmerius albigularis,1,Séptimo Paraiso,EC-P,30 Jun 2023,L859792,S143278712,,1
677,16535,species,Ornate Flycatcher,Myiotriccus ornatus,2,Séptimo Paraiso,EC-P,30 Jun 2023,L859792,S143278712,,1
678,16037,species,Cinnamon Becard,Pachyramphus cinnamomeus,1,Séptimo Paraiso,EC-P,30 Jun 2023,L859792,S143278712,,1
679,15514,species,Red-faced Spinetail,Cranioleuca erythrops,1,Séptimo Paraiso,EC-P,30 Jun 2023,L859792,S143278712,,1
680,14857,species,Spotted Woodcreeper,Xiphorhynchus erythropygius,1,Séptimo Paraiso,EC-P,30 Jun 2023,L859792,S143278712,,1
681,5130,species,Andean Emerald,Uranomitra franciae,1,Séptimo Paraiso,EC-P,30 Jun 2023,L859792,S143278712,,1
682,4691,species,Purple-bibbed Whitetip,Urosticte benjamini,1,Séptimo Paraiso,EC-P,30 Jun 2023,L859792,S143278712,,1
683,34796,species,Flame-rumped Tanager,Ramphocelus flammigerus,1,Séptimo Paraiso,EC-P,30 Jun 2023,L859792,S143276561,,1
684,15658,species,Rufous Spinetail,Synallaxis unirufa,1,Reserva Bellavista--general area,EC-P,29 Jun 2023,L1824147,S143106223,,1
685,3751,species,Common Potoo,Nyctibius griseus,1,Reserva Bellavista--general area,EC-P,29 Jun 2023,L1824147,S143106223,,1
686,34983,species,Golden-naped Tanager,Chalcothraupis ruficervix,2,Bellavista Cloud Forest Lodge,EC-P,29 Jun 2023,L468896,S143105885,,1
687,34889,species,Blue-winged Mountain Tanager,Anisognathus somptuosus,4,Bellavista Cloud Forest Lodge,EC-P,29 Jun 2023,L468896,S143105885,,1
688,33495,species,White-winged Brushfinch,Atlapetes leucopterus,1,Bellavista Cloud Forest Lodge,EC-P,29 Jun 2023,L468896,S143105885,,1
689,32052,species,Orange-bellied Euphonia,Euphonia xanthogaster,2,Bellavista Cloud Forest Lodge,EC-P,29 Jun 2023,L468896,S143105885,,1
690,28661,species,Glossy-black Thrush,Turdus serranus,2,Bellavista Cloud Forest Lodge,EC-P,29 Jun 2023,L468896,S143105885,,1
691,15900,species,Andean Cock-of-the-rock,Rupicola peruvianus,1,Bellavista Cloud Forest Lodge,EC-P,29 Jun 2023,L468896,S143105885,,1
692,9592,species,Masked Trogon,Trogon personatus,1,Bellavista Cloud Forest Lodge,EC-P,29 Jun 2023,L468896,S143105885,,1
693,9505,species,Golden-headed Quetzal,Pharomachrus auriceps,2,Bellavista Cloud Forest Lodge,EC-P,29 Jun 2023,L468896,S143105885,,1
694,4460,species,Speckled Hummingbird,Adelomyia melanogenys,1,Bellavista Cloud Forest Lodge,EC-P,29 Jun 2023,L468896,S143105885,,1
695,4413,species,Gorgeted Sunangel,Heliangelus strophianus,1,Bellavista Cloud Forest Lodge,EC-P,29 Jun 2023,L468896,S143105885,,1
696,35115,species,Golden Tanager,Tangara arthus,1,Bellavista Cloud Forest Lodge,EC-P,29 Jun 2023,L468896,S143105912,,1
697,34334,species,Russet-crowned Warbler,Myiothlypis coronata,4,Bellavista Cloud Forest Lodge,EC-P,29 Jun 2023,L468896,S143105912,,1
698,21210,species,Turquoise Jay,Cyanolyca turcosa,2,Bellavista Cloud Forest Lodge,EC-P,29 Jun 2023,L468896,S143105912,,1
699,10874,species,Plate-billed Mountain-Toucan,Andigena laminirostris,2,Bellavista Cloud Forest Lodge,EC-P,29 Jun 2023,L468896,S143105912,,1
700,10865,species,Crimson-rumped Toucanet,Aulacorhynchus haematopygus,2,Bellavista Cloud Forest Lodge,EC-P,29 Jun 2023,L468896,S143105912,,1
701,4672,species,Buff-tailed Coronet,Boissonneaua flavescens,10,Bellavista Cloud Forest Lodge,EC-P,29 Jun 2023,L468896,S143105912,,1
702,34270,species,Three-striped Warbler,Basileuterus tristriatus,1,"Ecoruta El Quinde, Quito EC-Province de Pichincha -0.00930, -78.67821",EC-P,29 Jun 2023,L25574279,S143104679,,1
703,34066,species,Tropical Parula,Setophaga pitiayumi,1,"Ecoruta El Quinde, Quito EC-Province de Pichincha -0.00930, -78.67821",EC-P,29 Jun 2023,L25574279,S143104679,,1
704,19253,species,Brown-capped Vireo,Vireo leucophrys,1,"Ecoruta El Quinde, Quito EC-Province de Pichincha -0.00930, -78.67821",EC-P,29 Jun 2023,L25574279,S143104679,,1
705,14946,species,Montane Woodcreeper,Lepidocolaptes lacrymiger,1,"Ecoruta El Quinde, Quito EC-Province de Pichincha -0.00930, -78.67821",EC-P,29 Jun 2023,L25574279,S143104679,,1
706,4359,species,Lesser Violetear,Colibri cyanotus,2,"Ecoruta El Quinde, Quito EC-Province de Pichincha -0.00930, -78.67821",EC-P,29 Jun 2023,L25574279,S143104679,,1
708,24128,species,Blue-and-white Swallow,Pygochelidon cyanoleuca,5,"Ecoruta El Quinde, Quito EC-Province de Pichincha (0.0027,-78.6758)",EC-P,29 Jun 2023,L25622591,S143682042,,1
709,17452,species,Tropical Kingbird,Tyrannus melancholicus,2,"Ecoruta El Quinde, Quito EC-Province de Pichincha (0.0027,-78.6758)",EC-P,29 Jun 2023,L25622591,S143682042,,1
710,7811,species,Black Vulture,Coragyps atratus,1,"Ecoruta El Quinde, Quito EC-Province de Pichincha (0.0027,-78.6758)",EC-P,29 Jun 2023,L25622591,S143682042,,1
711,4621,species,Brown Inca,Coeligena wilsoni,1,"Ecoruta El Quinde, Quito EC-Province de Pichincha (0.0027,-78.6758)",EC-P,29 Jun 2023,L25622591,S143682042,,1
712,4227,species,White-necked Jacobin,Florisuga mellivora,1,"Ecoruta El Quinde, Quito EC-Province de Pichincha (0.0027,-78.6758)",EC-P,29 Jun 2023,L25622591,S143682042,,1
713,35106,species,Flame-faced Tanager,Tangara parzudakii,2,"Via Quito-Nono, Quito EC-Province de Pichincha -0.00571, -78.66097",EC-P,29 Jun 2023,L25574657,S143106338,,1
714,34360,species,Slate-throated Redstart,Myioborus miniatus,2,"Via Quito-Nono, Quito EC-Province de Pichincha -0.00571, -78.66097",EC-P,29 Jun 2023,L25574657,S143106338,,1
715,16519,species,Cinnamon Flycatcher,Pyrrhomyias cinnamomeus,1,"Via Quito-Nono, Quito EC-Province de Pichincha -0.00571, -78.66097",EC-P,29 Jun 2023,L25574657,S143106338,,1
716,16998,species,Black Phoebe,Sayornis nigricans,1,"Ruta Tandayapa, Quito EC-Province de Pichincha -0.06980, -78.60707",EC-P,29 Jun 2023,L25718524,S143683005,,1
717,5111,species,Rufous-tailed Hummingbird,Amazilia tzacatl,1,"Ruta Tandayapa, Quito EC-Province de Pichincha -0.06980, -78.60707",EC-P,29 Jun 2023,L25718524,S143683005,,1
718,3843,species,White-collared Swift,Streptoprocne zonaris,70,"Ruta Tandayapa, Quito EC-Province de Pichincha -0.06980, -78.60707",EC-P,29 Jun 2023,L25718524,S143683005,,1
719,35330,species,Masked Flowerpiercer,Diglossa cyanea,4,Reserva Zuro Loma,EC-P,29 Jun 2023,L10223666,S143103714,,1
720,35291,species,White-sided Flowerpiercer,Diglossa albilatera,2,Reserva Zuro Loma,EC-P,29 Jun 2023,L10223666,S143103714,,1
721,35274,species,Glossy Flowerpiercer,Diglossa lafresnayii,1,Reserva Zuro Loma,EC-P,29 Jun 2023,L10223666,S143103714,,1
722,34883,species,Scarlet-bellied Mountain Tanager,Anisognathus igniventris,1,Reserva Zuro Loma,EC-P,29 Jun 2023,L10223666,S143103714,,1
723,34845,species,Blue-capped Tanager,Sporathraupis cyanocephala,3,Reserva Zuro Loma,EC-P,29 Jun 2023,L10223666,S143103714,,1
724,34839,species,Hooded Mountain Tanager,Buthraupis montana,1,Reserva Zuro Loma,EC-P,29 Jun 2023,L10223666,S143103714,,1
725,34708,species,Superciliaried Hemispingus,Thlypopsis superciliaris,1,Reserva Zuro Loma,EC-P,29 Jun 2023,L10223666,S143103714,,1
726,34307,species,Black-crested Warbler,Myiothlypis nigrocristata,1,Reserva Zuro Loma,EC-P,29 Jun 2023,L10223666,S143103714,,1
727,16578,species,White-banded Tyrannulet,Mecocerculus stictopterus,2,Reserva Zuro Loma,EC-P,29 Jun 2023,L10223666,S143103714,,1
728,14435,species,Blackish Tapaculo,Scytalopus latrans,1,Reserva Zuro Loma,EC-P,29 Jun 2023,L10223666,S143103714,,1
729,8453,species,Variable Hawk,Geranoaetus polyosoma,1,Reserva Zuro Loma,EC-P,29 Jun 2023,L10223666,S143103714,,1
730,4782,species,White-bellied Woodstar,Chaetocercus mulsant,2,Reserva Zuro Loma,EC-P,29 Jun 2023,L10223666,S143103714,,1
731,4667,species,Sword-billed Hummingbird,Ensifera ensifera,1,Reserva Zuro Loma,EC-P,29 Jun 2023,L10223666,S143103714,,1
732,4659,species,Mountain Velvetbreast,Lafresnaya lafresnayi,2,Reserva Zuro Loma,EC-P,29 Jun 2023,L10223666,S143103714,,1
733,4648,species,Buff-winged Starfrontlet,Coeligena lutetiae,2,Reserva Zuro Loma,EC-P,29 Jun 2023,L10223666,S143103714,,1
734,4589,species,Sapphire-vented Puffleg,Eriocnemis luciani,2,Reserva Zuro Loma,EC-P,29 Jun 2023,L10223666,S143103714,,1
735,4542,species,Tyrian Metaltail,Metallura tyrianthina,1,Reserva Zuro Loma,EC-P,29 Jun 2023,L10223666,S143103714,,1
736,4506,species,Green-tailed Trainbearer,Lesbia nuna,1,Reserva Zuro Loma,EC-P,29 Jun 2023,L10223666,S143103714,,1
737,33486,species,Yellow-breasted Brushfinch,Atlapetes latinuchus,1,"Auto selected -0.07045, -78.59338",EC-P,29 Jun 2023,L25573774,S143102424,,1
738,28677,species,Great Thrush,Turdus fuscater,1,"Auto selected -0.07045, -78.59338",EC-P,29 Jun 2023,L25573774,S143102424,,1
739,27448,species,Plain-tailed Wren,Pheugopedius euophrys,1,"Auto selected -0.07045, -78.59338",EC-P,29 Jun 2023,L25573774,S143102424,,1
740,16896,species,Smoke-colored Pewee,Contopus fumigatus,1,"Auto selected -0.07045, -78.59338",EC-P,29 Jun 2023,L25573774,S143102424,,1
741,33158,species,Rufous-collared Sparrow,Zonotrichia capensis,1,"Ruta Tandayapa, Quito EC-Province de Pichincha -0.07896, -78.57384",EC-P,29 Jun 2023,L25573715,S143102303,,1
742,24135,species,Brown-bellied Swallow,Orochelidon murina,6,"Ruta Tandayapa, Quito EC-Province de Pichincha -0.07896, -78.57384",EC-P,29 Jun 2023,L25573715,S143102303,,1
743,4354,species,Sparkling Violetear,Colibri coruscans,1,"Ruta Tandayapa, Quito EC-Province de Pichincha -0.07896, -78.57384",EC-P,29 Jun 2023,L25573715,S143102303,,1
744,24754,species,Red-vented Bulbul,Pycnonotus cafer,10,Costa Calma--Parque Estatal,ES-CN,08 Feb 2023,L6493821,S127884593,N,1
745,6915,species,Red-billed Tropicbird,Phaethon aethereus,1,Fuerteventura Golf Club (Acceso restringido/Restricted access),ES-CN,06 Feb 2023,L3218511,S127764762,,1
746,2877,species,Black-bellied Sandgrouse,Pterocles orientalis,5,Barranco Esquinzo,ES-CN,05 Feb 2023,L7895198,S127653196,,1
747,29670,species,Fuerteventura Stonechat,Saxicola dacotiae,2,Embalse de los Molinos,ES-CN,04 Feb 2023,L1929933,S127609304,,1
748,700,species,Lesser Scaup,Aythya affinis,1,Embalse de los Molinos,ES-CN,04 Feb 2023,L1929933,S127609304,,1
751,11209,species,Eurasian Three-toed Woodpecker,Picoides tridactylus,1,"La Chaux Sèche, Chalet Arbel et La Caserne (Chapelle des Bois-25)",FR-BFC,10 Aug 2022,L22363476,S127079584,,1
752,1418,species,Western Capercaillie,Tetrao urogallus,1,"La Chaux Sèche, Chalet Arbel et La Caserne (Chapelle des Bois-25)",FR-BFC,10 Aug 2022,L22363476,S127079584,,1
753,1298,species,Hazel Grouse,Tetrastes bonasia,5,"La Chaux Sèche, Chalet Arbel et La Caserne (Chapelle des Bois-25)",FR-BFC,09 Aug 2022,L22363476,S127036974,,1
754,8039,species,Lesser Spotted Eagle,Clanga pomarina,2,Le Varot,FR-BFC,09 Aug 2022,L22363475,S127036835,,1
755,11680,species,Iberian Green Woodpecker,Picus sharpei,5,Poblado Ubriezo,ES-CB,15 Jul 2022,L20119869,S115126867,,1
756,2864,species,Pin-tailed Sandgrouse,Pterocles alchata,4,RNN des Coussouls de Crau (RNN152),FR-PAC,28 Apr 2022,L933042,S109082469,,1
759,6815,species,Lesser Flamingo,Phoeniconaias minor,1,Camargue--Pointe de Cacharel,FR-PAC,23 Apr 2022,L6489703,S109081276,,1
760,25357,species,Moltoni's Warbler,Curruca subalpina,2,Plage des Aresquiés,FR-OCC,23 Apr 2022,L3163837,S109081206,,1
761,24792,species,Wood Warbler,Phylloscopus sibilatrix,4,Plage des Aresquiés,FR-OCC,23 Apr 2022,L3163837,S109081206,,1
762,8052,species,Imperial Eagle,Aquila heliaca,1,les Petits Pipelets,FR-PDL,29 Mar 2022,L20560953,S116995249,,1
763,31700,species,Eastern Yellow Wagtail,Motacilla tschutschensis,1,Marais de Brouage--Fousil,FR-NAQ,22 Jan 2022,L17751624,S102672722,,1
764,24805,species,Hume's Warbler,Phylloscopus humei,1,Ile de Ré--La Solitude,FR-NAQ,08 Jan 2022,L17940747,S100510312,,1
765,5894,species,Sociable Lapwing,Vanellus gregarius,1,Les Bernardières,FR-NAQ,20 Oct 2021,L20565364,S116994761,,1
766,5589,species,Baillon's Crake,Zapornia pusilla,1,Douve du Large,FR-PDL,13 Aug 2021,L20560699,S117095139,,1
768,748,species,Barrow's Goldeneye,Bucephala islandica,200,Mývatn--Álftavogur,IS-6,15 Jul 2021,L1156304,S91864849,,1
771,6124,species,Terek Sandpiper,Xenus cinereus,1,RNN de la Baie de l'Aiguillon (RNN146)--Mizottes des Vrillandes,FR-NAQ,23 May 2021,L20633314,S117132606,,1
773,384,species,Tundra Swan,Cygnus columbianus,8,Pointe Martine,FR-PAC,17 Feb 2021,L20560679,S117138521,,1
774,673,species,Ring-necked Duck,Aythya collaris,1,Réaltor,FR-PAC,17 Feb 2021,L20565325,S116995563,,1
775,9004,species,Eurasian Pygmy-Owl,Glaucidium passerinum,2,Les Champets (téléski),FR-PAC,13 Feb 2021,L20565319,S116995560,,1
776,8944,species,Eurasian Eagle-Owl,Bubo bubo,2,La Prise,FR-PAC,11 Feb 2021,L20560652,S117132602,,1
777,713,species,King Eider,Somateria spectabilis,1,Pointe de la Fumée,FR-NAQ,22 Jan 2021,L20565315,S116995558,,1
778,7556,species,Eurasian Bittern,Botaurus stellaris,1,Ile de Ré--Le Gillieux,FR-NAQ,17 Nov 2020,L7517354,S117031336,,1
779,7053,species,Leach's Storm-Petrel,Hydrobates leucorhous,1,Ile de Ré--Pointe de Grignon,FR-NAQ,27 Oct 2020,L7526960,S117139249,,1
780,31861,species,Olive-backed Pipit,Anthus hodgsoni,1,Ouessant--Mez Doun,FR-BRE,22 Oct 2020,L5050379,S117312952,,1
781,24820,species,Radde's Warbler,Phylloscopus schwarzi,1,Ouessant--Kerhéré,FR-BRE,17 Oct 2020,L12524476,S116995216,,1
783,21485,species,Northern Nutcracker,Nucifraga caryocatactes,1,Col de la Pousterle,FR-PAC,01 Jul 2020,L12788685,S117312297,,1
784,21508,species,Yellow-billed Chough,Pyrrhocorax graculus,2,Refuge des Bans,FR-PAC,27 Jun 2020,L12788659,S117377684,,1
785,32570,species,Citril Finch,Carduelis citrinella,1,Baume aux Chiens,FR-PAC,20 Jun 2020,L12788603,S117311351,,1
786,23657,species,Moustached Warbler,Acrocephalus melanopogon,1,les salins,FR-OCC,13 Jun 2020,L12788541,S117139176,,1
787,23801,species,Savi's Warbler,Locustella luscinioides,1,Prise des Groix,FR-NAQ,21 May 2020,L9473051,S80634235,,1
788,778,species,Ruddy Duck,Oxyura jamaicensis,1,Station de Lagunage de Rochefort,FR-NAQ,21 May 2020,L1263956,S117211938,N,1
789,32266,species,Trumpeter Finch,Bucanetes githagineus,2,PN Timanfaya -- Caldera Blanca,ES-CN,02 Mar 2020,L6541543,S65363112,,1
790,7283,species,Black Stork,Ciconia nigra,1,Mirador del Rio,ES-CN,01 Mar 2020,L5625297,S65328100,,1
791,421,species,Ruddy Shelduck,Tadorna ferruginea,10,Mirador del Rio,ES-CN,01 Mar 2020,L5625297,S65328100,,1
792,2071,species,Laughing Dove,Spilopelia senegalensis,1,Haría,ES-CN,01 Mar 2020,L2494915,S65327567,,1
793,22820,species,Mediterranean Short-toed Lark,Alaudala rufescens,15,Jable de Famara,ES-CN,01 Mar 2020,L3737687,S65327371,,1
794,6330,species,Cream-colored Courser,Cursorius cursor,3,Jable de Famara,ES-CN,01 Mar 2020,L3737687,S65327371,,1
795,2923,species,African Houbara,Chlamydotis undulata,4,Jable de Famara,ES-CN,01 Mar 2020,L3737687,S65327371,,1
796,21048,species,Isabelline Shrike,Lanius isabellinus,1,Ile de Ré--Les Grandes Prises,FR-NAQ,26 Oct 2019,L2310929,S117139352,,1
797,6057,species,Short-billed Dowitcher,Limnodromus griseus,1,Dundalk Bay--Soldier's Point and Navvy Bank Walk,IE-L,24 Oct 2019,L7596055,S60891691,,1
800,5456,species,Spotted Crake,Porzana porzana,1,Station de Lagunage de Rochefort--Bassin LPO (B),FR-NAQ,07 Sep 2019,L7526973,S117393861,,1
801,26565,species,Red-billed Leiothrix,Leiothrix lutea,5,Les Sentiers du Roy et Rue du Moulin,FR-NAQ,24 Aug 2019,L7008799,S82303809,N,1
802,5468,species,Common Gallinule,Gallinula galeata,1,RNF du Cap-Tourmente--secteur de la Petite-Ferme,CA-QC,24 Jul 2019,L1440758,S58593389,,1
803,6462,species,Bonaparte's Gull,Chroicocephalus philadelphia,3,Pointe à John,CA-QC,23 Jul 2019,L1022951,S58593325,,1
804,34133,species,Chestnut-sided Warbler,Setophaga pensylvanica,4,PN du Fjord-du-Saguenay--Pointe de l'Islet (incluant quai),CA-QC,22 Jul 2019,L3717492,S58405764,,1
805,33099,species,Fox Sparrow,Passerella iliaca,1,Parc du Petit-Bois,CA-QC,21 Jul 2019,L2965785,S58354701,,1
806,32324,species,Purple Finch,Haemorhous purpureus,3,Parc du Petit-Bois,CA-QC,21 Jul 2019,L2965785,S58354701,,1
807,27295,species,Winter Wren,Troglodytes hiemalis,1,Parc du Petit-Bois,CA-QC,21 Jul 2019,L2965785,S58354701,,1
808,33972,species,Tennessee Warbler,Leiothlypis peregrina,6,Parc du Petit-Bois,CA-QC,20 Jul 2019,L2965785,S58329514,,1
809,33310,species,Lincoln's Sparrow,Melospiza lincolnii,1,Parc du Petit-Bois,CA-QC,20 Jul 2019,L2965785,S58329514,,1
810,32595,species,Pine Siskin,Spinus pinus,4,Parc du Petit-Bois,CA-QC,20 Jul 2019,L2965785,S58329514,,1
811,32085,species,Evening Grosbeak,Hesperiphona vespertina,2,Parc du Petit-Bois,CA-QC,20 Jul 2019,L2965785,S58329514,,1
812,8256,species,Sharp-shinned Hawk,Accipiter striatus,1,Parc du Petit-Bois,CA-QC,20 Jul 2019,L2965785,S58329514,,1
813,22099,species,Boreal Chickadee,Poecile hudsonicus,1,PN Forillon--Penouille,CA-QC,19 Jul 2019,L956494,S58303393,,1
814,11762,species,Pileated Woodpecker,Dryocopus pileatus,1,PN Forillon--Penouille,CA-QC,19 Jul 2019,L956494,S58303393,,1
815,342,species,Canada Goose,Branta canadensis,10,PN Forillon--Penouille,CA-QC,19 Jul 2019,L956494,S58303393,,1
816,34138,species,Blackpoll Warbler,Setophaga striata,1,PN Forillon--L'Anse-aux-Amérindiens,CA-QC,18 Jul 2019,L2343545,S58303318,,1
817,32221,species,Pine Grosbeak,Pinicola enucleator,2,PN Forillon--L'Anse-aux-Amérindiens,CA-QC,18 Jul 2019,L2343545,S58303318,,1
818,6154,species,Greater Yellowlegs,Tringa melanoleuca,1,PN Forillon--L'Anse-aux-Amérindiens,CA-QC,18 Jul 2019,L2343545,S58303318,,1
819,737,species,Black Scoter,Melanitta americana,20,"Halte municipale, Barachois",CA-QC,17 Jul 2019,L6057131,S58269502,,1
820,11126,species,Yellow-bellied Sapsucker,Sphyrapicus varius,4,La rivière emerode,CA-QC,17 Jul 2019,L9660000,S58269460,,1
821,33953,species,Northern Waterthrush,Parkesia noveboracensis,1,PN Forillon--Penouille,CA-QC,17 Jul 2019,L956494,S58269555,,1
822,1283,species,Ruffed Grouse,Bonasa umbellus,3,PN Forillon--Penouille,CA-QC,17 Jul 2019,L956494,S58269555,,1
823,32542,species,White-winged Crossbill,Loxia leucoptera,3,PN de l'Île-Bonaventure-et-du-Rocher-Percé,CA-QC,16 Jul 2019,L295795,S58269388,,1
824,28324,species,Swainson's Thrush,Catharus ustulatus,1,PN de l'Île-Bonaventure-et-du-Rocher-Percé,CA-QC,16 Jul 2019,L295795,S58269388,,1
825,26848,species,Golden-crowned Kinglet,Regulus satrapa,2,PN de l'Île-Bonaventure-et-du-Rocher-Percé,CA-QC,16 Jul 2019,L295795,S58269388,,1
826,34006,species,Mourning Warbler,Geothlypis philadelphia,1,"Station d'épuration, Bonaventure",CA-QC,15 Jul 2019,L9143571,S58213286,,1
827,10306,species,Belted Kingfisher,Megaceryle alcyon,2,"Station d'épuration, Bonaventure",CA-QC,15 Jul 2019,L9143571,S58213286,,1
828,8479,species,Broad-winged Hawk,Buteo platypterus,1,"Station d'épuration, Bonaventure",CA-QC,15 Jul 2019,L9143571,S58213286,,1
829,5834,species,Semipalmated Plover,Charadrius semipalmatus,1,"Station d'épuration, Bonaventure",CA-QC,15 Jul 2019,L9143571,S58213286,,1
830,5827,species,Killdeer,Charadrius vociferus,15,"Station d'épuration, Bonaventure",CA-QC,15 Jul 2019,L9143571,S58213286,,1
831,34159,species,Yellow-rumped Warbler,Setophaga coronata,2,Cime Aventures,CA-QC,14 Jul 2019,L9644046,S58191752,,1
832,34083,species,Bay-breasted Warbler,Setophaga castanea,1,Cime Aventures,CA-QC,14 Jul 2019,L9644046,S58191752,,1
833,34060,species,Cape May Warbler,Setophaga tigrina,3,Cime Aventures,CA-QC,14 Jul 2019,L9644046,S58191752,,1
834,33124,species,Dark-eyed Junco,Junco hyemalis,1,Cime Aventures,CA-QC,14 Jul 2019,L9644046,S58191752,,1
835,26937,species,Red-breasted Nuthatch,Sitta canadensis,1,Cime Aventures,CA-QC,14 Jul 2019,L9644046,S58191752,,1
836,34344,species,Canada Warbler,Cardellina canadensis,2,Pont de Madison,CA-QC,14 Jul 2019,L9644091,S58191874,,1
837,28313,species,Veery,Catharus fuscescens,1,Pont de Madison,CA-QC,14 Jul 2019,L9644091,S58191874,,1
838,26844,species,Ruby-crowned Kinglet,Corthylio calendula,1,Pont de Madison,CA-QC,14 Jul 2019,L9644091,S58191874,,1
839,19244,species,Philadelphia Vireo,Vireo philadelphicus,2,Pont de Madison,CA-QC,14 Jul 2019,L9644091,S58191874,,1
840,6011,species,Hudsonian Whimbrel,Numenius hudsonicus,8,Halte Flavie-Drapeau,CA-QC,14 Jul 2019,L4966692,S58191966,,1
841,34084,species,Blackburnian Warbler,Setophaga fusca,1,PN du Bic (utilisez un site plus précis),CA-QC,13 Jul 2019,L327992,S58164435,,1
842,34079,species,Magnolia Warbler,Setophaga magnolia,4,PN du Bic (utilisez un site plus précis),CA-QC,13 Jul 2019,L327992,S58164435,,1
843,34063,species,Northern Parula,Setophaga americana,3,PN du Bic (utilisez un site plus précis),CA-QC,13 Jul 2019,L327992,S58164435,,1
844,33946,species,Ovenbird,Seiurus aurocapilla,1,PN du Bic (utilisez un site plus précis),CA-QC,13 Jul 2019,L327992,S58164435,,1
845,33201,species,White-throated Sparrow,Zonotrichia albicollis,3,PN du Bic (utilisez un site plus précis),CA-QC,13 Jul 2019,L327992,S58164435,,1
846,19226,species,Blue-headed Vireo,Vireo solitarius,1,PN du Bic (utilisez un site plus précis),CA-QC,13 Jul 2019,L327992,S58164435,,1
847,16963,species,Least Flycatcher,Empidonax minimus,1,PN du Bic (utilisez un site plus précis),CA-QC,13 Jul 2019,L327992,S58164435,,1
848,11427,species,Hairy Woodpecker,Leuconotopicus villosus,1,PN du Bic (utilisez un site plus précis),CA-QC,13 Jul 2019,L327992,S58164435,,1
849,6539,species,American Herring Gull,Larus smithsonianus,100,PN du Bic (utilisez un site plus précis),CA-QC,13 Jul 2019,L327992,S58164435,,1
850,33315,species,Swamp Sparrow,Melospiza georgiana,1,Port de Gros-Cacouna,CA-QC,13 Jul 2019,L3026681,S58164588,,1
851,12028,species,American Kestrel,Falco sparverius,1,Port de Gros-Cacouna,CA-QC,13 Jul 2019,L3026681,S58164588,,1
852,6226,species,Least Sandpiper,Calidris minutilla,2,Port de Gros-Cacouna,CA-QC,13 Jul 2019,L3026681,S58164588,,1
853,571,species,American Black Duck,Anas rubripes,1,Port de Gros-Cacouna,CA-QC,13 Jul 2019,L3026681,S58164588,,1
854,267,species,Snow Goose,Anser caerulescens,4,Port de Gros-Cacouna,CA-QC,13 Jul 2019,L3026681,S58164588,,1
855,34218,species,Black-throated Green Warbler,Setophaga virens,1,Parc des Chutes (cté Rivière-du-Loup),CA-QC,13 Jul 2019,L2218623,S58164659,,1
856,34141,species,Black-throated Blue Warbler,Setophaga caerulescens,2,Parc des Chutes (cté Rivière-du-Loup),CA-QC,13 Jul 2019,L2218623,S58164659,,1
857,4802,species,Ruby-throated Hummingbird,Archilochus colubris,1,Parc des Chutes (cté Rivière-du-Loup),CA-QC,13 Jul 2019,L2218623,S58164690,,1
858,34028,species,Common Yellowthroat,Geothlypis trichas,4,RNF du Cap-Tourmente--secteur de la Petite-Ferme,CA-QC,12 Jul 2019,L1440758,S58129600,,1
859,33564,species,Bobolink,Dolichonyx oryzivorus,5,RNF du Cap-Tourmente--secteur de la Petite-Ferme,CA-QC,12 Jul 2019,L1440758,S58129600,,1
860,33244,species,Savannah Sparrow,Passerculus sandwichensis,3,RNF du Cap-Tourmente--secteur de la Petite-Ferme,CA-QC,12 Jul 2019,L1440758,S58129600,,1
861,28126,species,Eastern Bluebird,Sialia sialis,2,RNF du Cap-Tourmente--secteur de la Petite-Ferme,CA-QC,12 Jul 2019,L1440758,S58129600,,1
862,24281,species,Cliff Swallow,Petrochelidon pyrrhonota,70,RNF du Cap-Tourmente--secteur de la Petite-Ferme,CA-QC,12 Jul 2019,L1440758,S58129600,,1
863,24064,species,Tree Swallow,Tachycineta bicolor,10,RNF du Cap-Tourmente--secteur de la Petite-Ferme,CA-QC,12 Jul 2019,L1440758,S58129600,,1
864,21294,species,Blue Jay,Cyanocitta cristata,1,RNF du Cap-Tourmente--secteur de la Petite-Ferme,CA-QC,12 Jul 2019,L1440758,S58129600,,1
865,17472,species,Eastern Kingbird,Tyrannus tyrannus,5,RNF du Cap-Tourmente--secteur de la Petite-Ferme,CA-QC,12 Jul 2019,L1440758,S58129600,,1
866,17007,species,Eastern Phoebe,Sayornis phoebe,1,RNF du Cap-Tourmente--secteur de la Petite-Ferme,CA-QC,12 Jul 2019,L1440758,S58129600,,1
867,11400,species,Downy Woodpecker,Dryobates pubescens,1,RNF du Cap-Tourmente--secteur de la Petite-Ferme,CA-QC,12 Jul 2019,L1440758,S58129600,,1
868,8324,species,Northern Harrier,Circus hudsonius,2,RNF du Cap-Tourmente--secteur de la Petite-Ferme,CA-QC,12 Jul 2019,L1440758,S58129600,,1
869,7560,species,American Bittern,Botaurus lentiginosus,1,RNF du Cap-Tourmente--secteur de la Petite-Ferme,CA-QC,12 Jul 2019,L1440758,S58129600,,1
870,754,species,Hooded Merganser,Lophodytes cucullatus,1,RNF du Cap-Tourmente--secteur de la Petite-Ferme,CA-QC,12 Jul 2019,L1440758,S58129600,,1
871,34515,species,Northern Cardinal,Cardinalis cardinalis,1,Plaines d'Abraham,CA-QC,12 Jul 2019,L663123,S58123068,,1
872,28000,species,Gray Catbird,Dumetella carolinensis,1,Plaines d'Abraham,CA-QC,12 Jul 2019,L663123,S58123068,,1
873,6145,species,Lesser Yellowlegs,Tringa flavipes,1,Parc de la Pointe-aux-Lièvres,CA-QC,12 Jul 2019,L3685788,S58129824,,1
874,7630,species,Tricolored Heron,Egretta tricolor,1,RNF du Cap-Tourmente--Marais des Graves,CA-QC,12 Jul 2019,L1912330,S58129780,,1
875,33962,species,Black-and-white Warbler,Mniotilta varia,1,RNF du Cap-Tourmente--secteur de la Petite-Ferme,CA-QC,12 Jul 2019,L1440758,S58129619,,1
876,34087,species,Northern Yellow Warbler,Setophaga aestiva,6,Ile St-Quentin,CA-QC,11 Jul 2019,L729855,S58114986,,1
877,34058,species,American Redstart,Setophaga ruticilla,3,Ile St-Quentin,CA-QC,11 Jul 2019,L729855,S58114986,,1
878,33277,species,Song Sparrow,Melospiza melodia,4,Ile St-Quentin,CA-QC,11 Jul 2019,L729855,S58114986,,1
879,32617,species,American Goldfinch,Spinus tristis,1,Ile St-Quentin,CA-QC,11 Jul 2019,L729855,S58114986,,1
880,29888,species,Cedar Waxwing,Bombycilla cedrorum,4,Ile St-Quentin,CA-QC,11 Jul 2019,L729855,S58114986,,1
881,26889,species,White-breasted Nuthatch,Sitta carolinensis,2,Ile St-Quentin,CA-QC,11 Jul 2019,L729855,S58114986,,1
882,24106,species,Northern Rough-winged Swallow,Stelgidopteryx serripennis,2,Ile St-Quentin,CA-QC,11 Jul 2019,L729855,S58114986,,1
883,22065,species,Black-capped Chickadee,Poecile atricapillus,4,Ile St-Quentin,CA-QC,11 Jul 2019,L729855,S58114986,,1
884,19267,species,Red-eyed Vireo,Vireo olivaceus,8,Ile St-Quentin,CA-QC,11 Jul 2019,L729855,S58114986,,1
885,11900,species,Northern Flicker,Colaptes auratus,3,Ile St-Quentin,CA-QC,11 Jul 2019,L729855,S58114986,,1
886,8367,species,Bald Eagle,Haliaeetus leucocephalus,1,Ile St-Quentin,CA-QC,11 Jul 2019,L729855,S58114986,,1
887,7815,species,Turkey Vulture,Cathartes aura,1,Ile St-Quentin,CA-QC,11 Jul 2019,L729855,S58114986,,1
888,7753,species,Great Blue Heron,Ardea herodias,1,Ile St-Quentin,CA-QC,11 Jul 2019,L729855,S58114986,,1
889,7424,species,Double-crested Cormorant,Nannopterum auritum,1,Ile St-Quentin,CA-QC,11 Jul 2019,L729855,S58114986,,1
890,6855,species,Pied-billed Grebe,Podilymbus podiceps,1,Ile St-Quentin,CA-QC,11 Jul 2019,L729855,S58114986,,1
891,455,species,Wood Duck,Aix sponsa,10,Ile St-Quentin,CA-QC,11 Jul 2019,L729855,S58114986,,1
892,33853,species,Common Grackle,Quiscalus quiscula,4,Parc Jarry,CA-QC,11 Jul 2019,L2972636,S58092880,,1
893,33779,species,Red-winged Blackbird,Agelaius phoeniceus,10,Parc Jarry,CA-QC,11 Jul 2019,L2972636,S58092880,,1
894,32990,species,Chipping Sparrow,Spizella passerina,3,Parc Jarry,CA-QC,11 Jul 2019,L2972636,S58092880,,1
895,28633,species,American Robin,Turdus migratorius,5,Parc Jarry,CA-QC,11 Jul 2019,L2972636,S58092880,,1
896,21557,species,American Crow,Corvus brachyrhynchos,3,Parc Jarry,CA-QC,11 Jul 2019,L2972636,S58092880,,1
897,3896,species,Chimney Swift,Chaetura pelagica,10,Parc Jarry,CA-QC,11 Jul 2019,L2972636,S58092880,,1
898,2412,species,Mourning Dove,Zenaida macroura,1,Parc Jarry,CA-QC,11 Jul 2019,L2972636,S58092880,,1
899,32310,species,House Finch,Haemorhous mexicanus,2,Parc Jarry,CA-QC,11 Jul 2019,L2972636,S58093112,N,1
900,11784,species,Black Woodpecker,Dryocopus martius,4,Chizé (ville),FR-NAQ,18 May 2019,L1165576,S56481206,,1
901,2966,species,Little Bustard,Tetrax tetrax,6,Chizé (ville),FR-NAQ,18 May 2019,L1165576,S56481206,,1
903,1895,species,Laurel Pigeon,Columba junoniae,1,Mirador de la Grimona,ES-CN,01 Mar 2019,L10230676,S53259075,,1
904,31972,species,Tenerife Blue Chaffinch,Fringilla teydea,1,PN Teide--El Portillo (Centro de Visitantes),ES-CN,26 Feb 2019,L8174261,S53165443,,1
905,1755,species,Barbary Partridge,Alectoris barbara,2,San juan,ES-CN,26 Feb 2019,L8702133,S53165508,N,1
906,31838,species,Berthelot's Pipit,Anthus berthelotii,2,PR Anaga--Pico del Inglés,ES-CN,25 Feb 2019,L1030621,S53127773,,1
907,1893,species,Bolle's Pigeon,Columba bollii,3,PR Anaga--Pico del Inglés,ES-CN,25 Feb 2019,L1030621,S53127773,,1
908,31960,species,Canary Islands Chaffinch,Fringilla canariensis,3,PR Anaga--Pico del Inglés,ES-CN,24 Feb 2019,L1030621,S53101743,,1
909,24850,species,Canary Islands Chiffchaff,Phylloscopus canariensis,7,Santa Cruz de Tenerife--Parque García Sanabria,ES-CN,24 Feb 2019,L4111853,S53101599,,1
910,22124,species,African Blue Tit,Cyanistes teneriffae,5,Santa Cruz de Tenerife--Parque García Sanabria,ES-CN,24 Feb 2019,L4111853,S53101599,,1
911,4098,species,Plain Swift,Apus unicolor,10,Santa Cruz de Tenerife--Parque García Sanabria,ES-CN,24 Feb 2019,L4111853,S53101599,,1
913,24831,species,Dusky Warbler,Phylloscopus fuscatus,1,Île d'Ouessant (Enez Eusa) (veuillez envisager d'utiliser un emplacement plus précis),FR-BRE,01 Nov 2018,L942565,S53572534,,1
914,379,species,Black Swan,Cygnus atratus,4,Ile de Ré--Grand Vasais,FR-NAQ,07 Aug 2018,L7496171,S117031658,N,1
915,31552,species,Spanish Sparrow,Passer hispaniolensis,30,Aznalcázar--Dehesa Boyal de Pilas,ES-AN,15 Jul 2018,L5120848,S47225753,,1
916,30858,species,Black-headed Weaver,Ploceus melanocephalus,1,Dehesa de las Hermosillas--Charcas sur,ES-AN,13 Jul 2018,L4788300,S47225759,N,1
917,5494,species,Red-knobbed Coot,Fulica cristata,20,Cañada de los Pájaros (Please do not report captive birds),ES-AN,12 Jul 2018,L5288665,S47525212,,1
918,5514,species,Allen's Gallinule,Porphyrio alleni,1,Fuente de Piedra--Centro de Visitantes,ES-AN,08 Jul 2018,L918625,S47599729,,1
919,29651,species,Rufous-tailed Rock-Thrush,Monticola saxatilis,1,Fuente de Piedra--Centro de Visitantes,ES-AN,08 Jul 2018,L918625,S47071123,,1
920,1853,species,Rock Pigeon,Columba livia,40,Fuente de Piedra--Centro de Visitantes,ES-AN,08 Jul 2018,L918625,S47071123,,1
921,21390,species,Iberian Magpie,Cyanopica cooki,1,Villamanrique de la Condesa--Laguna de San Lázaro,ES-AN,08 Jul 2018,L3642051,S47620629,,1
922,29854,species,Black Wheatear,Oenanthe leucura,2,Frigiliana--Río Higuerón,ES-AN,06 Jul 2018,L4805580,S47042747,,1
923,657,species,Marbled Duck,Marmaronetta angustirostris,1,Punta Entinas ParNat--Salinas Viejas,ES-AN,04 Jul 2018,L1121994,S47001894,,1
924,11992,species,Lesser Kestrel,Falco naumanni,1,Frigiliana--Río Higuerón,ES-AN,29 Jun 2018,L4805580,S46944379,,1
925,783,species,White-headed Duck,Oxyura leucocephala,6,Desembocadura del Guadalhorce--Área General,ES-AN,29 Jun 2018,L977607,S46942194,,1
926,32698,species,Black-headed Bunting,Emberiza melanocephala,1,Ile de Ré--le Chiron,FR-NAQ,25 May 2018,L7517353,S46394441,,1
927,517,species,American Wigeon,Mareca americana,1,RNN de la Baie de l'Aiguillon (RNN130)--La Prée Mizotière,FR-PDL,25 Feb 2018,L4923662,S117025088,,1
928,31480,species,Alpine Accentor,Prunella collaris,2,Lourdes (ville),FR-OCC,15 Feb 2018,L2977285,S46672540,,1
929,26880,species,Wallcreeper,Tichodroma muraria,1,Esnandes (ville),FR-NAQ,28 Dec 2017,L6191566,S117211862,,1
930,21112,species,Great Gray Shrike,Lanius excubitor,1,Bois Souchot,FR-NAQ,08 Dec 2017,L7524478,S117211868,,1
932,32733,species,Yellowhammer,Emberiza citrinella,1,Ile de Ré--Phare des Baleines,FR-NAQ,01 Nov 2017,L955747,S117030193,,1
933,6221,species,White-rumped Sandpiper,Calidris fuscicollis,1,Black Rock Strand,IE-M,26 Oct 2017,L9639778,S46889673,,1
935,6129,species,Solitary Sandpiper,Tringa solitaria,1,les Cloussies,FR-NAQ,06 Oct 2017,L20565743,S116996086,,1
936,7013,species,Wilson's Storm-Petrel,Oceanites oceanicus,2,Plateau continental/Rochebonne,FR-NAQ,16 Sep 2017,L7524489,S117139429,,1
937,1738,species,Common Quail,Coturnix coturnix,1,Lagoa do Caiado,PT-20,21 Jul 2017,L3902237,S46150805,,1
938,32574,species,Island Canary,Serinus canaria,10,Parque Terra Nostra,PT-20,18 Jul 2017,L4851995,S46150773,,1
939,32250,species,Azores Bullfinch,Pyrrhula murina,8,Parque Terra Nostra,PT-20,18 Jul 2017,L4851995,S46150773,,1
940,31958,species,Azores Chaffinch,Fringilla moreletti,20,Parque Terra Nostra,PT-20,18 Jul 2017,L4851995,S46150773,,1
941,25359,species,Eastern Subalpine Warbler,Curruca cantillans,1,Ile de Ré--Phare des Baleines,FR-NAQ,07 May 2017,L955747,S117036444,,1
943,677,species,Ferruginous Duck,Aythya nyroca,1,Station de Lagunage de Rochefort,FR-NAQ,22 Jan 2017,L1263956,S117211605,,1
944,367,species,Red-breasted Goose,Branta ruficollis,1,RNN de la Baie de l'Aiguillon (RNN130)--La Prée Mizotière,FR-PDL,21 Jan 2017,L4923662,S117025135,,1
945,7846,species,Black-winged Kite,Elanus caeruleus,1,RNN Michel Brosselin de Saint-Denis-du-Payré (RNN33),FR-PDL,30 Dec 2016,L930313,S117029943,,1
946,728,species,Surf Scoter,Melanitta perspicillata,1,Ile de Ré--Phare des Baleines,FR-NAQ,11 Dec 2016,L955747,S117036326,,1
947,6416,species,Dovekie,Alle alle,1,Ile de Ré--Phare des Baleines,FR-NAQ,11 Nov 2016,L955747,S117029987,,1
948,32664,species,Lapland Longspur,Calcarius lapponicus,2,Ouessant--Yusin,FR-BRE,27 Oct 2016,L3224605,S117280368,,1
949,25358,species,Western Subalpine Warbler,Curruca iberiae,1,Penn ar Prat (Ouessant),FR-BRE,27 Oct 2016,L20560499,S117139699,,1
950,29555,species,Red-breasted Flycatcher,Ficedula parva,1,Ouessant--Ar Reun,FR-BRE,24 Oct 2016,L6445743,S117139690,,1
951,32830,species,Little Bunting,Emberiza pusilla,1,Ouessant--Pointe de Cadoran (Kadoran),FR-BRE,24 Oct 2016,L3224588,S117139703,,1
952,25305,species,Lesser Whitethroat,Curruca curruca,1,Ouessant--Vallon d'Arland (Porz ar Lan),FR-BRE,24 Oct 2016,L5055590,S117139469,,1
953,24811,species,Pallas's Leaf Warbler,Phylloscopus proregulus,1,Ouessant--Poull Brac,FR-BRE,23 Oct 2016,L12250144,S117139878,,1
954,6718,species,Caspian Tern,Hydroprogne caspia,1,Ile de Ré--Le Casino,FR-NAQ,14 Aug 2016,L7492511,S117029657,,1
955,7207,species,Great Shearwater,Ardenna gravis,1,Ile de Ré--Phare des Baleines,FR-NAQ,08 Jul 2016,L955747,S117029993,,1
956,32147,species,Common Rosefinch,Carpodacus erythrinus,1,Ile de Ré--Le Casino,FR-NAQ,26 Jun 2016,L7492511,S117029627,,1
957,11266,species,Middle Spotted Woodpecker,Dendrocoptes medius,1,RNN du Val d'Allier (RNN119),FR-ARA,15 Jun 2016,L6371606,S53194508,,1
958,6780,species,Elegant Tern,Thalasseus elegans,1,Ile de Ré--Phare des Baleines,FR-NAQ,22 May 2016,L955747,S117036334,,1
959,22030,species,Marsh Tit,Poecile palustris,1,Ile de Ré--Phare des Baleines,FR-NAQ,15 May 2016,L955747,S117029972,,1
960,24864,species,Iberian Chiffchaff,Phylloscopus ibericus,1,Les Jincalins,FR-NAQ,05 May 2016,L7527010,S117280378,,1
961,32749,species,Ortolan Bunting,Emberiza hortulana,1,Ile de Ré--Prise de la Groie,FR-NAQ,22 Apr 2016,L21393833,S117029697,,1
962,3203,species,Great Spotted Cuckoo,Clamator glandarius,1,Ile de Ré--Marais Neufs,FR-NAQ,18 Apr 2016,L7517316,S117029821,,1
963,31641,species,White-winged Snowfinch,Montifringilla nivalis,60,Station de Peyragudes,FR-OCC,15 Mar 2016,L14142111,S209071145,,1
964,6869,species,Red-necked Grebe,Podiceps grisegena,1,la Redoute,FR-NAQ,19 Feb 2016,L7517289,S117211890,,1
965,6532,species,Caspian Gull,Larus cachinnans,1,Ile de Ré--Phare des Baleines,FR-NAQ,27 Dec 2015,L955747,S117029524,,1
966,31752,species,Richard's Pipit,Anthus richardi,1,Ile de Ré--Phare des Baleines,FR-NAQ,26 Oct 2015,L955747,S117029504,,1
967,32091,species,Hawfinch,Coccothraustes coccothraustes,1,Ile de Ré--Le Casino,FR-NAQ,18 Oct 2015,L7492511,S117029389,,1
968,29796,species,Isabelline Wheatear,Oenanthe isabellina,1,RNN de Moëze-Oléron (RNN77),FR-NAQ,03 Oct 2015,L2491682,S117211550,,1
971,29803,species,Western Black-eared Wheatear,Oenanthe hispanica,1,Bardenas Reales PNat--Area General (usar localidad más específica),ES-NC,15 Jul 2015,L3772708,S46339010,,1
972,22653,species,Thekla's Lark,Galerida theklae,1,Bardenas Reales PNat--Area General (usar localidad más específica),ES-NC,15 Jul 2015,L3772708,S46339010,,1
973,21111,species,Iberian Gray Shrike,Lanius meridionalis,2,Bardenas Reales PNat--Area General (usar localidad más específica),ES-NC,15 Jul 2015,L3772708,S46339010,,1
974,8072,species,Bonelli's Eagle,Aquila fasciata,1,Bardenas Reales PNat--Area General (usar localidad más específica),ES-NC,15 Jul 2015,L3772708,S46339010,,1
975,7947,species,Eurasian Griffon,Gyps fulvus,10,Bardenas Reales PNat--Area General (usar localidad más específica),ES-NC,15 Jul 2015,L3772708,S46339010,,1
976,7862,species,Egyptian Vulture,Neophron percnopterus,2,Bardenas Reales PNat--Area General (usar localidad más específica),ES-NC,15 Jul 2015,L3772708,S46339010,,1
977,32711,species,Rock Bunting,Emberiza cia,2,PN Litoral Norte--Estuário do Cávado--área geral,PT-03,15 Jul 2015,L2399391,S53194614,,1
978,7930,species,Cinereous Vulture,Aegypius monachus,1,PN Litoral Norte--Estuário do Cávado--área geral,PT-03,15 Jul 2015,L2399391,S53194614,,1
979,32463,species,Twite,Linaria flavirostris,1,Svolvær--uspesifisert,NO-18,12 Jul 2015,L3154535,S46476477,,1
980,32251,species,Eurasian Bullfinch,Pyrrhula pyrrhula,1,Svolvær--uspesifisert,NO-18,12 Jul 2015,L3154535,S46476477,,1
981,29885,species,Bohemian Waxwing,Bombycilla garrulus,2,Svolvær--uspesifisert,NO-18,12 Jul 2015,L3154535,S46476477,,1
982,22041,species,Willow Tit,Poecile montanus,1,Svolvær--uspesifisert,NO-18,12 Jul 2015,L3154535,S46476477,,1
983,21578,species,Hooded Crow,Corvus cornix,1,Svolvær--uspesifisert,NO-18,12 Jul 2015,L3154535,S46476477,,1
984,8528,species,Rough-legged Hawk,Buteo lagopus,2,Svolvær--uspesifisert,NO-18,12 Jul 2015,L3154535,S46476477,,1
985,8364,species,White-tailed Eagle,Haliaeetus albicilla,1,Svolvær--uspesifisert,NO-18,12 Jul 2015,L3154535,S46476477,,1
986,6358,species,Long-tailed Jaeger,Stercorarius longicaudus,1,Svolvær--uspesifisert,NO-18,12 Jul 2015,L3154535,S46476477,,1
987,1433,species,Black Grouse,Lyrurus tetrix,1,Svolvær--uspesifisert,NO-18,12 Jul 2015,L3154535,S46476477,,1
988,1354,species,Willow Ptarmigan,Lagopus lagopus,1,Svolvær--uspesifisert,NO-18,12 Jul 2015,L3154535,S46476477,,1
989,23675,species,Marsh Warbler,Acrocephalus palustris,1,Ile de Ré--Roselière des Platières,FR-NAQ,01 Jul 2015,L7517403,S117032998,,1
990,6521,species,Ring-billed Gull,Larus delawarensis,1,la Repentie,FR-NAQ,18 Feb 2015,L7526927,S117151437,,1
991,7046,species,European Storm-Petrel,Hydrobates pelagicus,30,Phare d'Antioche,FR-NAQ,13 Sep 2014,L7526952,S117392509,,1
992,31632,species,Rock Sparrow,Petronia petronia,1,Delta de l'Ebre PNat--Area general,ES-CT,17 Jul 2014,L1122057,S46133757,,1
993,29652,species,Blue Rock-Thrush,Monticola solitarius,1,Delta de l'Ebre PNat--Area general,ES-CT,17 Jul 2014,L1122057,S46133757,,1
994,25369,species,Spectacled Warbler,Curruca conspicillata,1,Delta de l'Ebre PNat--Area general,ES-CT,17 Jul 2014,L1122057,S46133757,,1
995,25331,species,Western Orphean Warbler,Curruca hortensis,1,Delta de l'Ebre PNat--Area general,ES-CT,17 Jul 2014,L1122057,S46133757,,1
996,24230,species,European Red-rumped Swallow,Cecropis rufula,1,Delta de l'Ebre PNat--Area general,ES-CT,17 Jul 2014,L1122057,S46133757,,1
997,23708,species,Great Reed Warbler,Acrocephalus arundinaceus,1,Delta de l'Ebre PNat--Area general,ES-CT,17 Jul 2014,L1122057,S46133757,,1
998,23639,species,Western Olivaceous Warbler,Iduna opaca,1,Delta de l'Ebre PNat--Area general,ES-CT,17 Jul 2014,L1122057,S46133757,,1
999,22796,species,Calandra Lark,Melanocorypha calandra,1,Delta de l'Ebre PNat--Area general,ES-CT,17 Jul 2014,L1122057,S46133757,,1
1000,22767,species,Greater Short-toed Lark,Calandrella brachydactyla,1,Delta de l'Ebre PNat--Area general,ES-CT,17 Jul 2014,L1122057,S46133757,,1
1001,21996,species,Crested Tit,Lophophanes cristatus,1,Delta de l'Ebre PNat--Area general,ES-CT,17 Jul 2014,L1122057,S46133757,,1
1002,21498,species,Red-billed Chough,Pyrrhocorax pyrrhocorax,1,Delta de l'Ebre PNat--Area general,ES-CT,17 Jul 2014,L1122057,S46133757,,1
1003,19629,species,Eurasian Golden Oriole,Oriolus oriolus,1,Delta de l'Ebre PNat--Area general,ES-CT,17 Jul 2014,L1122057,S46133757,,1
1004,12819,species,Monk Parakeet,Myiopsitta monachus,1,Delta de l'Ebre PNat--Area general,ES-CT,17 Jul 2014,L1122057,S46133757,N,1
1005,7993,species,Short-toed Snake-Eagle,Circaetus gallicus,1,Delta de l'Ebre PNat--Area general,ES-CT,17 Jul 2014,L1122057,S46133757,,1
1006,7714,species,Squacco Heron,Ardeola ralloides,1,Delta de l'Ebre PNat--Area general,ES-CT,17 Jul 2014,L1122057,S46133757,,1
1007,7600,species,Black-crowned Night Heron,Nycticorax nycticorax,1,Delta de l'Ebre PNat--Area general,ES-CT,17 Jul 2014,L1122057,S46133757,,1
1008,7582,species,Little Bittern,Botaurus minutus,1,Delta de l'Ebre PNat--Area general,ES-CT,17 Jul 2014,L1122057,S46133757,,1
1009,6811,species,Greater Flamingo,Phoenicopterus roseus,1,Delta de l'Ebre PNat--Area general,ES-CT,17 Jul 2014,L1122057,S46133757,,1
1010,6728,species,White-winged Tern,Chlidonias leucopterus,1,Delta de l'Ebre PNat--Area general,ES-CT,17 Jul 2014,L1122057,S46133757,,1
1011,6710,species,Gull-billed Tern,Gelochelidon nilotica,1,Delta de l'Ebre PNat--Area general,ES-CT,17 Jul 2014,L1122057,S46133757,,1
1012,6461,species,Slender-billed Gull,Chroicocephalus genei,1,Delta de l'Ebre PNat--Area general,ES-CT,17 Jul 2014,L1122057,S46133757,,1
1013,6347,species,Collared Pratincole,Glareola pratincola,1,Delta de l'Ebre PNat--Area general,ES-CT,17 Jul 2014,L1122057,S46133757,,1
1014,5520,species,Western Swamphen,Porphyrio porphyrio,1,Delta de l'Ebre PNat--Area general,ES-CT,17 Jul 2014,L1122057,S46133757,,1
1015,3628,species,Red-necked Nightjar,Caprimulgus ruficollis,1,Delta de l'Ebre PNat--Area general,ES-CT,17 Jul 2014,L1122057,S46133757,,1
1016,660,species,Red-crested Pochard,Netta rufina,1,Delta de l'Ebre PNat--Area general,ES-CT,17 Jul 2014,L1122057,S46133757,,1
1017,8612,species,Western Barn Owl,Tyto alba,1,Parc Charruyer (La Rochelle),FR-NAQ,23 May 2014,L6436825,S117033976,,1
1018,5848,species,Little Ringed Plover,Thinornis dubius,1,Bassin LPO (B),FR-NAQ,15 Mar 2014,L20565854,S117025376,,1
1019,670,species,Common Pochard,Aythya ferina,1,Station de Lagunage de Rochefort,FR-NAQ,18 Jan 2014,L1263956,S117211365,,1
1020,8909,species,Snowy Owl,Bubo scandiacus,1,Ile de Ré--La Percotte,FR-NAQ,17 Jan 2014,L3199214,S117391656,,1
1021,12350,species,Rose-ringed Parakeet,Psittacula krameri,1,La Rochelle (ville),FR-NAQ,08 Jan 2014,L7493367,S117034881,N,1
1022,11673,species,Eurasian Green Woodpecker,Picus viridis,1,Parc Charruyer (La Rochelle),FR-NAQ,29 Sep 2013,L6436825,S117034162,,1
1023,11377,species,Lesser Spotted Woodpecker,Dryobates minor,1,Parc Charruyer (La Rochelle),FR-NAQ,29 Sep 2013,L6436825,S117034162,,1
1024,32498,species,Red Crossbill,Loxia curvirostra,1,Ile de Ré--Phare des Baleines,FR-NAQ,22 Sep 2013,L955747,S117279890,,1
1025,6120,species,Red Phalarope,Phalaropus fulicarius,1,Ile de Ré--Phare des Baleines,FR-NAQ,31 Aug 2013,L955747,S117028861,,1
1026,12057,species,Red-footed Falcon,Falco vespertinus,1,Ile de Ré--Phare des Baleines,FR-NAQ,30 Aug 2013,L955747,S117028867,,1
1027,23807,species,Common Grasshopper Warbler,Locustella naevia,1,Ile de Ré--Roselière de la Conche,FR-NAQ,28 Aug 2013,L7496309,S117032501,,1
1028,7213,species,Sooty Shearwater,Ardenna grisea,2,Ile de Ré--Phare des Baleines,FR-NAQ,26 Aug 2013,L955747,S117028872,,1
1029,23651,species,Icterine Warbler,Hippolais icterina,1,Ile de Ré--Phare des Baleines,FR-NAQ,19 Aug 2013,L955747,S117028857,,1
1030,23654,species,Aquatic Warbler,Acrocephalus paludicola,1,Ruisseau de la combe,FR-PDL,15 Aug 2013,L13526948,S80634184,,1
1031,21624,species,Common Raven,Corvus corax,1,Liste Islande,IS-3,14 Jul 2013,L7488809,S46149499,,1
1032,12113,species,Gyrfalcon,Falco rusticolus,1,Liste Islande,IS-3,14 Jul 2013,L7488809,S46149499,,1
1033,6419,species,Thick-billed Murre,Uria lomvia,1,Liste Islande,IS-3,14 Jul 2013,L7488809,S46149499,,1
1034,6396,species,Black Guillemot,Cepphus grylle,1,Liste Islande,IS-3,14 Jul 2013,L7488809,S46149499,,1
1035,6379,species,Atlantic Puffin,Fratercula arctica,1,Liste Islande,IS-3,14 Jul 2013,L7488809,S46149499,,1
1036,6121,species,Red-necked Phalarope,Phalaropus lobatus,1,Liste Islande,IS-3,14 Jul 2013,L7488809,S46149499,,1
1037,1373,species,Rock Ptarmigan,Lagopus muta,1,Liste Islande,IS-3,14 Jul 2013,L7488809,S46149499,,1
1038,762,species,Common Merganser,Mergus merganser,1,Liste Islande,IS-3,14 Jul 2013,L7488809,S46149499,,1
1039,727,species,Harlequin Duck,Histrionicus histrionicus,1,Liste Islande,IS-3,14 Jul 2013,L7488809,S46149499,,1
1040,715,species,Common Eider,Somateria mollissima,1,Liste Islande,IS-3,14 Jul 2013,L7488809,S46149499,,1
1041,694,species,Greater Scaup,Aythya marila,1,Liste Islande,IS-3,14 Jul 2013,L7488809,S46149499,,1
1042,6761,species,Roseate Tern,Sterna dougallii,1,Plage Sud,FR-NAQ,03 Jul 2013,L7517171,S117279803,,1
1043,7220,species,Manx Shearwater,Puffinus puffinus,19,Ile de Ré--Phare des Baleines,FR-NAQ,22 Jun 2013,L955747,S117028645,,1
1044,27829,species,Rosy Starling,Pastor roseus,1,la Bernardière,FR-NAQ,21 Jun 2013,L20565949,S116996360,,1
1045,7090,species,Northern Fulmar,Fulmarus glacialis,2,Ile de Ré--Phare des Baleines,FR-NAQ,28 Apr 2013,L955747,S117028636,,1
1046,24793,species,Western Bonelli's Warbler,Phylloscopus bonelli,1,Ile de Ré--Phare des Baleines,FR-NAQ,25 Apr 2013,L955747,S117028648,,1
1047,11003,species,Eurasian Wryneck,Jynx torquilla,1,Ile de Ré--Phare des Baleines,FR-NAQ,25 Apr 2013,L955747,S117028648,,1
1048,7905,species,European Honey-buzzard,Pernis apivorus,1,Ile de Ré--RNN de Lilleau des Niges (RNN45),FR-NAQ,24 Apr 2013,L919864,S117211162,,1
1049,457,species,Mandarin Duck,Aix galericulata,1,Ile de Ré--Le Casino,FR-NAQ,23 Apr 2013,L7492511,S117028573,N,1
1050,6566,species,Glaucous Gull,Larus hyperboreus,1,Ile de Ré--Phare des Baleines,FR-NAQ,25 Feb 2013,L955747,S117036156,,1
1051,6184,species,Temminck's Stint,Calidris temminckii,1,Ile de Ré--RNN de Lilleau des Niges (RNN45),FR-NAQ,24 Feb 2013,L919864,S117032359,,1
1052,31876,species,Rock Pipit,Anthus petrosus,2,Ile de Ré--RNN de Lilleau des Niges (RNN45),FR-NAQ,28 Dec 2012,L919864,S117197277,,1
1053,6063,species,Jack Snipe,Lymnocryptes minimus,1,Ile de Ré--le Batardeau (E),FR-NAQ,22 Dec 2012,L7517336,S117036127,,1
1054,287,species,Greater White-fronted Goose,Anser albifrons,8,Port du Pavé,FR-NAQ,12 Dec 2012,L20565981,S117025279,,1
1055,311,species,Pink-footed Goose,Anser brachyrhynchus,1,Prés de Moins,FR-NAQ,05 Dec 2012,L20565979,S117036120,,1
1056,32483,species,Redpoll,Acanthis flammea,1,Ile de Ré--Le Casino,FR-NAQ,04 Nov 2012,L7492511,S117036122,,1
1057,7724,species,Western Cattle-Egret,Ardea ibis,1,Ile de Ré--Le Casino,FR-NAQ,03 Nov 2012,L7492511,S117028390,,1
1058,32674,species,Snow Bunting,Plectrophenax nivalis,1,Ile de Ré--Phare des Baleines,FR-NAQ,02 Nov 2012,L955747,S117028534,,1
1059,8556,species,Long-legged Buzzard,Buteo rufinus,1,Ile de Ré--Forêt Domaniale du Lizay,FR-NAQ,01 Nov 2012,L926911,S117036126,,1
1060,32594,species,Eurasian Siskin,Spinus spinus,9,Ile de Ré--Le Casino,FR-NAQ,30 Oct 2012,L7492511,S117028383,,1
1061,31974,species,Brambling,Fringilla montifringilla,16,Ile de Ré--Le Casino,FR-NAQ,30 Oct 2012,L7492511,S117028383,,1
1062,24804,species,Yellow-browed Warbler,Phylloscopus inornatus,1,Ile de Ré--Roselière de la Conche,FR-NAQ,30 Oct 2012,L7496309,S117036124,,1
1063,22590,species,Wood Lark,Lullula arborea,1,Ile de Ré--le Godinant,FR-NAQ,07 Oct 2012,L7517375,S117034570,,1
1064,12062,species,Merlin,Falco columbarius,1,Ile de Ré--Le Casino,FR-NAQ,06 Oct 2012,L7492511,S117028396,,1
1065,6363,species,Pomarine Jaeger,Stercorarius pomarinus,2,Ile de Ré--Phare des Baleines,FR-NAQ,06 Oct 2012,L955747,S117028535,,1
1066,1880,species,Stock Dove,Columba oenas,1,Marais de Pampin (La Rochelle),FR-NAQ,30 Sep 2012,L7493401,S117197264,,1
1067,6455,species,Sabine's Gull,Xema sabini,1,Bassin des chalutiers,FR-NAQ,27 Sep 2012,L20565967,S116996396,,1
1068,12060,species,Eleonora's Falcon,Falco eleonorae,1,Ile de Ré--Pas du Chaume,FR-NAQ,22 Sep 2012,L7517372,S117028507,,1
1069,6725,species,Black Tern,Chlidonias niger,1,Ile de Ré--RNN de Lilleau des Niges (RNN45),FR-NAQ,31 Aug 2012,L919864,S117197275,,1
1070,6136,species,Marsh Sandpiper,Tringa stagnatilis,1,Ile de Ré--Bassin de lagunage de Ars-en-Ré,FR-NAQ,28 Aug 2012,L2308298,S117028351,,1
1071,7200,species,Cory's Shearwater,Calonectris borealis,43,Ile de Ré--Phare des Baleines,FR-NAQ,27 Aug 2012,L955747,S117028537,,1
1072,479,species,Garganey,Spatula querquedula,10,Ile de Ré--Marais Neufs,FR-NAQ,25 Aug 2012,L7517316,S117028473,,1
1073,23661,species,Sedge Warbler,Acrocephalus schoenobaenus,1,Ile de Ré--Roselière de la Conche,FR-NAQ,17 Aug 2012,L7496309,S117034527,,1
1074,5308,species,Water Rail,Rallus aquaticus,1,Ile de Ré--Roselière de la Conche,FR-NAQ,17 Aug 2012,L7496309,S117034527,,1
1075,6137,species,Wood Sandpiper,Tringa glareola,2,Ile de Ré--Le Casino,FR-NAQ,12 Aug 2012,L7492511,S117028365,,1
1077,3639,species,Eurasian Nightjar,Caprimulgus europaeus,1,Ile de Ré--Roselière de la Conche,FR-NAQ,08 Aug 2012,L7496309,S117025263,,1
1078,31549,species,Italian Sparrow,Passer italiae,1,Liste Corse,FR-COR,15 Jul 2012,L7534254,S46389325,,1
1079,27826,species,Spotless Starling,Sturnus unicolor,1,Liste Corse,FR-COR,15 Jul 2012,L7534254,S46389325,,1
1080,27650,species,White-throated Dipper,Cinclus cinclus,1,Liste Corse,FR-COR,15 Jul 2012,L7534254,S46389325,,1
1081,27010,species,Eurasian Treecreeper,Certhia familiaris,1,Liste Corse,FR-COR,15 Jul 2012,L7534254,S46389325,,1
1082,26938,species,Corsican Nuthatch,Sitta whiteheadi,1,Liste Corse,FR-COR,15 Jul 2012,L7534254,S46389325,,1
1083,26875,species,Common Firecrest,Regulus ignicapilla,1,Liste Corse,FR-COR,15 Jul 2012,L7534254,S46389325,,1
1084,25373,species,Dartford Warbler,Curruca undata,1,Liste Corse,FR-COR,15 Jul 2012,L7534254,S46389325,,1
1085,25351,species,Sardinian Warbler,Curruca melanocephala,1,Liste Corse,FR-COR,15 Jul 2012,L7534254,S46389325,,1
1086,24142,species,Eurasian Crag-Martin,Ptyonoprogne rupestris,1,Liste Corse,FR-COR,15 Jul 2012,L7534254,S46389325,,1
1087,21950,species,Coal Tit,Periparus ater,1,Liste Corse,FR-COR,15 Jul 2012,L7534254,S46389325,,1
1088,21161,species,Woodchat Shrike,Lanius senator,1,Liste Corse,FR-COR,15 Jul 2012,L7534254,S46389325,,1
1089,21045,species,Red-backed Shrike,Lanius collurio,1,Liste Corse,FR-COR,15 Jul 2012,L7534254,S46389325,,1
1090,10328,species,European Roller,Coracias garrulus,1,Liste Corse,FR-COR,15 Jul 2012,L7534254,S46389325,,1
1091,9829,species,European Bee-eater,Merops apiaster,1,Liste Corse,FR-COR,15 Jul 2012,L7534254,S46389325,,1
1092,8342,species,Red Kite,Milvus milvus,1,Liste Corse,FR-COR,15 Jul 2012,L7534254,S46389325,,1
1093,8283,species,Eurasian Goshawk,Astur gentilis,1,Liste Corse,FR-COR,15 Jul 2012,L7534254,S46389325,,1
1094,8064,species,Golden Eagle,Aquila chrysaetos,1,Liste Corse,FR-COR,15 Jul 2012,L7534254,S46389325,,1
1095,8047,species,Booted Eagle,Hieraaetus pennatus,1,Liste Corse,FR-COR,15 Jul 2012,L7534254,S46389325,,1
1096,7859,species,Bearded Vulture,Gypaetus barbatus,1,Liste Corse,FR-COR,15 Jul 2012,L7534254,S46389325,,1
1097,7418,species,European Shag,Gulosus aristotelis,1,Liste Corse,FR-COR,15 Jul 2012,L7534254,S46389325,,1
1098,7223,species,Yelkouan Shearwater,Puffinus yelkouan,1,Liste Corse,FR-COR,15 Jul 2012,L7534254,S46389325,,1
1099,6500,species,Audouin's Gull,Ichthyaetus audouinii,1,Liste Corse,FR-COR,15 Jul 2012,L7534254,S46389325,,1
1100,4102,species,Pallid Swift,Apus pallidus,1,Liste Corse,FR-COR,15 Jul 2012,L7534254,S46389325,,1
1101,4077,species,Alpine Swift,Tachymarptis melba,1,Liste Corse,FR-COR,15 Jul 2012,L7534254,S46389325,,1
1102,7201,species,Scopoli's Shearwater,Calonectris diomedea,1,Golfe d'Ajaccio,FR-COR,11 Jul 2012,L3183528,S47660764,,1
1103,31815,species,Tawny Pipit,Anthus campestris,2,L'Anguillette,FR-NAQ,29 Jun 2012,L7517220,S117027933,,1
1104,7467,species,Glossy Ibis,Plegadis falcinellus,4,Tour de la Lanterne,FR-NAQ,09 Jun 2012,L7517419,S117034806,,1
1105,9107,species,Little Owl,Athene noctua,1,Jardin des Dames de la Foi,FR-NAQ,26 May 2012,L7491594,S117196974,,1
1107,22838,species,Bearded Reedling,Panurus biarmicus,1,Ile de Ré--Roselière de la Conche,FR-NAQ,16 May 2012,L7496309,S117034677,,1
1108,5954,species,Kentish Plover,Anarhynchus alexandrinus,1,Prise de la Maison Neuve,FR-NAQ,07 May 2012,L7517215,S117278918,,1
1109,28429,species,Mistle Thrush,Turdus viscivorus,1,Ile de Ré--Forêt Domaniale du Lizay,FR-NAQ,02 May 2012,L926911,S117027923,,1
1110,6720,species,Whiskered Tern,Chlidonias hybrida,1,Ile de Ré--Station d'épuration de la Couarde,FR-NAQ,02 May 2012,L7526918,S117028025,,1
1111,25273,species,Garden Warbler,Sylvia borin,2,Ile de Ré--Le Casino,FR-NAQ,29 Apr 2012,L7492511,S117027860,,1
1112,29609,species,Common Redstart,Phoenicurus phoenicurus,1,Ile de Ré--Le Casino,FR-NAQ,27 Apr 2012,L7492511,S117027864,,1
1114,390,species,Whooper Swan,Cygnus cygnus,1,Ile de Ré--Bois de la Tricherie,FR-NAQ,22 Apr 2012,L7526977,S117151476,,1
1115,8747,species,Eurasian Scops-Owl,Otus scops,1,Ile de Ré--Le Casino,FR-NAQ,21 Apr 2012,L7492511,S117027879,,1
1116,22276,species,Eurasian Penduline-Tit,Remiz pendulinus,2,Ile de Ré--Les Grandes Prises (est),FR-NAQ,21 Apr 2012,L7496326,S117027882,,1
1117,8323,species,Hen Harrier,Circus cyaneus,1,la Vallée,FR-NAQ,15 Apr 2012,L20566019,S116996447,,1
1118,9199,species,Tawny Owl,Strix aluco,1,les Combes (W),FR-NAQ,15 Apr 2012,L7517192,S117279191,,1
1119,3442,species,Common Cuckoo,Cuculus canorus,1,les Combes (W),FR-NAQ,15 Apr 2012,L7517192,S117279191,,1
1120,9276,species,Short-eared Owl,Asio flammeus,1,Ile de Ré--le Godinant,FR-NAQ,09 Apr 2012,L7517375,S117034793,,1
1121,6928,species,Arctic Loon,Gavia arctica,1,Ile de Ré--Phare des Baleines,FR-NAQ,08 Apr 2012,L955747,S117028032,,1
1122,28598,species,Ring Ouzel,Turdus torquatus,2,le Pays Gagné (S),FR-NAQ,31 Mar 2012,L20566014,S117025243,,1
1123,24051,species,Bank Swallow,Riparia riparia,1,La Rochelle (ville),FR-NAQ,27 Mar 2012,L7493367,S117028260,,1
1124,322,species,Barnacle Goose,Branta leucopsis,4,Ile de Ré--Les Grandes Prises (ouest),FR-NAQ,26 Feb 2012,L7496327,S117151462,,1
1125,32702,species,Corn Bunting,Emberiza calandra,17,RNN de la Baie de l'Aiguillon (RNN146)--Digue des Mizottes,FR-NAQ,18 Feb 2012,L11192842,S117196964,,1
1126,31871,species,Water Pipit,Anthus spinoletta,3,RNN de la Baie de l'Aiguillon (RNN146)--Digue des Mizottes,FR-NAQ,18 Feb 2012,L11192842,S117196964,,1
1127,28593,species,Fieldfare,Turdus pilaris,1,La Rochelle--chenal,FR-NAQ,12 Feb 2012,L21410686,S117034681,,1
1128,729,species,Velvet Scoter,Melanitta fusca,1,La Rochelle--Vieux Port,FR-NAQ,10 Feb 2012,L20571158,S117034817,,1
1129,5751,species,Eurasian Thick-knee,Burhinus oedicnemus,1,Chambre de Commerce et d'Industrie,FR-NAQ,08 Feb 2012,L20560732,S117151451,,1
1130,12114,species,Peregrine Falcon,Falco peregrinus,1,Silos,FR-NAQ,08 Feb 2012,L7517411,S117196998,,1
1131,5812,species,European Golden-Plover,Pluvialis apricaria,80,La Rochelle (ville),FR-NAQ,05 Feb 2012,L7493367,S117279207,,1
1132,28497,species,Redwing,Turdus iliacus,2,La Rochelle--chenal,FR-NAQ,05 Feb 2012,L21410686,S117034680,,1
1133,6065,species,Eurasian Woodcock,Scolopax rusticola,1,Parc Charruyer (La Rochelle),FR-NAQ,05 Feb 2012,L6436825,S117034752,,1
1134,7729,species,Great Egret,Ardea alba,1,Saujon - centre-bourg,FR-NAQ,04 Feb 2012,L7517410,S117279199,,1
1135,6513,species,Common Gull,Larus canus,1,Saujon - centre-bourg,FR-NAQ,04 Feb 2012,L7517410,S117279199,,1
1136,7291,species,White Stork,Ciconia ciconia,2,La Rochelle (ville),FR-NAQ,03 Feb 2012,L7493367,S117028292,,1
1137,31603,species,Eurasian Tree Sparrow,Passer montanus,4,Parc Charruyer (La Rochelle),FR-NAQ,01 Feb 2012,L6436825,S117034759,,1
1138,21554,species,Rook,Corvus frugilegus,1,Ecole Réaumur,FR-NAQ,31 Jan 2012,L20572851,S117032133,,1
1139,275,species,Graylag Goose,Anser anser,3,Ecole Réaumur,FR-NAQ,31 Jan 2012,L20572851,S117032133,,1
1140,505,species,Gadwall,Mareca strepera,1,Ile de Ré--Bassin de lagunage de Ars-en-Ré,FR-NAQ,29 Jan 2012,L2308298,S117027828,,1
1141,11349,species,Great Spotted Woodpecker,Dendrocopos major,1,Ile de Ré--Roselière de la Conche,FR-NAQ,29 Jan 2012,L7496309,S117025235,,1
1142,1450,species,Gray Partridge,Perdix perdix,6,Ile de Ré--le Godinant,FR-NAQ,29 Jan 2012,L7517375,S117034794,,1
1143,612,species,Green-winged Teal,Anas crecca,50,Sarretière Dubouillon,FR-NAQ,29 Jan 2012,L20565995,S117025234,,1
1144,21339,species,Eurasian Jay,Garrulus glandarius,1,Parc Charruyer (La Rochelle),FR-NAQ,21 Jan 2012,L6436825,S117034751,,1
1145,6606,species,Iceland Gull,Larus glaucoides,1,Port de Pêche,FR-NAQ,21 Jan 2012,L20565990,S117025229,,1
1146,29673,species,European Stonechat,Saxicola rubicola,2,Ile de Ré--Station d'épuration de la Couarde,FR-NAQ,26 Dec 2011,L7526918,S117030387,,1
1147,6412,species,Razorbill,Alca torda,1,Ile de Ré--Phare des Baleines,FR-NAQ,25 Dec 2011,L955747,S117030376,,1
1148,743,species,Common Goldeneye,Bucephala clangula,1,Ile de Ré--Bassin de lagunage de Ars-en-Ré,FR-NAQ,24 Dec 2011,L2308298,S117030256,,1
1149,687,species,Tufted Duck,Aythya fuligula,1,Ile de Ré--Bassin de lagunage de Ars-en-Ré,FR-NAQ,21 Dec 2011,L2308298,S117030255,,1
1150,594,species,Northern Pintail,Anas acuta,1,Ile de Ré--Grand Vasais,FR-NAQ,21 Dec 2011,L7496171,S117030337,,1
1151,6424,species,Common Murre,Uria aalge,1,Ile de Ré--Digue de Saint-Clément-des-Baleines,FR-NAQ,19 Dec 2011,L972803,S117059134,,1
1152,6866,species,Horned Grebe,Podiceps auritus,2,Ile de Ré--Pas du Chaume,FR-NAQ,19 Dec 2011,L7517372,S117030374,,1
1153,7524,species,Eurasian Spoonbill,Platalea leucorodia,3,Ile de Ré--Fier d'Ars,FR-NAQ,18 Dec 2011,L7496177,S117030332,,1
1154,6933,species,Common Loon,Gavia immer,7,Ile de Ré--Fier d'Ars,FR-NAQ,18 Dec 2011,L7496177,S117030332,,1
1155,6927,species,Red-throated Loon,Gavia stellata,1,Ile de Ré--Fier d'Ars,FR-NAQ,18 Dec 2011,L7496177,S117030332,,1
1156,741,species,Long-tailed Duck,Clangula hyemalis,1,Ile de Ré--Fier d'Ars,FR-NAQ,18 Dec 2011,L7496177,S117030332,,1
1157,6876,species,Eared Grebe,Podiceps nigricollis,2,Ile de Ré--Pas de la Mardelle,FR-NAQ,17 Dec 2011,L7517371,S117030382,,1
1158,6207,species,Purple Sandpiper,Calidris maritima,4,Ile de Ré--Pas de la Mardelle,FR-NAQ,17 Dec 2011,L7517371,S117030371,,1
1159,6447,species,Little Gull,Hydrocoloeus minutus,2,Ile de Ré--Phare des Baleines,FR-NAQ,17 Dec 2011,L955747,S117030377,,1
1161,770,species,Red-breasted Merganser,Mergus serrator,1,Pas de l'Anguillette,FR-NAQ,17 Dec 2011,L7517369,S117030365,,1
1162,5718,species,Common Crane,Grus grus,27,La Rochelle (ville),FR-NAQ,08 Nov 2011,L7493367,S117030362,,1
1163,6733,species,Arctic Tern,Sterna paradisaea,1,Ile de Ré--Grand Vasais,FR-NAQ,27 Oct 2011,L7496171,S117030341,,1
1164,5815,species,American Golden-Plover,Pluvialis dominica,1,Ile de Ré--les Ains,FR-NAQ,27 Oct 2011,L7517238,S117059126,,1
1165,7832,species,Osprey,Pandion haliaetus,1,Ile de Ré--Le Casino,FR-NAQ,26 Oct 2011,L7492511,S117030298,,1
1166,29666,species,Whinchat,Saxicola rubetra,1,La Rochelle (ville),FR-NAQ,19 Oct 2011,L7493367,S117030361,,1
1167,31857,species,Tree Pipit,Anthus trivialis,2,Ile de Ré--Le Casino,FR-NAQ,16 Oct 2011,L7492511,S117030314,,1
1168,6126,species,Spotted Sandpiper,Actitis macularius,1,Ile de Ré--Etang de l'usine de broyage,FR-NAQ,15 Oct 2011,L21410781,S117081201,,1
1169,31678,species,Gray Wagtail,Motacilla cinerea,1,La Rochelle (ville),FR-NAQ,12 Oct 2011,L7493367,S117059131,,1
1170,26856,species,Goldcrest,Regulus regulus,3,La Rochelle (ville),FR-NAQ,12 Oct 2011,L7493367,S117059131,,1
1171,27044,species,Short-toed Treecreeper,Certhia brachydactyla,1,Parc Charruyer (La Rochelle),FR-NAQ,12 Oct 2011,L6436825,S117059132,,1
1172,6099,species,Common Snipe,Gallinago gallinago,1,Ile de Ré--Bassin de lagunage de Ars-en-Ré,FR-NAQ,09 Oct 2011,L2308298,S117030259,,1
1173,512,species,Eurasian Wigeon,Mareca penelope,1,Ile de Ré--Chenal des Villages,FR-NAQ,09 Oct 2011,L7497173,S117030336,,1
1174,314,species,Brant,Branta bernicla,1500,Ile de Ré--Chenal des Villages,FR-NAQ,09 Oct 2011,L7497173,S117030336,,1
1175,31853,species,Meadow Pipit,Anthus pratensis,35,RNN de la Baie de l'Aiguillon (RNN146)--Pointe Saint-Clément,FR-NAQ,02 Oct 2011,L20565855,S117081200,,1
1176,24853,species,Common Chiffchaff,Phylloscopus collybita,3,RNN de la Baie de l'Aiguillon (RNN146)--Pointe Saint-Clément,FR-NAQ,02 Oct 2011,L20565855,S117081200,,1
1177,22666,species,Crested Lark,Galerida cristata,2,RNN de la Baie de l'Aiguillon (RNN146)--Pointe Saint-Clément,FR-NAQ,02 Oct 2011,L20565855,S117081200,,1
1178,22615,species,Eurasian Skylark,Alauda arvensis,5,RNN de la Baie de l'Aiguillon (RNN146)--Pointe Saint-Clément,FR-NAQ,02 Oct 2011,L20565855,S117081200,,1
1179,6166,species,Red Knot,Calidris canutus,600,RNN de la Baie de l'Aiguillon (RNN146)--Pointe Saint-Clément,FR-NAQ,02 Oct 2011,L20565855,S117081200,,1
1180,28433,species,Song Thrush,Turdus philomelos,1,Ile de Ré--Le Casino,FR-NAQ,25 Sep 2011,L7492511,S117030302,,1
1181,6227,species,Pectoral Sandpiper,Calidris melanotos,1,Ile de Ré--Bassin de lagunage de Ars-en-Ré,FR-NAQ,17 Sep 2011,L2308298,S117030258,,1
1182,6219,species,Little Stint,Calidris minuta,3,Ile de Ré--Bassin de lagunage de Ars-en-Ré,FR-NAQ,17 Sep 2011,L2308298,S117030258,,1
1183,6026,species,Eurasian Curlew,Numenius arquata,1,Ile de Ré--Grand Vasais,FR-NAQ,17 Sep 2011,L7496171,S117030342,,1
1184,6152,species,Common Greenshank,Tringa nebularia,4,Ile de Ré--Le Batardeau (centre),FR-NAQ,17 Sep 2011,L7496217,S117059109,,1
1185,8326,species,Pallid Harrier,Circus macrourus,1,Ile de Ré--Maison du Fier,FR-NAQ,17 Sep 2011,L7484029,S117059105,,1
1186,6177,species,Ruff,Calidris pugnax,1,Ile de Ré--RNN de Lilleau des Niges (RNN45),FR-NAQ,17 Sep 2011,L919864,S117059125,,1
1187,28818,species,Spotted Flycatcher,Muscicapa striata,1,Ile de Ré--Le Casino,FR-NAQ,02 Sep 2011,L7492511,S117030316,,1
1188,21514,species,Eurasian Jackdaw,Coloeus monedula,1,Ile de Ré--Le Casino,FR-NAQ,30 Aug 2011,L7492511,S117030301,,1
1189,24998,species,Mountain Leaf Warbler,Phylloscopus trivirgatus,3,Ile de Ré--Le Casino,FR-NAQ,22 Aug 2011,L7492511,S117030274,,1
1190,31515,species,Dunnock,Prunella modularis,1,Ile de Ré--Le Casino,FR-NAQ,15 Aug 2011,L7492511,S117030273,,1
1191,29558,species,European Pied Flycatcher,Ficedula hypoleuca,1,Ile de Ré--Le Casino,FR-NAQ,15 Aug 2011,L7492511,S117030273,,1
1192,25364,species,Greater Whitethroat,Curruca communis,3,Ile de Ré--Le Casino,FR-NAQ,14 Aug 2011,L7492511,S117030271,,1
1193,1761,species,Red-legged Partridge,Alectoris rufa,2,Ile de Ré--Le Casino,FR-NAQ,14 Aug 2011,L7492511,S117030271,,1
1194,23676,species,Common Reed Warbler,Acrocephalus scirpaceus,3,Ile de Ré--Roselière du Gillieux,FR-NAQ,14 Aug 2011,L7517404,S117030384,,1
1195,6682,species,Little Tern,Sternula albifrons,4,Ile de Ré--Grand Vasais,FR-NAQ,13 Aug 2011,L7496171,S117030338,,1
1196,27258,species,Eurasian Wren,Troglodytes troglodytes,1,Ile de Ré--Le Casino,FR-NAQ,13 Aug 2011,L7492511,S117030293,,1
1197,25107,species,Cetti's Warbler,Cettia cetti,1,Ile de Ré--Le Casino,FR-NAQ,13 Aug 2011,L7492511,S117030293,,1
1199,7224,species,Balearic Shearwater,Puffinus mauretanicus,1,Ile de Ré--Phare des Baleines,FR-NAQ,13 Aug 2011,L955747,S117030396,,1
1200,6449,species,Black-legged Kittiwake,Rissa tridactyla,1,Ile de Ré--Phare des Baleines,FR-NAQ,13 Aug 2011,L955747,S117030396,,1
1201,5786,species,Eurasian Oystercatcher,Haematopus ostralegus,23,Ile de Ré--Phare des Baleines,FR-NAQ,13 Aug 2011,L955747,S117030396,,1
1202,5811,species,Black-bellied Plover,Pluvialis squatarola,1,Ile de Ré--RNN de Lilleau des Niges (RNN45),FR-NAQ,13 Aug 2011,L919864,S117059137,,1
1203,6182,species,Curlew Sandpiper,Calidris ferruginea,1,Ile de Ré--RNN de Lilleau des Niges (RNN45),FR-NAQ,12 Aug 2011,L919864,S117059138,,1
1204,6150,species,Spotted Redshank,Tringa erythropus,1,Ile de Ré--RNN de Lilleau des Niges (RNN45),FR-NAQ,11 Aug 2011,L919864,S117059141,,1
1205,24843,species,Willow Warbler,Phylloscopus trochilus,10,Ile de Ré--Le Casino,FR-NAQ,10 Aug 2011,L7492511,S117030303,,1
1206,5831,species,Common Ringed Plover,Charadrius hiaticula,20,Ile de Ré--Marais de la Groie,FR-NAQ,07 Aug 2011,L20591783,S117059129,,1
1207,6192,species,Dunlin,Calidris alpina,10,Ile de Ré--RNN de Lilleau des Niges (RNN45),FR-NAQ,07 Aug 2011,L919864,S117059143,,1
1208,6033,species,Bar-tailed Godwit,Limosa lapponica,3,Ile de Ré--RNN de Lilleau des Niges (RNN45),FR-NAQ,07 Aug 2011,L919864,S117059143,,1
1209,29617,species,Black Redstart,Phoenicurus ochruros,1,Ile de Ré--Phare des Baleines,FR-NAQ,06 Aug 2011,L955747,S117030391,,1
1210,12073,species,Eurasian Hobby,Falco subbuteo,2,Ile de Ré--Phare des Baleines,FR-NAQ,06 Aug 2011,L955747,S117030391,,1
1211,7333,species,Northern Gannet,Morus bassanus,37,Ile de Ré--Phare des Baleines,FR-NAQ,06 Aug 2011,L955747,S117030391,,1
1212,6366,species,Great Skua,Stercorarius skua,2,Ile de Ré--Phare des Baleines,FR-NAQ,06 Aug 2011,L955747,S117030391,,1
1213,6361,species,Parasitic Jaeger,Stercorarius parasiticus,1,Ile de Ré--Phare des Baleines,FR-NAQ,06 Aug 2011,L955747,S117030391,,1
1214,736,species,Common Scoter,Melanitta nigra,46,Ile de Ré--Phare des Baleines,FR-NAQ,06 Aug 2011,L955747,S117030391,,1
1215,9912,species,Common Kingfisher,Alcedo atthis,1,Ile de Ré--Roselière du Gillieux,FR-NAQ,02 Aug 2011,L7517404,S117030385,,1
1216,23650,species,Melodious Warbler,Hippolais polyglotta,1,Ile de Ré--Le Casino,FR-NAQ,01 Aug 2011,L7492511,S117030317,,1
1217,22114,species,Eurasian Blue Tit,Cyanistes caeruleus,2,Ile de Ré--Le Casino,FR-NAQ,01 Aug 2011,L7492511,S117030317,,1
1218,32806,species,Reed Bunting,Emberiza schoeniclus,1,Ile de Ré--Bassin de lagunage de Ars-en-Ré,FR-NAQ,30 Jul 2011,L2308298,S117030257,,1
1219,31682,species,Western Yellow Wagtail,Motacilla flava,1,Ile de Ré--Bassin de lagunage de Ars-en-Ré,FR-NAQ,30 Jul 2011,L2308298,S117030257,,1
1220,8306,species,Western Marsh Harrier,Circus aeruginosus,1,Ile de Ré--Bassin de lagunage de Ars-en-Ré,FR-NAQ,30 Jul 2011,L2308298,S117030257,,1
1221,5462,species,Eurasian Moorhen,Gallinula chloropus,1,Ile de Ré--Bassin de lagunage de Ars-en-Ré,FR-NAQ,30 Jul 2011,L2308298,S117030257,,1
1222,29253,species,European Robin,Erithacus rubecula,2,NP Plitvice Lakes--General area around lakes,HR-09,17 Jul 2011,L2338015,S46257119,,1
1223,26966,species,Eurasian Nuthatch,Sitta europaea,1,NP Plitvice Lakes--General area around lakes,HR-09,17 Jul 2011,L2338015,S46257119,,1
1224,11332,species,White-backed Woodpecker,Dendrocopos leucotos,1,NP Plitvice Lakes--General area around lakes,HR-09,17 Jul 2011,L2338015,S46257119,,1
1225,7387,species,Pygmy Cormorant,Microcarbo pygmaeus,1,NP Plitvice Lakes--General area around lakes,HR-09,17 Jul 2011,L2338015,S46257119,,1
1226,31534,species,House Sparrow,Passer domesticus,1,Ile de Ré--Le Casino,FR-NAQ,04 Jul 2011,L7492511,S117030291,,1
1227,6501,species,Mediterranean Gull,Ichthyaetus melanocephalus,3,Ile de Ré--Le Casino,FR-NAQ,04 Jul 2011,L7492511,S117030291,,1
1228,6125,species,Common Sandpiper,Actitis hypoleucos,1,Ile de Ré--Bassin de lagunage de Ars-en-Ré,FR-NAQ,03 Jul 2011,L2308298,S117030254,,1
1229,32336,species,European Greenfinch,Chloris chloris,2,Ile de Ré--Le Casino,FR-NAQ,03 Jul 2011,L7492511,S117030262,,1
1230,25267,species,Eurasian Blackcap,Sylvia atricapilla,1,Ile de Ré--Le Casino,FR-NAQ,03 Jul 2011,L7492511,S117030262,,1
1231,23528,species,Zitting Cisticola,Cisticola juncidis,1,Ile de Ré--Bassin de lagunage de Ars-en-Ré,FR-NAQ,02 Jul 2011,L2308298,S117030253,,1
1232,6128,species,Green Sandpiper,Tringa ochropus,3,Ile de Ré--Bassin de lagunage de Ars-en-Ré,FR-NAQ,02 Jul 2011,L2308298,S117030253,,1
1233,32731,species,Cirl Bunting,Emberiza cirlus,1,Ile de Ré--Le Casino,FR-NAQ,02 Jul 2011,L7492511,S117030263,,1
1234,8345,species,Black Kite,Milvus migrans,3,Ile de Ré--Le Casino,FR-NAQ,02 Jul 2011,L7492511,S117030263,,1
1235,21575,species,Carrion Crow,Corvus corone,2,Ile de Ré--Station d'épuration de la Couarde,FR-NAQ,02 Jul 2011,L7526918,S117030386,,1
1236,8543,species,Common Buzzard,Buteo buteo,1,Ile de Ré--Station d'épuration de la Couarde,FR-NAQ,02 Jul 2011,L7526918,S117030386,,1
1237,2015,species,European Turtle-Dove,Streptopelia turtur,1,Ile de Ré--Le Casino,FR-NAQ,01 Jul 2011,L7492511,S117030261,,1
1238,32552,species,European Goldfinch,Carduelis carduelis,1,Ile de Ré--Le Casino,FR-NAQ,25 Jun 2011,L7492511,S117030260,,1
1239,31948,species,Common Chaffinch,Fringilla coelebs,2,Ile de Ré--Le Casino,FR-NAQ,25 Jun 2011,L7492511,S117030260,,1
1240,28500,species,Eurasian Blackbird,Turdus merula,1,Ile de Ré--Le Casino,FR-NAQ,25 Jun 2011,L7492511,S117030260,,1
1241,22175,species,Great Tit,Parus major,1,Ile de Ré--Le Casino,FR-NAQ,25 Jun 2011,L7492511,S117030260,,1
1242,21467,species,Eurasian Magpie,Pica pica,1,Ile de Ré--Le Casino,FR-NAQ,25 Jun 2011,L7492511,S117030260,,1
1243,11993,species,Eurasian Kestrel,Falco tinnunculus,1,Ile de Ré--Le Casino,FR-NAQ,25 Jun 2011,L7492511,S117030260,,1
1244,2031,species,Eurasian Collared-Dove,Streptopelia decaocto,1,Ile de Ré--Le Casino,FR-NAQ,25 Jun 2011,L7492511,S117030260,,1
1245,32472,species,Eurasian Linnet,Linaria cannabina,10,Ile de Ré--Station d'épuration (SE),FR-NAQ,25 Jun 2011,L20565839,S116995022,,1
1246,7745,species,Gray Heron,Ardea cinerea,1,Ile de Ré--Station d'épuration (SE),FR-NAQ,25 Jun 2011,L20565839,S116995022,,1
1247,6827,species,Little Grebe,Tachybaptus ruficollis,3,Ile de Ré--Station d'épuration (SE),FR-NAQ,25 Jun 2011,L20565839,S116995022,,1
1248,1885,species,Common Wood-Pigeon,Columba palumbus,1,Ile de Ré--Station d'épuration (SE),FR-NAQ,25 Jun 2011,L20565839,S116995022,,1
1249,1477,species,Ring-necked Pheasant,Phasianus colchicus,2,Ile de Ré--Station d'épuration (SE),FR-NAQ,25 Jun 2011,L20565839,S116995022,N,1
1250,545,species,Mallard,Anas platyrhynchos,1,Ile de Ré--Station d'épuration (SE),FR-NAQ,25 Jun 2011,L20565839,S116995022,,1
1251,501,species,Northern Shoveler,Spatula clypeata,1,Ile de Ré--Station d'épuration (SE),FR-NAQ,25 Jun 2011,L20565839,S116995022,,1
1252,6474,species,Black-headed Gull,Chroicocephalus ridibundus,1,Ile de Ré--Vasais de la Groie,FR-NAQ,25 Jun 2011,L5903969,S117059144,,1
1253,6161,species,Ruddy Turnstone,Arenaria interpres,5,Ile de Ré--Vasais de la Groie,FR-NAQ,25 Jun 2011,L5903969,S117059144,,1
1254,6042,species,Black-tailed Godwit,Limosa limosa,37,Ile de Ré--Vasais de la Groie,FR-NAQ,25 Jun 2011,L5903969,S117059144,,1
1255,27813,species,European Starling,Sturnus vulgaris,2,PP Vransko jezero--Boardwalk,HR-13,21 Jun 2011,L7301743,S46257121,,1
1256,21130,species,Lesser Gray Shrike,Lanius minor,1,PP Vransko jezero--Boardwalk,HR-13,21 Jun 2011,L7301743,S46257121,,1
1257,8329,species,Montagu's Harrier,Circus pygargus,1,PP Vransko jezero--Boardwalk,HR-13,21 Jun 2011,L7301743,S46257121,,1
1258,8245,species,Eurasian Sparrowhawk,Accipiter nisus,1,PP Vransko jezero--Boardwalk,HR-13,21 Jun 2011,L7301743,S46257121,,1
1259,7766,species,Purple Heron,Ardea purpurea,1,PP Vransko jezero--Boardwalk,HR-13,21 Jun 2011,L7301743,S46257121,,1
1260,6872,species,Great Crested Grebe,Podiceps cristatus,2,PP Vransko jezero--Boardwalk,HR-13,21 Jun 2011,L7301743,S46257121,,1
1261,29393,species,Common Nightingale,Luscinia megarhynchos,1,Charron - centre-bourg,FR-NAQ,28 May 2011,L20560797,S116995020,,1
1262,24214,species,Western House-Martin,Delichon urbicum,10,Charron - centre-bourg,FR-NAQ,28 May 2011,L20560797,S116995020,,1
1263,6576,species,Lesser Black-backed Gull,Larus fuscus,1,Pointe Saint-Clément,FR-NAQ,28 May 2011,L20560798,S116995021,,1
1264,6562,species,Great Black-backed Gull,Larus marinus,1,Pointe Saint-Clément,FR-NAQ,28 May 2011,L20560798,S116995021,,1
1265,6552,species,Yellow-legged Gull,Larus michahellis,1,Pointe Saint-Clément,FR-NAQ,28 May 2011,L20560798,S116995021,,1
1266,6545,species,European Herring Gull,Larus argentatus,1,Pointe Saint-Clément,FR-NAQ,28 May 2011,L20560798,S116995021,,1
1267,9253,species,Long-eared Owl,Asio otus,1,Ile de Ré--Maison du Fier,FR-NAQ,21 May 2011,L7484029,S117059107,,1
1268,6775,species,Sandwich Tern,Thalasseus sandvicensis,3,Ile de Ré--Maison du Fier,FR-NAQ,21 May 2011,L7484029,S117059107,,1
1269,7650,species,Little Egret,Egretta garzetta,15,Ile de Ré--Poizac,FR-NAQ,21 May 2011,L7517179,S117059117,,1
1270,6748,species,Common Tern,Sterna hirundo,2,Ile de Ré--Poizac,FR-NAQ,21 May 2011,L7517179,S117059117,,1
1271,6138,species,Common Redshank,Tringa totanus,5,Ile de Ré--Poizac,FR-NAQ,21 May 2011,L7517179,S117059117,,1
1272,426,species,Common Shelduck,Tadorna tadorna,3,Ile de Ré--Poizac,FR-NAQ,21 May 2011,L7517179,S117059117,,1
1273,29403,species,Bluethroat,Luscinia svecica,1,Ile de Ré--RNN de Lilleau des Niges (RNN45),FR-NAQ,21 May 2011,L919864,S117059136,,1
1274,9604,species,Common Hoopoe,Upupa epops,1,le Moulin de l'Abbé,FR-NAQ,20 May 2011,L20560795,S116995018,,1
1275,25209,species,Long-tailed Tit,Aegithalos caudatus,2,Ile de Ré--Karola (terrain militaire),FR-NAQ,22 Apr 2011,L7496188,S116995017,,1
1276,377,species,Mute Swan,Cygnus olor,7,Ile de Ré--Le Batardeau (centre),FR-NAQ,22 Apr 2011,L7496217,S117059108,,1
1277,31720,species,White Wagtail,Motacilla alba,2,Ile de Ré--Le Canot de Sauvetage,FR-NAQ,20 Apr 2011,L7496231,S117059111,,1
1278,29783,species,Northern Wheatear,Oenanthe oenanthe,1,Ile de Ré--Le Canot de Sauvetage,FR-NAQ,20 Apr 2011,L7496231,S117059111,,1
1279,6189,species,Sanderling,Calidris alba,60,Ile de Ré--Le Canot de Sauvetage,FR-NAQ,20 Apr 2011,L7496231,S117059111,,1
1280,6012,species,Eurasian Whimbrel,Numenius phaeopus,14,Ile de Ré--Le Canot de Sauvetage,FR-NAQ,20 Apr 2011,L7496231,S117059111,,1
1281,5763,species,Black-winged Stilt,Himantopus himantopus,25,Ile de Ré--Poizac,FR-NAQ,20 Apr 2011,L7517179,S117059118,,1
1282,5777,species,Pied Avocet,Recurvirostra avosetta,2,Ile de Ré--RNN de Lilleau des Niges (RNN45),FR-NAQ,20 Apr 2011,L919864,S117059135,,1
1283,5856,species,Northern Lapwing,Vanellus vanellus,2,Ile de Ré--Roselière des Platières,FR-NAQ,20 Apr 2011,L7517403,S117059133,,1
1284,5487,species,Eurasian Coot,Fulica atra,1,Ile de Ré--Roselière des Platières,FR-NAQ,20 Apr 2011,L7517403,S117059133,,1
1285,32572,species,European Serin,Serinus serinus,1,Ile de Ré--Roselière du Gillieux,FR-NAQ,20 Apr 2011,L7517404,S116975647,,1
1286,24187,species,Barn Swallow,Hirundo rustica,1,Ile de Ré--Roselière du Gillieux,FR-NAQ,20 Apr 2011,L7517404,S116975647,,1
1287,7397,species,Great Cormorant,Phalacrocorax carbo,1,Ile de Ré--Roselière du Gillieux,FR-NAQ,20 Apr 2011,L7517404,S116975647,,1
1288,4094,species,Common Swift,Apus apus,8,Ile de Ré--Roselière du Gillieux,FR-NAQ,20 Apr 2011,L7517404,S116975647,,1
528,31117,species,Chestnut Munia,Lonchura atricapilla,1,By Pass 2 Sector Churute,EC-G,08 Jul 2023,L4685701,S143942563,X,0
770,12168,species,Cockatiel,Nymphicus hollandicus,1,Ile de Ré--Le Casino,FR-NAQ,19 Jun 2021,L7492511,S117285201,X,0
912,2036,species,African Collared-Dove,Streptopelia roseogrisea,3,Santa Cruz de Tenerife--Parque García Sanabria,ES-CN,24 Feb 2019,L4111853,S53101599,X,0
970,31616,species,Sudan Golden Sparrow,Passer luteus,1,Ile de Ré--Phare des Baleines,FR-NAQ,25 Aug 2015,L955747,S117036268,X,0
769,6573,hybrid,European Herring x Glaucous Gull (hybrid),Larus argentatus x hyperboreus,1,"Hraunhóll, Mýrdalshreppur IS-Suðurland 63.41880, -19.01932",IS-8,11 Jul 2021,L15730532,S92119827,,0
772,6781,hybrid,Sandwich x Elegant Tern (hybrid),Thalasseus sandvicensis x elegans,1,Ile de Ré--Phare des Baleines,FR-NAQ,22 Apr 2021,L955747,S117030962,,0
798,21585,hybrid,Carrion x Hooded Crow (hybrid),Corvus corone x cornix,1,Gibb’s Island,GB-NIR,19 Oct 2019,L10050859,S60746731,,0
13,34397,spuh,new world warbler sp.,Parulidae sp.,1,"Quai, Baie-Comeau",CA-QC,31 May 2026,L4888194,S350920473,,0
14,738,slash,Surf/Black Scoter,Melanitta perspicillata/americana,15,Traversier Baie-Comeau–Matane (moitié nord),CA-QC,31 May 2026,L13271696,S350920564,,0
15,6756,slash,Common/Arctic Tern,Sterna hirundo/paradisaea,15,Traversier Matane–Baie-Comeau (moitié sud),CA-QC,31 May 2026,L1440006,S350920543,,0
16,6356,spuh,shorebird sp.,Charadriiformes sp. (shorebird sp.),1,Traversier Matane–Baie-Comeau (moitié sud),CA-QC,31 May 2026,L1440006,S350920543,,0
47,6937,spuh,loon sp.,Gavia sp.,1,Ile de Ré--Phare des Baleines,FR-NAQ,25 Dec 2025,L955747,S290097682,,0
48,6619,spuh,gull sp.,Larinae sp.,10,Ile de Ré--Phare des Baleines,FR-NAQ,27 Oct 2025,L955747,S281594350,,0
49,7085,spuh,storm-petrel sp.,Oceanitidae/Hydrobatidae sp.,1,Ile de Ré--Phare des Baleines,FR-NAQ,24 Oct 2025,L955747,S281594523,,0
50,6373,spuh,jaeger sp.,Stercorarius sp. (jaeger sp.),1,Ile de Ré--Phare des Baleines,FR-NAQ,22 Oct 2025,L955747,S280840293,,0
52,7262,spuh,shearwater sp.,Procellariidae sp. (shearwater sp.),1,Ile de Ré--Pas de la Mardelle,FR-NAQ,19 Oct 2025,L7517371,S280657846,,0
53,655,spuh,dabbling duck sp.,Anatidae sp. (dabbling duck sp.),1,Ile de Ré--Pas de la Mardelle,FR-NAQ,19 Oct 2025,L7517371,S280657846,,0
57,6235,spuh,peep sp.,Calidris sp. (peep sp.),1,Forêt domaniale de Sète,FR-OCC,10 May 2025,L23772070,S237227377,,0
58,4106,slash,Common/Pallid Swift,Apus apus/pallidus,23,Forêt domaniale de Sète,FR-OCC,10 May 2025,L23772070,S237227377,,0
60,12008,slash,Lesser/Eurasian Kestrel,Falco naumanni/tinnunculus,3,Plage des Aresquiers,FR-OCC,25 Apr 2025,L11193620,S229146344,,0
63,25362,slash,Western/Eastern Subalpine Warbler,Curruca iberiae/cantillans,1,Petite Camargue--Camping de l'Espiguette,FR-OCC,17 Apr 2025,L3223128,S226461133,,0
64,25363,slash,Moltoni's/Western/Eastern Subalpine Warbler,Curruca subalpina/iberiae/cantillans,1,Plage des Aresquiers,FR-OCC,03 Apr 2025,L11193620,S222665272,,0
65,24305,spuh,swallow sp.,Hirundinidae sp.,1,Plage des Aresquiers,FR-OCC,01 Apr 2025,L11193620,S222241533,,0
66,22706,slash,Thekla's/Crested Lark,Galerida theklae/cristata,1,Azib Lbrark--Oued Tichka | عزيب لبرارك على واد تيشكا,MA-11,01 Mar 2025,L14882617,S216103941,,0
98,25044,spuh,Phylloscopus sp.,Phylloscopus sp.,1,Ile de Ré--Marais Neufs,FR-NAQ,04 Nov 2024,L7517316,S214845813,,0
113,22836,spuh,lark sp.,Alaudidae sp.,1,Agulhas Plains (general area),ZA-WC,07 Aug 2024,L1070243,S190581663,,0
174,23771,spuh,Acrocephalus sp.,Acrocephalus sp.,1,St Lucia--iMfolozi River mouth,ZA-NL,01 Aug 2024,L4209873,S189802511,,0
199,19903,spuh,batis sp.,Batis sp.,1,Tembe Elephant Park,ZA-NL,30 Jul 2024,L1756570,S189504798,,0
208,20100,spuh,tchagra sp.,Tchagra sp.,1,Tembe Elephant Park,ZA-NL,29 Jul 2024,L1756570,S189446534,,0
262,7953,spuh,old world vulture sp.,Accipitridae sp. (old world vulture sp.),1,Marloth Park,ZA-MP,26 Jul 2024,L2634488,S188934555,,0
277,31440,spuh,firefinch sp.,Lagonosticta sp.,3,Kruger NP--Ntandanyathi Hide,ZA-MP,25 Jul 2024,L4047690,S188786975,,0
318,23612,spuh,cisticola sp.,Cisticola sp.,1,Kruger NP--S90 (S41 to S89),ZA-MP,24 Jul 2024,L6135514,S188592872,,0
392,30595,spuh,sunbird sp.,Nectariniidae sp. (sunbird sp.),10,Blyde River Canyon Resort,ZA-MP,23 Jul 2024,L950185,S188348478,,0
450,6678,slash,Sooty/Bridled Tern,Onychoprion fuscatus/anaethetus,1,Ile de Ré--Phare des Baleines,FR-NAQ,23 Jul 2023,L955747,S172366469,,0
461,3028,slash,Smooth-billed/Groove-billed Ani,Crotophaga ani/sulcirostris,1,Salinas,EC-SE,12 Jul 2023,L25888025,S144362513,,0
490,8424,slash,Common/Great Black Hawk,Buteogallus anthracinus/urubitinga,1,Puerto López--Vía hacia la comunidad El Pital,EC-M,11 Jul 2023,L9840819,S144275903,,0
503,7084,spuh,storm-petrel sp. (white-rumped),Oceanitidae/Hydrobatidae sp. (white-rumped),2,PN Machalilla--Pelágico hacia la Isla de la Plata,EC-M,10 Jul 2023,L860850,S144185973,,0
622,13216,spuh,parrot sp.,Psittaciformes sp. (parrot sp.),3,Séptimo Paraiso,EC-P,02 Jul 2023,L859792,S143429306,,0
647,15845,spuh,manakin sp.,Pipridae sp.,1,Séptimo Paraiso,EC-P,30 Jun 2023,L859792,S143295146,,0
707,32071,spuh,euphonia sp.,Euphonia sp.,1,"Ecoruta El Quinde, Quito EC-Province de Pichincha (0.0027,-78.6758)",EC-P,29 Jun 2023,L25622591,S143682042,,0
749,31927,spuh,pipit sp.,Anthus sp.,2,Salinas del Carmen,ES-CN,04 Feb 2023,L3189830,S127608959,,0
750,7659,slash,Little Egret/Western Reef-Heron,Egretta garzetta/gularis,1,Grau de Piémanson,FR-PAC,12 Aug 2022,L22363502,S127036995,,0
757,8332,slash,Pallid/Montagu's Harrier,Circus macrourus/pygargus,1,mare de la cassole,FR-OCC,26 Apr 2022,L20560985,S117081798,,0
758,25380,spuh,old world warbler sp.,Passeriformes sp. (Old World warbler sp.),1,Plage des Aresquiers,FR-OCC,25 Apr 2022,L11193620,S117081797,,0
767,751,slash,Common/Barrow's Goldeneye,Bucephala clangula/islandica,4,Mývatn--Álftavogur,IS-6,15 Jul 2021,L1156304,S91864849,,0
782,7208,slash,Cory's/Scopoli's/Great Shearwater,Calonectris borealis/diomedea/Ardenna gravis,6,Ile de Ré--Phare des Baleines,FR-NAQ,28 Aug 2020,L955747,S117031383,,0
799,6618,spuh,Larus sp.,Larus sp.,1,Ile de Ré--Phare des Baleines,FR-NAQ,29 Sep 2019,L955747,S117286791,,0
902,6432,spuh,large alcid sp.,Alca/Uria sp.,,"Ile de Ré (secteur général, merci d'utiliser de préférence des sites plus précis)",FR-NAQ,04 May 2019,L964125,S56123523,,0
931,21053,slash,Red-tailed/Isabelline Shrike,Lanius phoenicuroides/isabellinus,1,Chemin des Aisés,FR-PDL,12 Nov 2017,L4923740,S117036443,,0
934,28779,spuh,thrush sp.,Turdidae sp.,1,NW Coast,IE-C,22 Oct 2017,L7498222,S46202006,,0
942,6558,slash,European Herring/Yellow-legged Gull,Larus argentatus/michahellis,2,Ile de Ré--Phare des Baleines,FR-NAQ,29 Jan 2017,L955747,S117030174,,0
969,7202,slash,Cory's/Scopoli's Shearwater,Calonectris borealis/diomedea,7,Ile de Ré--Phare des Baleines,FR-NAQ,26 Aug 2015,L955747,S117029568,,0
1076,6803,spuh,tern sp.,Sterninae sp.,1,Ile de Ré--Phare des Baleines,FR-NAQ,09 Aug 2012,L955747,S117028540,,0
1106,12139,spuh,large falcon sp.,Falco sp. (large falcon sp.),1,Ile de Ré--Station d'épuration de Portes-en-Ré,FR-NAQ,23 May 2012,L926925,S117027814,,0
1113,6375,spuh,jaeger/skua sp.,Stercorarius sp.,1,Ile de Ré--Phare des Baleines,FR-NAQ,27 Apr 2012,L955747,S117028030,,0
1160,6444,spuh,alcid sp.,Alcidae sp.,1,Ile de Ré--Plage de la Conche,FR-NAQ,17 Dec 2011,L21410786,S117030351,,0
1198,7277,spuh,procellariid sp.,Procellariidae sp.,14,Ile de Ré--Phare des Baleines,FR-NAQ,13 Aug 2011,L955747,S117030396,,0
